# Created by Octave 6.4.0, Fri Jun 06 16:10:12 2025 -03 <feliperiffel@feliperiffel-Asus-X1504ZA>
# name: tBIE
# type: complex matrix
# rows: 3852
# columns: 1
 (-331.34405323693329,327.43737457655573)
 (235.69590353526178,-222.3029751091893)
 (98.698662694882529,-88.303207562437308)
 (67.507233076673941,-57.346279213152727)
 (54.231894518136144,-43.926057930483317)
 (47.316106807843681,-36.743669025453983)
 (43.486789564534149,-32.566651746705872)
 (41.497745355577621,-30.140537161515432)
 (40.8138315683454,-28.904775259765671)
 (41.220671698607596,-28.610237007741343)
 (42.68885268025177,-29.187024750384666)
 (45.326385564847065,-30.70599609321334)
 (-36.132679828119727,-1.499694996177622)
 (-37.110392336060116,10.058617858045679)
 (-44.047577018520428,20.512050703110571)
 (-59.637407452039483,34.457027383717403)
 (-96.466383222182927,61.553280289714024)
 (-238.27317269450106,159.20382281380537)
 (723.01041802359578,-492.92175063551485)
 (160.96235041457359,-110.62615113568941)
 (97.701733459463867,-67.385121773727008)
 (74.367814150257388,-51.463097466323234)
 (63.023706644520381,-43.867015605491034)
 (57.055601411062128,-40.115756321576654)
 (54.169401943361677,-38.697355062465974)
 (53.457586797533267,-39.096914622519705)
 (54.623746144604574,-41.31706311845889)
 (57.751885491595615,-45.83266639266175)
 (63.272124802971703,-53.852282043294302)
 (71.986698195575244,-68.15218007099287)
 (84.698856650299831,-95.510387375427968)
 (97.649115674352714,-153.34800963372911)
 (-140.20850866681948,-187.4088201628204)
 (-59.182645837610892,-55.185702711380962)
 (-41.088810437379941,-22.700265698254832)
 (-35.58088822557005,-8.4328492429902777)
 (-35.225161059673262,0.1808305247661437)
 (-38.384445258625476,6.9970077910382615)
 (-45.332622441410948,13.991320358897774)
 (-58.070924337341069,23.123499462238822)
 (-82.42857768297624,38.125785793569953)
 (-138.94438705002025,70.920042243331253)
 (-373.95088821423258,205.01315184286096)
 (780.35586790301886,-453.03544830507997)
 (218.29029724347342,-133.31193938320891)
 (139.30920013029487,-89.343072590435327)
 (110.46776220122271,-74.536318742614469)
 (98.064217865084174,-69.959576442637783)
 (94.212440684998683,-71.654641727877404)
 (97.039782723597369,-79.679752329069302)
 (107.94681839335918,-97.525189220161337)
 (134.07376773353204,-137.28714998071388)
 (209.3172228243123,-255.21803194935799)
 (1209.9123726063392,-1926.0938195557997)
 (-159.55117179055742,411.21624101180191)
 (-19.243251381963091,232.61636589922463)
 (72.657681345758007,234.48149660054929)
 (611.67208458416076,747.42736136939527)
 (-60.631251408845927,-119.64573063765388)
 (-61.973140933480948,-104.73599351378891)
 (-47.856359232248877,-63.478308399204174)
 (-37.641072169086875,-36.371622781075331)
 (-32.387458347950989,-21.025769958669486)
 (-30.291853769894725,-11.717070710479563)
 (-30.315543356998635,-5.3623835434385549)
 (-32.065473006748178,-0.37583925614034142)
 (-35.56598335768448,4.1869743449901069)
 (-41.204739946010065,9.063094806353611)
 (-49.843556392443396,15.065154866024699)
 (-63.16973930342526,23.408251779258084)
 (-84.589312758982942,36.343739464892629)
 (-121.68071816059417,58.81292960548889)
 (-194.27028153559908,103.89821412978561)
 (-370.48724505943386,217.45214221963789)
 (-1066.3677799615184,685.25545919761089)
 (11714.271915398624,-8261.3009481998633)
 (3129.7901396166553,-2439.5135409754621)
 (-3302.7991911612339,2881.4127256686461)
 (-526.9924584672508,525.1637817434198)
 (-212.57917720879655,249.98731904695711)
 (-107.518211221043,157.58678727580144)
 (-57.377677261636805,116.10560374899852)
 (-26.895760783401087,95.874402775513161)
 (-3.1104413277872709,87.803808836055509)
 (22.319373602238471,90.354386552508402)
 (62.96341174442027,110.03992220777232)
 (181.41116541000628,192.04543158951316)
 (-2456.8887576998904,-1794.9356424906025)
 (-7.9639574490535736,-20.555609404082286)
 (-12.584869039679351,-33.690821777631683)
 (-18.590193937918336,-43.610557767953402)
 (-23.037268753828783,-43.458942788786331)
 (-24.583228696281566,-35.599663832394)
 (-24.529236982000832,-26.369396744482479)
 (-24.232513659838524,-18.655089405063578)
 (-24.307186117809135,-12.720887092711063)
 (-24.965757667150893,-8.1001610885181403)
 (-26.296983231918972,-4.2900016596214616)
 (-28.379728390886001,-0.87822997665535185)
 (-31.322901659172366,2.4769067597669276)
 (-35.277839854027455,6.0897121712912643)
 (-40.434077814533339,10.284879547702074)
 (-46.988144986883853,15.420778370835976)
 (-55.053754155491887,21.879461399470131)
 (-64.459184348259768,29.97856207080261)
 (-74.390312166968329,39.733174297339261)
 (-83.002583742755121,50.44794226852747)
 (-87.53748755038464,60.412068245873911)
 (-85.61951240632915,67.365216981308535)
 (-77.099581892436802,69.900690721032788)
 (-64.27919768728249,68.451732730014967)
 (-50.111883878437162,64.711801516787276)
 (-36.553793892922229,60.422817115365881)
 (-24.254879920876498,56.7757690148484)
 (-12.959088118165777,54.469935459971531)
 (-1.8565801340622414,54.006352978311185)
 (10.388760462804104,56.016329175098633)
 (26.087899497676354,61.704232967621216)
 (50.036331893005276,73.814219625063373)
 (94.740679501503323,99.685955171421554)
 (204.68212692819023,164.95245885899939)
 (661.56641071891875,425.74779523599904)
 (-0.9240466500113147,-1.8761856547813593)
 (-0.9738305583033825,-7.0763872448863836)
 (-2.0120456589036833,-13.679324688187979)
 (-4.391478541036026,-20.59033379161697)
 (-7.9029125135471219,-25.551607952461548)
 (-11.602783379701499,-26.749240093137047)
 (-14.577015859718163,-24.537021522247876)
 (-16.617633019772725,-20.629068969278507)
 (-18.01190077749137,-16.434520737817358)
 (-19.120232385470892,-12.588001940659769)
 (-20.207466640621348,-9.2218261716276544)
 (-21.440366139072385,-6.2556028253336518)
 (-22.921594484190184,-3.5438359893321971)
 (-24.714738908736745,-0.93141024642480952)
 (-26.853847159858869,1.7301648572920809)
 (-29.338885722223193,4.5779601458592527)
 (-32.118261102533324,7.73083224704187)
 (-35.060111813846881,11.272919458715355)
 (-37.91955204606063,15.223410580886947)
 (-40.321397985447291,19.496373982171438)
 (-41.791866637664199,23.870076439296007)
 (-41.867754600363156,28.001561323137651)
 (-40.26272709069562,31.514312948894734)
 (-36.997461367635275,34.135486725468482)
 (-32.390880450571395,35.802248002787515)
 (-26.909500038782099,36.66949192587218)
 (-20.979232274162442,37.031609642780715)
 (-14.861138303121647,37.227019612689254)
 (-8.611715226558184,37.579233118638811)
 (-2.0889697743806721,38.384913859070906)
 (5.0413657637124523,39.933775366571062)
 (13.325833785610914,42.539490196037775)
 (23.566016193430347,46.552209236685641)
 (36.804689217681847,52.274986447628301)
 (53.917874661227991,59.552808700396547)
 (73.854273616962232,66.566915838432195)
 (89.860738134451722,68.169894137623928)
 (90.156606112266502,58.545217188941919)
 (1.5297790331982135,2.2927867961658821)
 (2.0984680672887719,-1.3237196405914347)
 (2.0988586202826962,-5.6705991983249682)
 (1.2578780641576861,-10.474881478544305)
 (-0.59102805695183847,-15.002459484416846)
 (-3.2961201231708461,-18.24595491208327)
 (-6.3622229050555941,-19.519057197067895)
 (-9.2391379642796938,-18.898060692057911)
 (-11.625717763734048,-17.014304729141475)
 (-13.505751332116631,-14.551550535335965)
 (-15.011430598140608,-11.965751911043267)
 (-16.30108562351273,-9.4718722212496118)
 (-17.504577063024342,-7.1274195781834822)
 (-18.711465026656604,-4.9085550673213394)
 (-19.973925682308341,-2.7565071955052929)
 (-21.310669416205332,-0.60201853504442482)
 (-22.707552460603637,1.6213807125470356)
 (-24.114880349839105,3.9678765421357438)
 (-25.443697659989585,6.4697395543569574)
 (-26.565316582096344,9.1266903713047771)
 (-27.319785920392025,11.896593698343731)
 (-27.53810412328281,14.692866331399477)
 (-27.077455767728392,17.394854671528616)
 (-25.859173440440664,19.873397055428413)
 (-23.891868505209974,22.025089123837212)
 (-21.265793056216516,23.801408160743883)
 (-18.119399424510586,25.220251413773596)
 (-14.59376496170008,26.357558749338956)
 (-10.793347152010741,27.326924278625508)
 (-6.7630087322452042,28.257850216173278)
 (-2.4811358641063563,29.278844162090198)
 (2.1353274657707111,30.504697815593843)
 (7.214287156956722,32.020991478843932)
 (12.889523027489048,33.852668376371874)
 (19.209824106912862,35.897003337515187)
 (25.948825069228498,37.804015970328123)
 (32.303856972970195,38.83898239815796)
 (36.694565699113568,37.92244023084131)
 (37.246145174174501,34.176530205522717)
 (33.175943700057701,27.809130434681602)
 (2.5577261512967686,8.1005542849998839)
 (3.4629035271237116,5.1471427269307402)
 (4.1195445634849426,1.9953414294068752)
 (4.3995072793450163,-1.4638367431402202)
 (4.1346479302504582,-5.1833941225392959)
 (3.1698630114959183,-8.9093382699069323)
 (1.4572484733799449,-12.192904259225669)
 (-0.86181154104660429,-14.540346755228637)
 (-3.4772144260648581,-15.651742509549969)
 (-6.0465904369146752,-15.559352453294016)
 (-8.3362054811895234,-14.552508484750451)
 (-10.264618978962567,-12.992039160105316)
 (-11.86086280277499,-11.171742296110242)
 (-13.202256569458136,-9.2749613456010991)
 (-14.370755403014629,-7.3900379220183741)
 (-15.432035800356939,-5.5421130176086795)
 (-16.428555739258162,-3.7207611674485306)
 (-17.378542265215856,-1.8991202880132994)
 (-18.276649259187568,-0.04638155082574591)
 (-19.094973246115117,1.8635840976452165)
 (-19.784853761361347,3.8455828385304414)
 (-20.28075009535716,5.8978592032396548)
 (-20.507547602050927,7.9989161292494444)
 (-20.391717505184289,10.107851400341524)
 (-19.874840794499736,12.169544291119617)
 (-18.925850661485065,14.124654139811328)
 (-17.547433332456986,15.922209429927696)
 (-15.773562988553655,17.530905652207977)
 (-13.658692460182777,18.9454294411799)
 (-11.262536004699731,20.186230451686679)
 (-8.6356018392442735,21.293730811251088)
 (-5.8094572676154943,22.319337399015662)
 (-2.7936808232443449,23.315228203893312)
 (0.41965023235640686,24.323287871889463)
 (3.8424216383170045,25.361715499641249)
 (7.4642781562329183,26.406643626059989)
 (11.208573008563427,27.367074243510316)
 (14.869648704388633,28.057768771110293)
 (18.051183615454185,28.190577320214764)
 (20.167258584709494,27.425387637905924)
 (20.593548178570451,25.513396465537447)
 (18.967138445209066,22.479475371348844)
 (15.42799163374492,18.683488150151675)
 (10.557469062754098,14.665579140626068)
 (4.9428789018756003,11.295096785333463)
 (5.5429556939422806,7.7349879626616058)
 (5.9940405136231831,4.4670091166086543)
 (6.2058448380602744,1.2627677793571177)
 (6.0662601211732357,-1.9591290261204932)
 (5.4616472983073923,-5.1451541416490771)
 (4.3162851469056767,-8.1160697867250953)
 (2.6402557197107814,-10.611249101949548)
 (0.5549919022839287,-12.381018863815289)
 (-1.7332028852956682,-13.28998522325508)
 (-4.0039642047196917,-13.365789232516711)
 (-6.0920724166587572,-12.765587733178725)
 (-7.9161836903399845,-11.697161169186764)
 (-9.4666680196665762,-10.350054717002266)
 (-10.775882815908595,-8.8624320061890813)
 (-11.890888953802724,-7.3179757801993599)
 (-12.855900296602556,-5.7572801261463127)
 (-13.70348766160048,-4.1922920110306983)
 (-14.45126917328243,-2.6187616967318075)
 (-15.101464575956921,-1.0256427742504477)
 (-15.641949043722366,0.598075499693003)
 (-16.048413086195026,2.258430868898631)
 (-16.287733932023816,3.9531166986964172)
 (-16.32269962211387,5.6697745165204854)
 (-16.117857775002207,7.3862939287654941)
 (-15.64564509509211,9.0733556388887013)
 (-14.891411074920592,10.698959839103981)
 (-13.855876495222876,12.233995145644963)
 (-12.554182909536507,13.657402995021659)
 (-11.011803236934844,14.959518685291636)
 (-9.2586604109140094,16.142751435002971)
 (-7.3233366098924284,17.219571760960413)
 (-5.2291398586448938,18.208361944894612)
 (-2.993334055116474,19.127809728731016)
 (-0.6304612531500835,19.990262392178622)
 (1.8394009906277837,20.79412452149316)
 (4.3766443086110982,21.515429593028983)
 (6.902450614662083,22.099697345578878)
 (9.2766676599507072,22.457612993562485)
 (11.28327511762506,22.471581042737967)
 (12.641743236093935,22.021800828544606)
 (13.062122220118201,21.03375258870134)
 (12.338247681963219,19.530458130271739)
 (10.433089391926146,17.655943499334448)
 (7.4971188525799306,15.647595401828072)
 (3.8089259724313047,13.775429087957185)
 (8.356159908916851,15.563367268361667)
 (8.2283178262297021,10.668933263768285)
 (8.1734538837245871,6.7909088572760581)
 (8.0581555114832426,3.4237688661003274)
 (7.7690544134234321,0.32466048918448465)
 (7.205580814655753,-2.5921661497455721)
 (6.2902654378657425,-5.3001499727789732)
 (4.9893188661826322,-7.6932342194175467)
 (3.3320154971030149,-9.6290079586647135)
 (1.4137536957074195,-10.983502305978641)
 (-0.62581557210630834,-11.699465103276564)
 (-2.6417548285453121,-11.805316517783753)
 (-4.5199210287769018,-11.398472073862127)
 (-6.1943035609450092,-10.608316216902187)
 (-7.6441719549021077,-9.5607205872999614)
 (-8.8799014497619471,-8.3567854995599085)
 (-9.9271155563075109,-7.0664442226662274)
 (-10.814416764484053,-5.7315457643284864)
 (-11.565830996311877,-4.3728462937832822)
 (-12.197068963314432,-2.9974482852520032)
 (-12.714327857737418,-1.6052010343354188)
 (-13.114681067165559,-0.19370605925449577)
 (-13.387529302054466,1.2380033440609841)
 (-13.516864197196465,2.6869990159851049)
 (-13.484167955668273,4.1451922000787853)
 (-13.271673404245721,5.5993024678993626)
 (-12.865528842407574,7.0320343535528318)
 (-12.258281723868837,8.4242418258127625)
 (-11.450139427814834,9.7576130429205765)
 (-10.448733780024577,11.017231501415742)
 (-9.2675374070578584,12.193371983177546)
 (-7.9234927840448917,13.282086966699271)
 (-6.4346652156301127,14.284442570186169)
 (-4.8187654125954111,15.204539117351425)
 (-3.0932650003491249,16.046610525421919)
 (-1.2776479928604072,16.811546957981406)
 (0.60186428234756129,17.493227744249523)
 (2.5051228396398528,18.075236645377039)
 (4.3691669180674078,18.528986048188202)
 (6.0999140449940938,18.814971253046252)
 (7.5688498365664607,18.889399171196786)
 (8.6207557201319229,18.717826696043524)
 (9.0968843107964066,18.29463975574955)
 (8.8707753770860016,17.662654566611607)
 (7.8836592815681446,16.924416453411077)
 (6.1625459499342599,16.240716091789167)
 (3.8149535381844135,15.822398857940058)
 (1.0159199022383625,15.931654889219962)
 (13.707687309595885,22.03626173908598)
 (12.029216957929236,14.542518284346018)
 (11.011911994209262,9.4233360589399382)
 (10.27160288601886,5.4958035203302309)
 (9.5953829864847577,2.220389318390207)
 (8.8432660197579285,-0.65573400456336506)
 (7.917726938107684,-3.2309743444718739)
 (6.7589171797062146,-5.509698203567603)
 (5.3494156521351437,-7.4411549214116786)
 (3.7179592772955705,-8.9547991570537846)
 (1.934307079225666,-9.9938275417039346)
 (0.092866853631282886,-10.53990229129775)
 (-1.7100016399156681,-10.621518642082691)
 (-3.3960110818649016,-10.305326344268497)
 (-4.9154703087126101,-9.6775045374451771)
 (-6.2473282999967115,-8.8247507119549606)
 (-7.3923548444892671,-7.821225468428489)
 (-8.3641196729086307,-6.7229077901611412)
 (-9.180996714461056,-5.5676347170422407)
 (-9.8605003712862178,-4.3782594132042592)
 (-10.415975256497598,-3.1668880864589743)
 (-10.855140033185597,-1.9390097123753736)
 (-11.179939195112386,-0.696991422762408)
 (-11.387286582609406,0.55722630533200357)
 (-11.470415467112229,1.8202583939279036)
 (-11.420614055703972,3.0862170281768679)
 (-11.229121122741853,4.3464411206245206)
 (-10.888920417796168,5.5899433409284418)
 (-10.396156486321562,6.8044205986615118)
 (-9.7509433316314365,7.9775755369171257)
 (-8.9574656562390143,9.0984287590281703)
 (-8.0234540886406283,10.158302908697479)
 (-6.9592954199402222,11.151239896382114)
 (-5.7771611688151117,12.073746368324796)
 (-4.4905748161379906,12.923906969028486)
 (-3.1147944724113215,13.700026746742456)
 (-1.668280690447002,14.399059216289309)
 (-0.17534664311446235,15.015170626335003)
 (1.3301922071960393,15.538918586442637)
 (2.8010090406653934,15.957691186197206)
 (4.1731963198378246,16.258192053671429)
 (5.3661326916297352,16.431688987497648)
 (6.2875224813890256,16.48223333791141)
 (6.8448894903359134,16.437047637237441)
 (6.9623144226962808,16.357275294712505)
 (6.5982274297263981,16.347500142957784)
 (5.759279171710304,16.565208642514882)
 (4.5094463886690441,17.237240188440751)
 (2.9836807254547244,18.699674895728158)
 (1.4337866362709253,21.494980354742694)
 (22.866266465552503,33.029332948138453)
 (17.716418348675738,20.203091812933415)
 (14.905186252272495,12.807064204632361)
 (13.103281632544697,7.814810515686081)
 (11.766041842867262,4.0584115444087825)
 (10.615990186110338,1.0119644745319236)
 (9.4908517805196055,-1.5723371242440063)
 (8.2915051675730673,-3.8006389111755392)
 (6.9641179675353637,-5.7002191936571593)
 (5.4942008806244154,-7.2566761060449956)
 (3.9023441220640542,-8.4416310672962069)
 (2.2365009438103494,-9.234449026499707)
 (0.55981208138135186,-9.6362927171370103)
 (-1.0634814068637075,-9.6745161215627427)
 (-2.579928274799375,-9.3981143041731166)
 (-3.9535146428002887,-8.8678783448109204)
 (-5.1665466506923874,-8.1458282056106732)
 (-6.2163681017297421,-7.2872291477593123)
 (-7.1102409391770438,-6.3363808055354269)
 (-7.8602758699771131,-5.3257293092930542)
 (-8.4794333340923433,-4.2771560690081127)
 (-8.978882307220017,-3.2043161423572011)
 (-9.3665925688897644,-2.1152242495621425)
 (-9.6468910055611019,-1.0146285667221107)
 (-9.820712035080339,0.094045368221231176)
 (-9.8863179076848322,1.2072625440609377)
 (-9.8403039997167845,2.3204740510435409)
 (-9.6787226654371423,3.4277195036871184)
 (-9.3981655986833257,4.5216807362390607)
 (-8.9966578108503601,5.5940890949132118)
 (-8.4742531135323276,6.6363458583952895)
 (-7.8332869495419457,7.6401876129481145)
 (-7.0783280271492846,8.5982307676908949)
 (-6.2159547619364055,9.5042673356707272)
 (-5.2545434864715803,10.353250925539289)
 (-4.2042773008300349,11.140993250042147)
 (-3.0775614814149144,11.863673952551675)
 (-1.8899622326169929,12.517344248752993)
 (-0.66166523431334934,13.09767908919965)
 (0.58073290072130312,13.600303695276564)
 (1.8025411616857854,14.022074898783897)
 (2.9601378507340126,14.363698394504006)
 (4.0019623530101889,14.633957659259327)
 (4.8723129566947305,14.855601485809125)
 (5.5184905243601321,15.072700911017112)
 (5.9009889692317596,15.359402610699785)
 (6.0057367150765746,15.8311247895652)
 (5.8579988535958094,16.662335924030081)
 (5.5411907283157751,18.121981662181661)
 (5.2337605106511154,20.653979821167578)
 (5.3042245370320567,25.076782580248619)
 (6.5959831342734088,33.140850291842817)
 (40.799597929975292,54.73961509996623)
 (26.688768778286963,29.180887685718396)
 (20.392215328026484,17.516550209610639)
 (16.816865149150779,10.696890356027154)
 (14.450956534031363,6.0842290295178945)
 (12.673940535686206,2.6434897440771179)
 (11.176787563470732,-0.096986783516319397)
 (9.786828322416449,-2.3644216229509265)
 (8.4043371389443919,-4.2640076110822731)
 (6.9770633326966598,-5.8357433702077728)
 (5.4884676808663748,-7.0865811103046328)
 (3.9498641139977035,-8.0118556398455105)
 (2.3923244621381921,-8.6101483393499088)
 (0.85741297424053275,-8.8921108536945912)
 (-0.61215639166653002,-8.8832290097739879)
 (-1.9800905445397214,-8.6214749833947639)
 (-3.2209460979375559,-8.1519016615146374)
 (-4.3211819084921368,-7.5205606110541954)
 (-5.2776150344730128,-6.7695585011047683)
 (-6.0944994091830464,-5.9340831559120613)
 (-6.7803309513043883,-5.0413725275307302)
 (-7.3450906065326791,-4.1111301474787698)
 (-7.7982350259038,-3.1567827853095558)
 (-8.1474661454108279,-2.1870759474679407)
 (-8.3981701493038798,-1.2076663117935174)
 (-8.5533717014566015,-0.22251531704169916)
 (-8.6140526349635387,0.76501115760064886)
 (-8.5797020636406316,1.7513706544173682)
 (-8.4489817511173317,2.7323955801950608)
 (-8.2204046529082113,3.7031368332814103)
 (-7.892940917939864,4.6579440152076881)
 (-7.4664902660838024,5.5907059412800626)
 (-6.9421948555356536,6.4951630175495403)
 (-6.322609127679728,7.365205309408096)
 (-5.6117844462431039,8.195089909801812)
 (-4.8153565364512767,8.979547245516585)
 (-3.9407339397401628,9.7137934173698568)
 (-2.9974698004262166,10.393518579749241)
 (-1.9978532037056063,11.014974578552424)
 (-0.95767667363692555,11.575334178289003)
 (0.10297825017375661,12.0735332494117)
 (1.1592392764725821,12.511826301712327)
 (2.1816768982259918,12.898273005644427)
 (3.1378316514674127,13.250329053435188)
 (3.9955976226773164,13.599682532582976)
 (4.7289068384360258,13.998594054342911)
 (5.3260476840011908,14.528562586314171)
 (5.8012706769861007,15.313726092290223)
 (6.2120430649495377,16.545257225417757)
 (6.6896180203342466,18.532511866561222)
 (7.5060630925236218,21.823202384869674)
 (9.2522584889939239,27.523916014785939)
 (13.418553006911836,38.332930752758529)
 (25.004610122718145,63.143558335143169)
 (87.588159935443372,112.35796989814139)
 (41.957930954594687,44.807755764138207)
 (28.291463433699501,24.434388632688094)
 (21.712066841865308,14.505791281372659)
 (17.794135699597039,8.5190473126432504)
 (15.115951564277243,4.4184444569501178)
 (13.072550431423105,1.3614167564929081)
 (11.359551938586018,-1.0475136123362327)
 (9.8082666429742744,-3.0051291252809351)
 (8.3227107843223163,-4.608626101704095)
 (6.8522920586052276,-5.9025747652378486)
 (5.378041536331609,-6.9050375259883809)
 (3.9037127480559235,-7.6239815345339235)
 (2.44822537101185,-8.0678648508758002)
 (1.0384424258832672,-8.2516191059417174)
 (-0.29740519676476707,-8.1986270756972903)
 (-1.5348613485230675,-7.9395518397227942)
 (-2.6563559447189902,-7.5092671752624431)
 (-3.6522096026044797,-6.9432307121478347)
 (-4.519955326514002,-6.2743529351646021)
 (-5.2626538348513598,-5.5309227092984132)
 (-5.8868625088863364,-4.7356850563493316)
 (-6.400737207544827,-3.9058680558242846)
 (-6.8125270576482144,-3.0538401033464728)
 (-7.1295452701079487,-2.1880911134782863)
 (-7.357589659956524,-1.3143027788092481)
 (-7.5007355705027532,-0.43635405406895689)
 (-7.5614099985316034,0.44282541660974117)
 (-7.5406596971236413,1.3205945306558529)
 (-7.4385360204479714,2.1941425109859316)
 (-7.2545304938418775,3.0602223279653491)
 (-6.9880073933989681,3.9150495425040193)
 (-6.6385945797170738,4.7543291426116667)
 (-6.2065123585771742,5.5733669242134338)
 (-5.6928410952838737,6.3672233415953636)
 (-5.0997483102602317,7.1308782705130334)
 (-4.4307101835890368,7.859395016748465)
 (-3.6907656153709407,8.5480996455200895)
 (-2.8868286179410347,9.1928244473294143)
 (-2.0280532989743336,9.7902984275616269)
 (-1.1261930028578679,10.338798850627938)
 (-0.19582202631239909,10.839201363992862)
 (0.74579958724720097,11.296578213246827)
 (1.6795278075178435,11.722496440102374)
 (2.5861885401610767,12.138179976737883)
 (3.4499266789295064,12.578779261031992)
 (4.263578571469691,13.099272635068585)
 (5.0368837930272603,13.783284504506424)
 (5.8092988604199176,14.757957036077531)
 (6.6719277615112045,16.222501819295779)
 (7.8108848289144417,18.509841131346988)
 (9.608381861431873,22.236371002665287)
 (12.925562070222981,28.725631697091334)
 (20.113540481410912,41.523476983325288)
 (40.540518982001302,74.675629061256529)
 (191.65712986647628,304.07516049257964)
 (71.80309610754928,76.340153877003019)
 (39.974244784643084,35.087885605798867)
 (28.141021368572229,19.708465326438766)
 (21.912393773601792,11.588054684595251)
 (17.998128928520522,6.4922477795244697)
 (15.225868058472821,2.9352438855664178)
 (13.068530019073686,0.27088018295029004)
 (11.253259364119188,-1.8167693721921672)
 (9.6270696504012463,-3.4910915598441958)
 (8.1024355677777322,-4.8375423573544962)
 (6.6322610144669198,-5.900113688122218)
 (5.1966080111898032,-6.7016748519054676)
 (3.7941860686341293,-7.2564196608914582)
 (2.4357281309371333,-7.5775880951448791)
 (1.1382816792718833,-7.6817290374881848)
 (-0.079631886416926978,-7.5902065143804665)
 (-1.2016990703559374,-7.3286447092251059)
 (-2.2160974680488876,-6.9251205069144408)
 (-3.1163841675398811,-6.4079141578383769)
 (-3.9012453204170692,-5.8034636071296646)
 (-4.5735063112181269,-5.1349024455589571)
 (-5.1388109289639363,-4.4212981202088422)
 (-5.6042920663886422,-3.677518384930583)
 (-5.97743538731405,-2.9145601510983044)
 (-6.2652271682905063,-2.1401575897558436)
 (-6.4735995726283226,-1.3595132065619566)
 (-6.6071425747709176,-0.57603825162380495)
 (-6.6690332567210646,0.20797026361207988)
 (-6.6611299068376741,0.99075673175018242)
 (-6.5841821910093188,1.7706567700287925)
 (-6.4381150087551573,2.5457732427579205)
 (-6.2223507589789779,3.313771959623546)
 (-5.9361425464527224,4.0717837794607084)
 (-5.5788996571086029,4.8163962240805605)
 (-5.150496114154115,5.5437179425435552)
 (-4.6515619136498918,6.249504467075953)
 (-4.0837621848697871,6.9293442479602589)
 (-3.450068916055482,7.5789196433811084)
 (-2.7550198145706868,8.1943770302365522)
 (-2.0049366276219058,8.7728612284202914)
 (-1.2080393062026844,9.3132892011755732)
 (-0.3743430982992475,9.8174541443046088)
 (0.48483441621022116,10.291563925121782)
 (1.3579967142748259,10.748335172939079)
 (2.2355387270257681,11.209810573878634)
 (3.1131880278972122,11.711199732276402)
 (3.9974559318202489,12.306386665913937)
 (4.9142684979456757,13.076565189697991)
 (5.9233183789045114,14.145382760687028)
 (7.1442917772922359,15.708681217277125)
 (8.8112483628936857,18.099685949724979)
 (11.403483298555585,21.950595289285985)
 (16.024290690938088,28.66567728845423)
 (25.835303367316293,42.218960958541885)
 (54.948334514532988,80.309264140536285)
 (482.74204169384655,618.98380872290954)
 (152.13030932476443,164.10886423277131)
 (58.08534946302985,52.50222368039919)
 (36.533499422254884,26.948173510757641)
 (26.882470279140314,15.533852867595126)
 (21.328971068411416,9.0072770066659995)
 (17.640191947272339,4.7355576906182479)
 (14.929557906531336,1.6891060381704373)
 (12.772690298256375,-0.61014585657572895)
 (10.94157745646446,-2.4070418542568905)
 (9.3056205174942654,-3.8336260864193998)
 (7.7890042306356282,-4.9627066293929314)
 (6.349973798090244,-5.8350545063149282)
 (4.9693595326259699,-6.474809833243242)
 (3.6431555115418703,-6.8988437802344356)
 (2.3769567759324697,-7.1224636863454043)
 (1.1814310851105945,-7.1625357616365299)
 (0.06865014042862283,-7.0386526654925126)
 (-0.95064729076168053,-6.7728856711524745)
 (-1.8687829474956092,-6.3886699261414037)
 (-2.6818944037773389,-5.909343079364108)
 (-3.3898863462761804,-5.3567542132198742)
 (-3.995828091547541,-4.7502063099629579)
 (-4.5050603437725458,-4.1058390310248338)
 (-4.9242319279103679,-3.4364376981020466)
 (-5.2604188297129157,-2.7515842531190549)
 (-5.5204093313855847,-2.0580415789409963)
 (-5.7101854671993415,-1.360268698574763)
 (-5.8345967132243493,-0.66098507536745421)
 (-5.8972041151932277,0.038274155921358327)
 (-5.9002665947643216,0.73664995090625207)
 (-5.8448407966345917,1.4335211313008098)
 (-5.7309679235730275,2.1281491332192726)
 (-5.5579236780816155,2.8194120665367661)
 (-5.3245101329785705,3.5056300208513482)
 (-5.0293711682764437,4.1844808272254319)
 (-4.6713160717302173,4.8530046219351242)
 (-4.2496384956518121,5.5076971870266034)
 (-3.7644189287984453,6.1446967859099573)
 (-3.2167962531360534,6.7600772581374518)
 (-2.6091855620251776,7.3502709719681185)
 (-1.9454031267716447,7.9126576597965563)
 (-1.2306337525871811,8.4463677385755798)
 (-0.47114015682892862,8.9533608497451596)
 (0.32643188398860623,9.4398544697546818)
 (1.1563575317490695,9.9182030033449529)
 (2.0160336074894145,10.409388467851569)
 (2.9095051813501969,10.946431218127458)
 (3.8530392141512118,11.579371746336783)
 (4.8841352143024306,12.383252160761437)
 (6.0769791536398801,13.472322787213564)
 (7.5714754566954641,15.028125955862581)
 (9.634505121763393,17.361242092812383)
 (12.808814351816737,21.065051987344127)
 (18.348058268658384,27.470101004582688)
 (29.891457300176839,40.400681960084768)
 (64.2436518948018,77.498154650507004)
 (788.59803332009153,839.80298077373175)
 (-105.72400986503882,-98.691925631766367)
 (1137.808158694673,1268.8970442836223)
 (88.974848670515087,84.002465608590427)
 (47.485170696809263,37.194023140185536)
 (32.734903665906224,20.629215358623078)
 (25.064690192499462,12.095897169116643)
 (20.275840219443609,6.8563650309157484)
 (16.921353111010635,3.2878487361801221)
 (14.365363252674225,0.68813675244078976)
 (12.283880411932754,-1.2907164867160561)
 (10.495827980366821,-2.8356325452414333)
 (8.8948974559712237,-4.0518390744310873)
 (7.418301498418125,-5.0003203818042934)
 (6.0307457421860784,-5.7176379947235292)
 (4.7151650033643451,-6.2274088833697965)
 (3.4666162242366663,-6.5473102289200114)
 (2.2877509629028747,-6.6933235778282576)
 (1.1852324240030065,-6.6820532159053947)
 (0.16690783415989885,-6.5316254204011717)
 (-0.76027597788796042,-6.2615790893844281)
 (-1.591604313160387,-5.8921331501882968)
 (-2.32521919813815,-5.4431821365955191)
 (-2.962153548064467,-4.9333026012162042)
 (-3.505940074912234,-4.3789583763638351)
 (-3.9619713482100063,-3.7939951833595318)
 (-4.3367661235560142,-3.1894355456931396)
 (-4.6372575453181728,-2.5735336627052101)
 (-4.8701758964184112,-1.9520262977026084)
 (-5.0415622458634299,-1.3285126464457271)
 (-5.1564237799079304,-0.70490459701476438)
 (-5.2185264379792713,-0.081901271361440653)
 (-5.2303130106171194,0.54054645032500892)
 (-5.192931890703945,1.1628066005601272)
 (-5.1063606143343918,1.7851908861302508)
 (-4.9696076456868905,2.4076482156150143)
 (-4.7809749936872459,3.0295386036715697)
 (-4.5383632554232456,3.6494966144992196)
 (-4.2395997588362846,4.2653916832680894)
 (-3.8827695288745536,4.8743919084691427)
 (-3.4665271754891713,5.4731388443942528)
 (-2.9903642621689253,6.0580438497258715)
 (-2.4547996284570908,6.6257216306241711)
 (-1.8614477964961966,7.1735832774786843)
 (-1.2129014572855179,7.7006188089312335)
 (-0.51233666528188992,8.2084083960291974)
 (0.23728853030344954,8.7024151500421656)
 (1.0346256321578657,9.1936395724674647)
 (1.8821877166476368,9.7007768493618975)
 (2.7898910906290664,10.253155806514783)
 (3.7806419754229816,10.895042154258389)
 (4.8994447785770294,11.692558740073498)
 (6.2291962298437262,12.746004362367614)
 (7.9205553442438843,14.214098372646847)
 (10.254926333969454,16.366891524556529)
 (13.796403845105857,19.716269767504343)
 (19.829912661948889,25.396607467361676)
 (32.011763930938535,36.605868980210303)
 (66.522765632986122,67.485806638697511)
 (533.25682050397245,476.66181063486681)
 (-119.32746126470113,-93.549197364255647)
 (-62.08198350167028,-42.719121484628566)
 (154.1294916620073,154.26565218024726)
 (62.041029143858999,52.122786909326166)
 (39.480769143869793,27.211595343365783)
 (29.118388667135395,15.885228407483332)
 (23.056649638697991,9.3761694884718239)
 (18.992046369095331,5.1317251826852948)
 (16.002643939320187,2.1372524332780469)
 (13.64553066381254,-0.087298185949210572)
 (11.681690975966697,-1.794624818633699)
 (9.9724562978508118,-3.1269233105594259)
 (8.4344565538016134,-4.1677075314300511)
 (7.0176764692123585,-4.9677279699289389)
 (5.6935946007998748,-5.5592690733228975)
 (4.4480263715172734,-5.9646373882560741)
 (3.2762822227249497,-6.2013924029926111)
 (2.1795625251952142,-6.2855158495955568)
 (1.162133829842209,-6.2331402224525547)
 (0.22912908186810954,-6.0612273024743306)
 (-0.61506366841093496,-5.7875064218310737)
 (-1.3678379011790063,-5.4299509025357349)
 (-2.0288727136086924,-5.0060403912789617)
 (-2.6001876387648091,-4.5320094266589184)
 (-3.0858617942436655,-4.0222212466759935)
 (-3.491540328009628,-3.4887422921999853)
 (-3.8238406187394784,-2.9411388316189679)
 (-4.0897476048199763,-2.3864793719653288)
 (-4.2960605315501095,-1.8295058483185873)
 (-4.4489288549570905,-1.2729295919830541)
 (-4.553496327676454,-0.71780966896320031)
 (-4.6136598614983608,-0.16397660763534261)
 (-4.6319422835254747,0.38952950302550959)
 (-4.6094736191164198,0.94403270032252884)
 (-4.5460722931623589,1.5008293126117958)
 (-4.4404145360411249,2.0608507640190439)
 (-4.2902769208322624,2.6243989145187907)
 (-4.0928334693715698,3.1909693823261129)
 (-3.8449854471317702,3.7591756465557582)
 (-3.5436989391487232,4.3267842615719365)
 (-3.1863222488215523,4.8908698172540834)
 (-2.7708512627342365,5.4480978702425347)
 (-2.2961049354202019,5.9951451948198962)
 (-1.7617634926282397,6.5292693200659508)
 (-1.168207227073973,7.0490434253016314)
 (-0.5160718862696525,7.5552790409724242)
 (0.19459578172424408,8.0521705881813972)
 (0.96574923178560512,8.5487200054896579)
 (1.8035728476234039,9.0605525661050628)
 (2.721945993628645,9.612349306071625)
 (3.7478810654137944,10.241365769677707)
 (4.9303810353978879,11.003033774252829)
 (6.3557716341150501,11.980826492374131)
 (8.1765095807228434,13.305425252266696)
 (10.67112350633357,15.195882517981159)
 (14.385790294755564,18.059020740483703)
 (20.529840555134747,22.770608004181572)
 (32.391406065708679,31.687717092627683)
 (63.180285827563736,54.269858681234496)
 (290.59148586003687,217.92239957670898)
 (-153.7822755767215,-100.20168664366419)
 (-69.749989294687268,-39.449596093134886)
 (403.73299928030679,435.01812139230083)
 (82.485269628114537,75.16127697385005)
 (47.190022628167455,35.769904604885873)
 (33.389661944270991,20.513720812519281)
 (25.886784209189393,12.362488287971381)
 (21.070231119439534,7.2708816855562537)
 (17.636797813286407,3.7827738151453802)
 (14.999089920817886,1.2467820965496776)
 (12.852833431480164,-0.66965761331068385)
 (11.025446449865878,-2.1513675804101591)
 (9.4135056891352953,-3.3069710446898486)
 (7.9535913356687509,-4.2029303936420668)
 (6.6072494986378771,-4.8815100542236065)
 (5.3524422290739837,-5.3710807972286059)
 (4.1781613139723532,-5.6923901542560458)
 (3.0806740359547931,-5.8624708028137711)
 (2.0606905853430222,-5.8970114903091257)
 (1.1211440261422581,-5.8116424304684831)
 (0.26546835867694241,-5.6224302819275547)
 (-0.50365886792221604,-5.3458163376609775)
 (-1.1851268305461895,-4.9982038199726597)
 (-1.779788554942435,-4.59537541027463)
 (-2.2905048880769843,-4.151888847615627)
 (-2.7219158874069365,-3.6805571219505753)
 (-3.0800283583748707,-3.1920767217641068)
 (-3.3717037914614645,-2.694829467712649)
 (-3.6041176507779502,-2.1948551271466306)
 (-3.7842439188422139,-1.6959743596177308)
 (-3.9184022464069139,-1.2000330129783463)
 (-4.0118914323488273,-0.70723646387412653)
 (-4.0687228978647951,-0.2165436071136525)
 (-4.0914606902364552,0.27390796821649666)
 (-4.0811691703945723,0.76637229220130854)
 (-4.0374647737319957,1.2630860990395461)
 (-3.9586633747890243,1.7659046260206264)
 (-3.8420096507389667,2.2760042758136585)
 (-3.6839696540716083,2.793671701738297)
 (-3.4805629545192582,3.3181955001105838)
 (-3.2277064415453065,3.8478729010646715)
 (-2.9215380782378699,4.3801402218418)
 (-2.5586849946137673,4.9118329655948711)
 (-2.1364353121488602,5.4395797188489574)
 (-1.6527656896140468,5.9603336269831306)
 (-1.1061651543146711,6.4720464384954663)
 (-0.49517810078561331,6.9744937095033999)
 (0.18243844334836989,7.4702681046580848)
 (0.9310938674242859,7.9659763403539348)
 (1.7595102752116438,8.4737157158799832)
 (2.6840184457309006,9.012991573434963)
 (3.7336890189116598,9.613415295871544)
 (4.958623774103156,10.318899144641506)
 (6.4441574733394473,11.194893705464672)
 (8.3371301651056964,12.342173211042578)
 (10.899337726570936,13.925781481337985)
 (14.629868177902431,16.242899894463534)
 (20.591797893060928,19.906789966164183)
 (31.50177840427537,26.464914457931187)
 (57.001589393735316,41.398784502281814)
 (175.20649671510355,109.18090823829823)
 (-248.71016824632488,-131.85844303079105)
 (-83.675002405848815,-37.478626709388806)
 (-54.189990161143101,-20.486738058615913)
 (114.57259436645994,114.58458186889749)
 (56.101969797500722,47.104218005534989)
 (37.801202249222307,26.161274557468005)
 (28.672388963973379,15.881728303967895)
 (23.079215534380783,9.7448867876121259)
 (19.210973897445488,5.6582033564359122)
 (16.305660383936555,2.7441271114105836)
 (13.985940919315667,0.57146329121416395)
 (12.043885999333003,-1.0944779973851593)
 (10.356635940542235,-2.3905057480279068)
 (8.8486651154403297,-3.4003176171974396)
 (7.4730518075592469,-4.1771750649020891)
 (6.2012845219999084,-4.7564625431104055)
 (5.0171755627440024,-5.1631520534503341)
 (3.912858867923013,-5.4164491532638532)
 (2.8859097288596414,-5.5327187465285146)
 (1.937131427966039,-5.5272581703704349)
 (1.068808356494015,-5.415244136313266)
 (0.28335017114313876,-5.2120747431782402)
 (-0.41769643559036773,-4.9332836486787937)
 (-1.0342817747598052,-4.5941818514640165)
 (-1.568157905757704,-4.2093637864058584)
 (-2.0228972067015234,-3.7921908866297369)
 (-2.4036831844620599,-3.3543371781971474)
 (-2.7169395152896572,-2.9054513427353159)
 (-2.9698625096676641,-2.4529622206882964)
 (-3.1699150398728988,-2.0020329224719529)
 (-3.3243294959165253,-1.5556536110936703)
 (-3.4396562876675807,-1.1148539531871213)
 (-3.5213845154091516,-0.67901156936238183)
 (-3.5736532724702297,-0.24623073721277838)
 (-3.5990653409862259,0.18623529701671365)
 (-3.5986090982122141,0.62154550365329309)
 (-3.5716885827863791,1.0628429936840962)
 (-3.5162554973697855,1.5128644354484129)
 (-3.429030467319758,1.9736121948064942)
 (-3.3057944769184853,2.4461116189427714)
 (-3.1417255260118839,2.9302718452662799)
 (-2.931750527747321,3.4248636347647503)
 (-2.6708783175411539,3.9276225974900028)
 (-2.3544759590419577,4.4354814198357841)
 (-1.9784464938688462,4.9449308150657751)
 (-1.5392607034906174,5.452506226516924)
 (-1.0337867582931612,5.955396111855177)
 (-0.45884755843224756,6.4521685624832772)
 (0.18958769427375666,6.9436176880630498)
 (0.91771094742776871,7.4337432766248472)
 (1.7358863129700135,7.9309041885144582)
 (2.6617033039793156,8.4492425186232936)
 (3.7246752195646593,9.0105916943287685)
 (4.9737308331985162,9.6473220831638518)
 (6.4898332321222405,10.407094722990875)
 (8.4088157779403385,11.361681634312488)
 (10.966515015730694,12.62500249998239)
 (14.598164406271403,14.394014310375383)
 (20.190005215747725,17.05424587820653)
 (29.853287363721464,21.507931532616229)
 (50.166682954281463,30.555255552755824)
 (117.54098328571295,59.71703781022962)
 (-935.68880160489391,-389.40982773738938)
 (-109.95208963775632,-36.642074944818887)
 (-62.866276386271124,-16.349857092068323)
 (175.43576885668631,194.96710426929124)
 (66.685666340143541,62.532314750333292)
 (42.304828785391521,33.072758035367421)
 (31.331606640553698,20.008155258026004)
 (24.947023733655392,12.587633497706094)
 (20.667684106751469,7.7876360889055691)
 (17.521780317332905,4.4275810076576541)
 (15.05038113578086,1.9523138158449274)
 (13.008661876029295,0.067737991233862593)
 (11.254881703067575,-1.3950451893315843)
 (9.7026176269625353,-2.538708566396144)
 (8.2978419754114388,-3.4284365433045596)
 (7.0068752922499922,-4.107306501209278)
 (5.8094857849107839,-4.6051811824553166)
 (4.6945669691947227,-4.9441610330380188)
 (3.6571712319690604,-5.1420436774147653)
 (2.696302997585033,-5.2145182687550413)
 (1.8131868923155796,-5.1764871225123947)
 (1.0098866049867867,-5.0427507883669245)
 (0.28822952830026272,-4.8282225310563245)
 (-0.35097523961941324,-4.5478075978235415)
 (-0.90843291262901282,-4.2160669423363828)
 (-1.3865896783483256,-3.8467715232216362)
 (-1.789620633456845,-3.452436696386596)
 (-2.123221989758219,-3.0439061142186246)
 (-2.3942579231938539,-2.6300329509497642)
 (-2.6103140705423451,-2.217485843683229)
 (-2.7792065949683216,-1.8106897167840326)
 (-2.9084897520481192,-1.4118985410268086)
 (-3.0049977393516247,-1.0213878764307223)
 (-3.0744494777578515,-0.63774888993264267)
 (-3.1211383092555103,-0.25826138356804279)
 (-3.1477222924556267,0.12067959810994616)
 (-3.1551244458668246,0.50311117330424615)
 (-3.1425455721608699,0.89305294218757703)
 (-3.1075850822741926,1.2940892652841223)
 (-3.0464577353287021,1.7090111710152538)
 (-2.9542868800392093,2.1395424860405652)
 (-2.8254481660071704,2.5861701200861353)
 (-2.653932200223057,3.0480926086649411)
 (-2.4336903617795658,3.5232946431241556)
 (-2.158924663963834,4.0087490589423034)
 (-1.824279467794413,4.5007421634377671)
 (-1.4248889269753331,4.9953137431676211)
 (-0.95622779290613313,5.488799874764144)
 (-0.41370248120716724,5.9784651683140737)
 (0.20809941311552871,6.4632122157688352)
 (0.9166160982020064,6.9443618364343243)
 (1.723150145578342,7.4265123330593319)
 (2.6456263376461826,7.9185174136807515)
 (3.712774989783219,8.4346865659994847)
 (4.9706878849266616,8.9964418816377663)
 (6.493628014745604,9.6349379254078986)
 (8.4030792556206002,10.3957571588242)
 (10.904161999472612,11.348259620709864)
 (14.362471050572145,12.606123748736561)
 (19.487714927406,14.377913758559824)
 (27.853298470693009,17.112718391140216)
 (43.79087334100641,22.035873533855323)
 (85.277841666243901,34.237985791128864)
 (442.78625688317243,136.1765096180963)
 (-170.39606047680056,-37.576520496963099)
 (-77.055726951761329,-10.810460057934916)
 (-51.426067344313516,-3.4695618202805085)
 (79.477130071572077,83.980493846619922)
 (46.810057715553008,41.521804362061019)
 (33.773925116156867,24.814061912889223)
 (26.602508779217036,15.826577173956363)
 (21.950659272099564,10.187148478132579)
 (18.603060994911072,6.3115933381094589)
 (16.012134325869397,3.4885927732747248)
 (13.895202127729849,1.3525707772065956)
 (12.092326036737438,-0.30239547530151001)
 (10.507331393634988,-1.6000813225125483)
 (9.0803225384252979,-2.6185846495701588)
 (7.7736384639756393,-3.4092375285259466)
 (6.5640627442627721,-4.0072365356420381)
 (5.4381310984321214,-4.4380249935434994)
 (4.3890470704998892,-4.7213122410903861)
 (3.414471746300499,-4.8736629096156827)
 (2.5148229591678359,-4.9101436089339989)
 (1.6919105937538836,-4.8453005242101836)
 (0.94783518772059783,-4.6936396499022539)
 (0.28412701441355559,-4.4697349044335919)
 (-0.29887748504877398,-4.1880687532350445)
 (-0.80242351698913095,-3.8626991956328052)
 (-1.2294997316946394,-3.5068376141227091)
 (-1.5847952876269247,-3.1324104499877636)
 (-1.8744841295417891,-2.7496634529126425)
 (-2.1058757903856717,-2.3668515297568167)
 (-2.2869753603450591,-1.9900416846947191)
 (-2.4259950201215279,-1.6230426111562668)
 (-2.5308567378500495,-1.2674629050856496)
 (-2.6087214415300193,-0.92289067654454482)
 (-2.6655749438672118,-0.5871801534240968)
 (-2.7058954223714116,-0.25682518255457754)
 (-2.7324213036308223,0.072605027695910679)
 (-2.7460317775352987,0.40599609131782383)
 (-2.7457447560803256,0.7482149821736932)
 (-2.728829000495224,1.1036639997257978)
 (-2.6910187508708012,1.4758919447164853)
 (-2.6268110865013017,1.8672889260594507)
 (-2.5298190485630041,2.2788859644627624)
 (-2.393147750945281,2.7102738746965525)
 (-2.2097564691290787,3.1596484596504117)
 (-1.9727668206644071,3.6239815398481161)
 (-1.6756750230307067,4.0993103698131286)
 (-1.3124238496373009,4.5811319627325267)
 (-0.87728592359906954,5.0648839822432734)
 (-0.36450243486080303,5.5464903298219239)
 (0.23239282746732037,6.0229476790548588)
 (0.92166042478898191,6.4929297532004986)
 (1.7149977476700937,6.9573907287148664)
 (2.6299716548004199,7.420160883434864)
 (3.6936481302620914,7.8885524211446434)
 (4.948166044156884,8.3740432232420652)
 (6.4597038757463752,8.8932072860056781)
 (8.3338197957568969,9.4692759017532175)
 (10.743740848595857,10.135210389366243)
 (13.987447396564939,10.940436952441411)
 (18.61639900379696,11.967081999103609)
 (25.771333674541971,13.374187135532702)
 (38.261300184862378,15.543101871815097)
 (65.439488764023892,19.741019309202954)
 (169.63753652738427,34.459196288262881)
 (-428.06004334939041,-46.700573652906627)
 (-102.6656400279992,-1.8884889015160715)
 (-59.844896695899138,4.1875285515402751)
 (94.311550167791381,113.34874939440448)
 (51.006237641632048,51.624234264082247)
 (35.842627525594217,30.315405978944813)
 (27.953513546910131,19.465789567574443)
 (22.996891532326021,12.860048414722861)
 (19.502276077698316,8.4014641648751827)
 (16.834552773483253,5.1884129366791552)
 (14.67531892266499,2.7708629435691794)
 (12.848248708539362,0.90040639329232819)
 (11.248904177944627,-0.5702432175911738)
 (9.8127921715204263,-1.7331885912122649)
 (8.4993821961455431,-2.648547492388448)
 (7.2834440578089943,-3.3571717629308457)
 (6.1499791113714366,-3.8881189616682814)
 (5.091004517118078,-4.2632907671721547)
 (4.103330964147629,-4.5004206848519388)
 (3.1868978976293194,-4.6150196159098194)
 (2.3434479287654248,-4.6216089564034961)
 (1.5754389609179731,-4.5344334729851088)
 (0.88515538664661064,-4.3677797736240818)
 (0.27401084757584654,-4.1359956743953497)
 (-0.25795352044895747,-3.8532923176721559)
 (-0.71237217075739045,-3.5334039807988007)
 (-1.092663807582269,-3.18917443767719)
 (-1.4039598622490854,-2.8321309549983993)
 (-1.6528766046177532,-2.4720970218386835)
 (-1.8471621349923293,-2.1168833825609994)
 (-1.9952540767703382,-1.7720849438611159)
 (-2.1057856110544519,-1.4409996256292936)
 (-2.1870770681005736,-1.1246748136171449)
 (-2.2466481872373993,-0.82207793576611765)
 (-2.290782778604783,-0.53037974300329949)
 (-2.3241730227858497,-0.24533198800844672)
 (-2.3496650006610063,0.038284662328747186)
 (-2.368120191369429,0.32617129323701871)
 (-2.3783996703616808,0.62401187830242799)
 (-2.3774688735303116,0.93699786244097782)
 (-2.3606116073013341,1.2694079341355577)
 (-2.3217331846643345,1.6242710878586832)
 (-2.2537248718132954,2.0031352568111922)
 (-2.1488557930230363,2.4059563219543989)
 (-1.999154305117413,2.8311138950908896)
 (-1.7967384694410398,3.2755516897457784)
 (-1.5340540731312722,3.7350321776213855)
 (-1.2039777730290757,4.2044880049034674)
 (-0.79974108837919722,4.678446488285176)
 (-0.31462641394432755,5.1514984012794951)
 (0.25862362185600185,5.6187780678325971)
 (0.92876154984758186,6.0764183645681218)
 (1.7074700106304421,6.5219414925047943)
 (2.6114597608592471,6.9545441855099019)
 (3.6655440728587791,7.3752339980800805)
 (4.9072543692078305,7.7867703531794001)
 (6.3940675585335942,8.1933573129533936)
 (8.2153847020146582,8.600017766162793)
 (10.513814935923225,9.0115340677173208)
 (13.52624783682487,9.4307225370376635)
 (17.671412741810059,9.8554784175667294)
 (23.761689035520462,10.272977505147168)
 (33.612220284765833,10.645395848734291)
 (52.31959880944855,10.860899864675019)
 (102.06283740471591,10.44659966889307)
 (680.58117527330921,-0.89625834277975969)
 (-160.64846348486697,17.008650177752603)
 (-72.88663165741157,15.632093379479983)
 (-46.183321065207473,15.338253532344547)
 (54.117446735105105,62.904172213062985)
 (37.242482793124822,36.354068146835729)
 (28.855824162909286,23.444641287238245)
 (23.721702275885555,15.781217946729333)
 (20.162356444230642,10.687590232576536)
 (17.475586320245331,7.0504505394706252)
 (15.316698634422101,4.3265434913289731)
 (13.497761038099281,2.2209242580456836)
 (11.908772529852804,0.56084475071959483)
 (10.482366164245258,-0.76073820417159177)
 (9.1763783744751493,-1.8131731705559508)
 (7.9645294799014792,-2.6431946574982375)
 (6.8310673027645965,-3.2836263424011003)
 (5.7674514029790176,-3.7587048211067469)
 (4.7701281633985495,-4.0874848760494293)
 (3.8389085295316581,-4.2860742390858411)
 (2.9756954657204213,-4.3690975332424955)
 (2.1834352148444398,-4.3506138132413117)
 (1.4652372656436368,-4.244623735410201)
 (0.82364678516188161,-4.0652592148766207)
 (0.2600723357543836,-3.8267287424209671)
 (-0.22562212760854927,-3.5430832029828574)
 (-0.63535408371950508,-3.2278630546995348)
 (-0.97288806986926768,-2.8936841848126345)
 (-1.2437389608419429,-2.5518148058984007)
 (-1.4549306032611038,-2.2117889073240296)
 (-1.6146350031309207,-1.8810933485812014)
 (-1.731722772880725,-1.5649563223771004)
 (-1.8152589299300617,-1.2662552683254333)
 (-1.8739795449709515,-0.98555283856657017)
 (-1.9157843696533021,-0.72126044954291846)
 (-1.9472785547081868,-0.46992042044107063)
 (-1.9733929079162571,-0.2265898273753752)
 (-1.9971067864710217,0.01469776040519165)
 (-2.019290680612956,0.26042214692893134)
 (-2.038677017084614,0.51705128993165617)
 (-2.0519581376985352,0.79053580680936775)
 (-2.0540004783318366,1.0858568467713556)
 (-2.0381545198207953,1.406657067693954)
 (-1.9966319231753229,1.7549781041510191)
 (-1.9209150276406546,2.1311197030942157)
 (-1.8021598834990218,2.5336264244941491)
 (-1.6315521135684341,2.9593982805232084)
 (-1.4005746498671743,3.4039126167202465)
 (-1.1011469240833909,3.8615363729232066)
 (-0.72559523687686966,4.3259007472885678)
 (-0.26641226218044189,4.7903040673011112)
 (0.28424217379299832,5.2481029130409729)
 (0.93536007878775052,5.6930455141489231)
 (1.6983113270960233,6.1194939897191789)
 (2.5886138165118053,6.5224710988204384)
 (3.6284784728203836,6.8974489535379098)
 (4.8505383611009112,7.239763721433139)
 (6.3035219039993304,7.5434747395247754)
 (8.0613503926702172,7.7993502045035825)
 (10.238708102061425,7.9913614443046388)
 (13.019813531269071,8.090357823578092)
 (16.716618981122902,8.0417544587857677)
 (21.900377547662977,7.7386874732769302)
 (29.745757712410793,6.953595407735043)
 (43.140211051429397,5.1208450295212495)
 (71.723004271062493,0.35550890409842051)
 (180.54252948981878,-20.004570670974044)
 (-412.62174104275539,96.024383192132433)
 (-95.661479465291407,35.104674762739712)
 (-51.671574508940978,27.102043490355804)
 (37.51745951913469,42.441878453020905)
 (29.097657697791107,27.577772657043333)
 (24.007492003462396,18.870669620031624)
 (20.508916714038683,13.133434377823788)
 (17.883326234193444,9.0585997196475958)
 (15.780627947121422,6.0143788092551684)
 (14.010980767073853,3.6603970942654116)
 (12.463761356793478,1.7985806743642829)
 (11.071480197141874,0.30688207056929517)
 (9.7920251969623422,-0.8933376421373227)
 (8.5992018140220328,-1.8547243384424292)
 (7.4773301921223121,-2.6138852521465488)
 (6.4179396777145072,-3.1974187282697022)
 (5.4175899974565738,-3.6257447511061889)
 (4.4763143785116624,-3.915621902164542)
 (3.5964162966419368,-4.0818240116984654)
 (2.7814795163488104,-4.1382390506226994)
 (2.0355238871933072,-4.098543196465827)
 (1.3622815834547946,-3.9765465994451987)
 (0.76459209588824006,-3.7862797380354087)
 (0.24392562444803756,-3.5418770014937753)
 (-0.19995259704051344,-3.2573094678067309)
 (-0.56916735091288073,-2.9460170789384814)
 (-0.86776451476034699,-2.6204888311699079)
 (-1.1015928560280932,-2.2918368122552977)
 (-1.2780495196691408,-1.9694054526752134)
 (-1.4057097414211464,-1.6604512950114398)
 (-1.4938675451292238,-1.3699212651651957)
 (-1.5520187910172654,-1.1003492433451008)
 (-1.5893208136987635,-0.85188201278622255)
 (-1.6140639476015255,-0.62243667110154277)
 (-1.6331893763408336,-0.40798257493613066)
 (-1.6518848249276585,-0.20293218103598157)
 (-1.6732845427299001,-0.00061720991290758163)
 (-1.6982928493546032,0.20618000905475023)
 (-1.7255415257098301,0.42467468954285265)
 (-1.7514811051236079,0.66154383073243528)
 (-1.7705954814224456,0.92244205969586113)
 (-1.7757191631937947,1.2116004545521821)
 (-1.7584278914409999,1.5315328874621619)
 (-1.7094669136294884,1.8828655343995775)
 (-1.6191773311518496,2.2642951249216603)
 (-1.47787955145068,2.6726711527665459)
 (-1.2761735143848347,3.1031874004844751)
 (-1.0051172149327889,3.5496592383435637)
 (-0.65624702600342089,4.0048553800029829)
 (-0.22140408531318811,4.4608458824116184)
 (0.30767119599105364,4.9093215498641865)
 (0.9400221293474611,5.3418324822675025)
 (1.6864991107993141,5.7498835718522781)
 (2.5612202225286338,6.1248093591740895)
 (3.583630349052318,6.4573244079457304)
 (4.7814417636019186,6.7365976662918863)
 (6.1949738446638225,6.9486082147380648)
 (7.8838794544210602,7.0733572582450552)
 (9.938236165403703,7.0801247159951268)
 (12.49821343258246,6.9190842233303469)
 (15.792002599754976,6.5054400570264992)
 (20.216644690317043,5.6863699893652235)
 (26.533336895597685,4.1625745845506117)
 (36.427570142497359,1.2658053678467267)
 (54.592755172844697,-4.8642047585722734)
 (101.18516393513997,-22.190568337275671)
 (587.8097487297714,-212.97490618209)
 (-146.20192772626558,77.295408680947389)
 (-59.579327088188727,44.009654212504117)
 (36.177221563588006,47.693505635937889)
 (28.434909724373984,31.51081949133923)
 (23.712216432465834,21.967074747423933)
 (20.450353591227358,15.66034349656023)
 (17.993947221434304,11.173599828610605)
 (16.019941482598025,7.8155511441314971)
 (14.351621360791702,5.2114890474079187)
 (12.88536440810755,3.1425625328422138)
 (11.557707136684497,1.4736921121294007)
 (10.328999794716321,0.11785781993835837)
 (9.174631783306026,-0.98304623798305002)
 (8.0799916481950405,-1.869171008369205)
 (7.0373776299346389,-2.5693460877820344)
 (6.0439678233970984,-3.105289077865808)
 (5.1003804281357805,-3.4943768119975727)
 (4.2095686474312153,-3.7515107586223397)
 (3.3759112898998174,-3.8903733956739743)
 (2.6044274784124912,-3.9242466223307395)
 (1.90008446147979,-3.8664957887052207)
 (1.2671921086614506,-3.7307876449021942)
 (0.70889168665397007,-3.5310933874423673)
 (0.2267529737040932,-3.2815208932142048)
 (-0.17950534974236018,-2.9960182078721997)
 (-0.51216024971755558,-2.6879902733649503)
 (-0.77548788063269636,-2.3698708236905999)
 (-0.97562751119251301,-2.0526902837045107)
 (-1.1203150710413141,-1.7456779009986159)
 (-1.2185031463381746,-1.4559321335020567)
 (-1.2798910393591392,-1.1881876168791905)
 (-1.3143940963412448,-0.94470003791453605)
 (-1.3315855854661913,-0.72526215965232099)
 (-1.340146674797341,-0.52735533147526958)
 (-1.3473602140196328,-0.34643140718399362)
 (-1.3586817900447103,-0.17631056205247964)
 (-1.3774167456905744,-0.0096716869307199166)
 (-1.4045245823692816,0.16139538405415785)
 (-1.4385627737727633,0.34481178214017622)
 (-1.4757711856602906,0.54794396104064669)
 (-1.5102869830285766,0.77708785061835117)
 (-1.5344691986641179,1.037035844124623)
 (-1.5393030728833137,1.3307523741197993)
 (-1.5148476512773503,1.6591743153614515)
 (-1.4506863642184356,2.0211416572738741)
 (-1.3363393848563225,2.4134528048305017)
 (-1.1615980252607818,2.8310283342518598)
 (-0.91674449654603019,3.2671575905729835)
 (-0.59262399944816146,3.7137943251417376)
 (-0.18053911496755837,4.1618603703826746)
 (0.32806260739444659,4.6015094358756627)
 (0.94213999508403234,5.0222952746412473)
 (1.6718904805639467,5.4131777703447215)
 (2.5299265711554586,5.7622837103176066)
 (3.532901735808943,6.0563104059355117)
 (4.7037701623862782,6.2794090192137837)
 (6.0750161798330469,6.4112885354826084)
 (7.6934863958970787,6.4240940792998202)
 (9.6280680152895339,6.2772289065737761)
 (11.982786541546483,5.9084507788775822)
 (14.921017969149759,5.2176006852185006)
 (18.714566390045462,4.0342222798674277)
 (23.854833274152526,2.0454483083122579)
 (31.343802755346907,-1.390553491229813)
 (43.630762685492378,-7.8413798207419383)
 (68.845088436146298,-22.490670534708421)
 (160.98044475097174,-79.664285129748819)
 (-361.86607866482058,253.74838844592176)
 (-72.583706828673357,71.195440421932901)
 (-33.169960505553398,47.217683730567892)
 (26.696354980993661,34.755245005560568)
 (22.709641519704817,24.824563275061525)
 (19.89311912432925,18.138361656385982)
 (17.736752059439997,13.325103018905448)
 (15.979987864089873,9.6921402692291778)
 (14.476560756293628,6.8548120864318483)
 (13.139054511909784,4.5845060443713619)
 (11.913232321493249,2.7383635900193259)
 (10.764993780698632,1.2236010779762059)
 (9.6732293659620829,-0.021989064893529753)
 (8.6256401740652642,-1.0413682739495063)
 (7.6161335800924483,-1.8651877269781765)
 (6.6430893369951356,-2.5162275532029321)
 (5.7081174442122169,-3.0123431851117535)
 (4.8150967001774481,-3.3684714074922528)
 (3.9693750444051492,-3.5980096060283051)
 (3.1770671173622107,-3.7137506525469011)
 (2.444418398869741,-3.7284828176293416)
 (1.7772271841295975,-3.6553237589968566)
 (1.1803296071374303,-3.5078363905887606)
 (0.65716102274844057,-3.299964482552606)
 (0.2094105361015281,-3.0458223786452896)
 (-0.16321478466780881,-2.7593731307213964)
 (-0.46310265964443598,-2.4540305658164634)
 (-0.69471729492383028,-2.1422219585396465)
 (-0.8644487517241346,-1.8349482360675218)
 (-0.98033618133816203,-1.5413775238959877)
 (-1.0516787268575165,-1.2685051272779051)
 (-1.0885551243528631,-1.020908669646349)
 (-1.1012794277264968,-0.80062110426015354)
 (-1.0998253724495743,-0.607136790353769)
 (-1.0932552073437178,-0.43755700290938104)
 (-1.0891898867178624,-0.28687150941524237)
 (-1.0933559233091414,-0.14836278272401898)
 (-1.1092397239024927,-0.014109812740648299)
 (-1.1378729148941442,0.12443974311811894)
 (-1.1777624252247647,0.27586622939511873)
 (-1.2249677100545544,0.44818342471068129)
 (-1.2733155451745006,0.64829187232078023)
 (-1.3147315126055743,0.88151480120391523)
 (-1.3396577815672994,1.1512436647251447)
 (-1.3375199527162953,1.4587102456828873)
 (-1.2972020543577654,1.8028908320425501)
 (-1.2074882631197463,2.180536241916498)
 (-1.0574321325639502,2.5863103927054341)
 (-0.83661827261918731,3.0130102723683474)
 (-0.53528653395736658,3.4518317728578936)
 (-0.14429369987955054,3.8926386303990363)
 (0.34510873642376505,4.3241849648960855)
 (0.94170134365912361,4.7342343841706782)
 (1.6549526351422794,5.1095083731981177)
 (2.4959403486393099,5.435380588833354)
 (3.4785994280139509,5.6952063246890381)
 (4.6214067923546143,5.8691278178731281)
 (5.9497064139915974,5.9321066156409508)
 (7.4990599896223635,5.8507630824188261)
 (9.3203748337933057,5.5782603014875276)
 (11.488337506131494,5.0457433781537775)
 (14.116441326795574,4.1471979379848065)
 (17.386228308207883,2.7105265970188492)
 (21.610232968714737,0.43648099470822288)
 (27.385514965334526,-3.2481550878704448)
 (36.037736305890128,-9.6117132941041064)
 (51.287960084738351,-22.192903466886058)
 (89.36623185645297,-56.350479398184376)
 (516.79941371248606,-458.19550627782411)
 (-99.287625479176882,125.11967261642246)
 (-33.544233775396535,64.503764625361839)
 (20.952673917650138,27.156320195257731)
 (18.772233676565044,20.395147548528172)
 (17.04834483333001,15.410089950464792)
 (15.604647680108789,11.583181221210712)
 (14.33792610427405,8.5552517719640822)
 (13.18462713667267,6.1054791605383549)
 (12.104563119619703,4.0923146230753753)
 (11.072307756685312,2.4220824244165047)
 (10.072327446049455,1.0311591647388965)
 (9.0960449939188557,-0.12470975613849627)
 (8.1399532155170995,-1.0771214748880225)
 (7.2043188323615235,-1.8494037532062091)
 (6.2922242060290463,-2.4595810641524598)
 (5.4088024787823716,-2.9224302390599952)
 (4.5605820659403626,-3.2509244154639676)
 (3.7548928931150969,-3.4572434299628498)
 (2.9993105255383345,-3.5534588784272794)
 (2.301130738112374,-3.5519614253860388)
 (1.6668786212059474,-3.4656749883265663)
 (1.1018641465605377,-3.3080904744495196)
 (0.60980076334923994,-3.0931466861723056)
 (0.19250537493507808,-2.8349851100235677)
 (-0.15030274361336687,-2.5476066554571823)
 (-0.42108954384422359,-2.2444606470792001)
 (-0.62447061329725495,-1.9379985143490894)
 (-0.76704890933666547,-1.6392259771553976)
 (-0.85712947213363688,-1.3572876205846831)
 (-0.90432237457386466,-1.0991162693086194)
 (-0.91905275489443683,-0.86917630549764169)
 (-0.91200383530891127,-0.66932491823781259)
 (-0.89352478455509565,-0.49880824267176649)
 (-0.87303951322573736,-0.35440062840374009)
 (-0.85849437764707437,-0.23068527789625076)
 (-0.85588178488959654,-0.12046388214384757)
 (-0.86887252878148424,-0.015272558025473159)
 (-0.89858237171423905,0.094027579508812215)
 (-0.94348836146760162,0.21662342749221031)
 (-0.99949849428840021,0.36112794099958578)
 (-1.0601657874736037,0.535004055012404)
 (-1.1170259388570878,0.7440707983109982)
 (-1.1600277878542247,0.99211993040849311)
 (-1.1780187287880317,1.2806608625341411)
 (-1.1592435973233313,1.6087996064602261)
 (-1.0918153876836869,1.9732452121508197)
 (-0.96411902960846607,2.3684256185514481)
 (-0.76511457673643302,2.7866847261292231)
 (-0.48451254721749182,3.2185240454394295)
 (-0.11280075844065973,3.652845256167419)
 (0.35889224278921039,4.0771437301352238)
 (0.93910822094553215,4.4775963372924377)
 (1.6365552199829405,4.8389778356492519)
 (2.4608034302786068,5.1443259863200765)
 (3.4232088444262407,5.3742514570002093)
 (4.5381200923034344,5.5057459707095813)
 (5.8244781432181867,5.5102644361156052)
 (7.3080248074484766,5.3507101261780416)
 (9.0245483522814975,4.9766633977434598)
 (11.025036519110687,4.316596965241926)
 (13.384579921974634,3.2645047006676653)
 (16.219171276915205,1.6552441639706439)
 (19.720532680672051,-0.78527306061785773)
 (24.236704143996057,-4.5530077802173006)
 (30.487229786800427,-10.66366769031611)
 (40.271209269249631,-21.627619544614468)
 (59.776063798821347,-45.999251647368226)
 (134.03411925303362,-145.74980170873124)
 (-189.29018663381194,300.98567962564181)
 (-34.438143460811773,90.059035605142327)
 (17.083138030173288,22.247430747901316)
 (15.891529040388843,17.302113555712516)
 (14.846547050728878,13.405203162444263)
 (13.888028844234215,10.259648467727747)
 (12.97816791158658,7.6731218714235823)
 (12.092979301131848,5.5173185555409283)
 (11.217637237502638,3.7046745311271589)
 (10.34376562866866,2.1743240688866465)
 (9.4677576151719407,0.88323742846200703)
 (8.5896564925559939,-0.19959450794916866)
 (7.7123499957162922,-1.0971059192465242)
 (6.8409403045973951,-1.8269088814893921)
 (5.9822101671997689,-2.4032556925348221)
 (5.1441380058413166,-2.8384559049701812)
 (4.3354347264070636,-3.1439000392265495)
 (3.5650884732667962,-3.3307851545957701)
 (2.841913713642207,-3.4106025466934842)
 (2.1741090486356991,-3.3954267444860582)
 (1.5688344456189092,-3.2980329796888981)
 (1.0318231987027098,-3.1318644379944289)
 (0.56704675467943244,-2.9108688658341197)
 (0.17645150474755522,-2.6492250271853219)
 (-0.14021427439190434,-2.3609819468484012)
 (-0.38546786304226238,-2.0596369382267161)
 (-0.56404280830277642,-1.7576813721987454)
 (-0.68271753359696141,-1.466145415440308)
 (-0.75002332948491857,-1.1941740742943605)
 (-0.7758407929016804,-0.94866642988834671)
 (-0.77090165697022184,-0.73400762538406561)
 (-0.74622056800045788,-0.55191874941020469)
 (-0.71248806221873151,-0.40144318014982222)
 (-0.67946103378483547,-0.27907935431778075)
 (-0.65538962141617685,-0.17905972169197745)
 (-0.64651903536309741,-0.093764562288537689)
 (-0.65670101111987855,-0.014248381292670103)
 (-0.68714230488779915,0.069153064612553314)
 (-0.73630739685488955,0.16617422868344683)
 (-0.79998026181545612,0.28597253455614619)
 (-0.87147697993373185,0.43652485700393567)
 (-0.94198853609229449,0.62410559373555141)
 (-1.001022762057358,0.85287596097527718)
 (-1.0369070743276418,1.1246031596440846)
 (-1.0373100442253658,1.438515549227769)
 (-0.98973996329001734,1.7912872092737118)
 (-0.8819820034875816,2.1771333645400057)
 (-0.70244152286379535,2.5879878475220894)
 (-0.4403685440012387,3.0137253677597675)
 (-0.08594641106148404,3.4423846682979171)
 (0.3697648424981006,3.8603430290326992)
 (0.93503367462624298,4.2523869150319324)
 (1.6178100026891846,4.6016162046746905)
 (2.4262244853726487,4.8891078594718405)
 (3.369237078083168,5.0932450499756747)
 (4.4574508446166314,5.1885824691676365)
 (5.7041354344442734,5.1440542844501627)
 (7.1265623654880095,4.9202106629117095)
 (8.7478706452733821,4.4649343653249671)
 (10.599921284796721,3.7066114893259279)
 (12.728115713707904,2.542702697920435)
 (15.200334266785571,0.81929403800211675)
 (18.125083388962704,-1.7087242223037451)
 (21.692057925157837,-5.4637505522428826)
 (26.274328296093831,-11.258028766768625)
 (32.733470442804773,-20.922689729801483)
 (43.615182558081507,-39.766860022695859)
 (71.075382555971146,-92.880845606309151)
 (854.89304376154337,-1702.3545160053216)
 (-36.825750467669295,135.07419755938196)
 (14.891023536468616,23.538960428006501)
 (14.267617185093641,18.867859174040248)
 (13.676535097050914,15.057259500125845)
 (13.085278946580198,11.896484770329087)
 (12.475134755025168,9.2393389927589986)
 (11.835741079947956,6.9828262670111361)
 (11.162205702281268,5.0535585206576163)
 (10.453509053084007,3.3987642515950531)
 (9.7115638635264112,1.9801515678697283)
 (8.9406097579391179,0.76960230898977222)
 (8.1467762175822962,-0.25392164982160692)
 (7.3377257455238043,-1.1066453312753699)
 (6.5223292749450072,-1.801666873541057)
 (5.7103470731378065,-2.3502229806530797)
 (4.9121004234810774,-2.7626385903652455)
 (4.1381272001051883,-3.0490297282342533)
 (3.3988204857265902,-3.2198046472754203)
 (2.7040546291740535,-3.2859927380119842)
 (2.0628078626986319,-3.2594210023691121)
 (1.4827947018859682,-3.1527526061443583)
 (0.97012458673265789,-2.9794000732401589)
 (0.52900532278166312,-2.753326195885184)
 (0.16151062346508877,-2.4887479671321477)
 (-0.1325697076944056,-2.1997621332525643)
 (-0.35578074593650832,-1.8999147138531196)
 (-0.51294223339783451,-1.6017404958625086)
 (-0.61097018038933304,-1.31630156193)
 (-0.65857986136239344,-1.0527558817153739)
 (-0.66587734522510922,-0.81798742347278908)
 (-0.64385480601588774,-0.6163277296576215)
 (-0.60381294086594106,-0.44939513427405331)
 (-0.55674115407970437,-0.3160716345144961)
 (-0.51269191567665362,-0.21262896299666839)
 (-0.4801890163207716,-0.1330050542038724)
 (-0.46570957936737301,-0.069220623114564589)
 (-0.47327618962848661,-0.011914053944335569)
 (-0.50418831194211333,0.04903748807346392)
 (-0.55691176418617816,0.12385056404693398)
 (-0.62713234687490937,0.22216556944055982)
 (-0.70796617357031288,0.35241828211889781)
 (-0.79030633463558364,0.52129216293395819)
 (-0.86327472799401539,0.73328230081919921)
 (-0.91474034950347216,0.99039057384870177)
 (-0.93186169933058483,1.2919586802744574)
 (-0.90161131116500237,1.6346325443436844)
 (-0.81124431359063953,2.0124394066729678)
 (-0.64867957613104765,2.4169484896026106)
 (-0.4027703738703563,2.8374778398025535)
 (-0.063450609850211115,3.2613036628331207)
 (0.37824843236129607,3.6738235917549007)
 (0.93030779804833286,4.0586208646637489)
 (1.599947483839897,4.3973708505558893)
 (2.3939559942541981,4.6695226106029173)
 (3.3191074558573415,4.8516728400956506)
 (4.3826542855006325,4.9165217920560531)
 (5.5928950456611677,4.8312497826449023)
 (6.9598441326546192,4.555057078221731)
 (8.4960870391138972,4.0354243946889987)
 (10.218023535027509,3.2022772474103425)
 (12.14795200160316,1.9584460707026006)
 (14.318002739660082,0.16303705468953855)
 (16.778241740712755,-2.3999691283519002)
 (19.614696321893721,-6.0870065596565208)
 (22.993271563430735,-11.547715100916724)
 (27.281950882830781,-20.14264887944362)
 (33.471871842832073,-35.376378529348429)
 (45.308264987306444,-70.15423048558381)
 (98.060860407245627,-244.84157736876796)
 (-44.504520619381992,245.71964942259154)
 (2.862371357394359,88.215650927378874)
 (12.210650353393806,19.975455567949773)
 (12.085399724878123,16.424208494902572)
 (11.897322548949559,13.375240615133134)
 (11.632770629629144,10.737608534511487)
 (11.287326972768566,8.4426273189558216)
 (10.862017049341906,6.438536082292301)
 (10.361269051156544,4.6863848299221136)
 (9.7917969558260616,3.1568480739641491)
 (9.1619646338474396,1.8277393003427063)
 (8.4813943209701961,0.68205849488676007)
 (7.7606922972820271,-0.29355071521888615)
 (7.0112229613290253,-1.1100250308359469)
 (6.2448936077227799,-1.7768530753734169)
 (5.4739291626469448,-2.3028428558682461)
 (4.7106260022922362,-2.6967192950932484)
 (3.967080543304339,-2.9675752510300359)
 (3.2548934329154799,-3.1251913792366013)
 (2.5848546931179763,-3.1802345809596479)
 (1.9666193133357761,-3.1443414227576669)
 (1.4083864613052413,-3.0300916150412469)
 (0.91659847972562714,-2.8508771543090949)
 (0.49567790833728226,-2.6206747678144309)
 (0.1478216872899023,-2.3537325011635026)
 (-0.12712872708283005,-2.0641852723246759)
 (-0.33172449682967586,-1.7656185644901679)
 (-0.47084037651065885,-1.4706037051771164)
 (-0.55149106228169198,-1.1902319148792446)
 (-0.58253080651895595,-0.93367701764432698)
 (-0.57424171331593887,-0.70781789114786231)
 (-0.53782442200640201,-0.51695092378069774)
 (-0.48481335508390411,-0.36261955655817724)
 (-0.42644658010909231,-0.24358220624924221)
 (-0.37302670339028243,-0.15593154884987676)
 (-0.33331313339166679,-0.093367694283011615)
 (-0.31398669700771098,-0.047615993922405994)
 (-0.31922442551212554,-0.008968230354550492)
 (-0.3504152621967338,0.033084893367300035)
 (-0.40603694019938691,0.089170332356236739)
 (-0.48170133950859717,0.16934327999450835)
 (-0.57036168185936909,0.28243680342120925)
 (-0.66266158802262776,0.4354911319735274)
 (-0.74739485819090534,0.63329466443602822)
 (-0.81203706260957731,0.87805719175945252)
 (-0.84330634458894804,1.16922259620423)
 (-0.82771134709076344,1.5034148297143517)
 (-0.75204844200344867,1.8744985574577129)
 (-0.60381764128141102,2.2737253672957456)
 (-0.37153568206990861,2.6899283067976709)
 (-0.044934787292794653,3.1097216408253918)
 (0.38495435678325407,3.5176586059120276)
 (0.92582743478978524,3.8962966678990947)
 (1.5842227832136069,4.2261160789119625)
 (2.3657056969396177,4.4852315708618349)
 (3.2750919774804688,4.6488260734663607)
 (4.3166789618142545,4.6882147820833868)
 (5.4944531633504559,4.5694091903938876)
 (6.8122514784943204,4.2509770493680099)
 (8.2738737736703651,3.6808509436316097)
 (9.8831907863398918,2.7914504881491555)
 (11.644387987767823,1.491881532605267)
 (13.562689741884972,-0.34534782314751178)
 (15.646357390706914,-2.9087602920814595)
 (17.91183558806356,-6.4970809646003831)
 (20.396873781313491,-11.629329326364132)
 (23.196021921209539,-19.326972195594543)
 (26.571979731709963,-31.987961080759295)
 (31.421525043052043,-57.054733039198027)
 (42.891805141092966,-135.59408609245372)
 (-113.58834111250093,1113.2844562519988)
 (13.225088497928709,119.20411615235395)
 (10.07460687334601,17.365464769530057)
 (10.298407129357578,14.578757776889947)
 (10.409850704271904,12.076523606276155)
 (10.399589108300574,9.8290894654175744)
 (10.267695640342243,7.8120281779108405)
 (10.019910793394375,6.0055948734520097)
 (9.6654371859070345,4.3940009773259217)
 (9.2156293958736626,2.9646464527602703)
 (8.6832001192289354,1.7073746941968846)
 (8.0817220139638906,0.61378268231285038)
 (7.4252950098272885,-0.32339889254834087)
 (6.7283007898565694,-1.1108505159440152)
 (6.0051963672686561,-1.7551332992330122)
 (5.2703168882593445,-2.2630839352538321)
 (4.5376695294959362,-2.64213563007588)
 (3.8207087103576929,-2.9005641601409837)
 (3.1320894311400087,-3.0476568026547959)
 (2.4834011545574191,-3.0938009660976733)
 (1.8848895568904815,-3.0504892763766351)
 (1.345177708386752,-2.9302388497187799)
 (0.87100168627592967,-2.7464245559635971)
 (0.46697810768940767,-2.5130291760416501)
 (0.13542240898491339,-2.24431731965851)
 (-0.12376328016885638,-1.9544445518552329)
 (-0.31311526141028567,-1.6570180715265639)
 (-0.43753199270241794,-1.3646301195023094)
 (-0.50408662689500416,-1.088389633963029)
 (-0.52172472914660351,-0.83748102493530974)
 (-0.50085102772537105,-0.61878077829137135)
 (-0.45281749138458016,-0.43656240073424835)
 (-0.38933381425371405,-0.29231753780805919)
 (-0.321829715777606,-0.18471567102615397)
 (-0.26080536082382211,-0.10971664544709914)
 (-0.21521065829029551,-0.060839786779992099)
 (-0.19189530402768568,-0.029581343034634444)
 (-0.19516859569112877,-0.0059596122913758995)
 (-0.22650113562392632,0.020844175321482493)
 (-0.28439000289409722,0.061789902315933252)
 (-0.36439584288545313,0.12727317607348604)
 (-0.45934606894004965,0.22645653692443146)
 (-0.5596846915699123,0.36667894588201844)
 (-0.65393781474277823,0.55297666396817879)
 (-0.72925585034060292,0.78773690644019845)
 (-0.77198974552365862,1.0704921951230975)
 (-0.7682591223564168,1.3978496499613342)
 (-0.70447476213868732,1.7635368871338231)
 (-0.56778549086225416,2.1585356774322988)
 (-0.34642920374278219,2.5712665347767976)
 (-0.029978483951228041,2.9877819305252658)
 (0.39051782660056339,3.3919224145059328)
 (0.92248524853955505,3.7653877686232504)
 (1.5718448496762949,4.0876733141521973)
 (2.3430744269729149,4.3358181459538452)
 (3.2392710318682827,4.4839051979079407)
 (4.262169017357663,4.5022390655327671)
 (5.4120618405385894,4.3560998564168845)
 (6.6875718386441241,4.0039171342332089)
 (8.085211299955521,3.3946008759961184)
 (9.5986818387275807,2.4635501133263347)
 (11.217868033702221,1.1264099923017419)
 (12.927492081160786,-0.73132692252639853)
 (14.705391879531597,-3.2730085328098415)
 (16.520307386015073,-6.7474131870909542)
 (18.328719985625046,-11.567705590791993)
 (20.069017314255127,-18.503211215202679)
 (21.646197174658727,-29.226057772470842)
 (22.875087532051523,-48.300226309552748)
 (23.148871131967926,-94.446058894324523)
 (14.146443586107182,-445.47192490351836)
 (34.160220601601225,184.73150764229752)
 (8.2634140878266624,15.339104411011537)
 (8.7642059687853724,13.123627315962512)
 (9.1207172826992959,11.041387042472625)
 (9.32376340900481,9.1000731382806244)
 (9.3745736266150921,7.3043179784325254)
 (9.280985241015971,5.6567516420325408)
 (9.0549799051101036,4.1586244239755148)
 (8.7110712468034706,2.8101537176174198)
 (8.2652414215992867,1.610693792256062)
 (7.7342346958009394,0.55879121974443835)
 (7.1350819882856316,-0.34783315610502064)
 (6.4847706454258613,-1.112347851651625)
 (5.7999996325733401,-1.738899534425149)
 (5.0969780785417989,-2.2327104418314647)
 (4.3912382155588112,-2.6001697784654683)
 (3.6974441249660357,-2.8489053391457224)
 (3.0291863275580888,-2.9878222536777672)
 (2.3987596356031942,-3.0270966587385528)
 (1.8169280161163681,-2.9781135991624206)
 (1.2926855486660433,-2.853340728201248)
 (0.83302685422883271,-2.6661324813567395)
 (0.44274353195234134,-2.4304633140189815)
 (0.12426504771440455,-2.1605932127943386)
 (-0.12243696239235968,-1.8706738343021376)
 (-0.29986301199243309,-1.5743090407411366)
 (-0.41290337969948082,-1.2840889578186887)
 (-0.46864801636383613,-1.0111215641395477)
 (-0.47608372126513482,-0.76458973915323969)
 (-0.44568101898295287,-0.55136409954836285)
 (-0.38888172088458361,-0.3757022834821484)
 (-0.31750719763941465,-0.23906311200058983)
 (-0.24311608560730033,-0.14005895899756951)
 (-0.17634748875668185,-0.074561680298752514)
 (-0.12629064751756305,-0.035966965391416618)
 (-0.099923565441082565,-0.01560979519681285)
 (-0.10166056028118642,-0.0033110292492440933)
 (-0.13304197329614129,0.011976515235885891)
 (-0.19258876534108932,0.041463266753286251)
 (-0.27583148893155729,0.095805468262715882)
 (-0.37550866440987524,0.18442184289965685)
 (-0.48191565356117233,0.31488689020979382)
 (-0.58337340077557476,0.49243480344276419)
 (-0.66677823695265637,0.7195962016006614)
 (-0.71819009845663451,0.99597628313270636)
 (-0.72341715422274766,1.3181691897931129)
 (-0.66855953339948715,1.6797907015367994)
 (-0.54048276304412657,2.0716008688437806)
 (-0.32720162088414584,2.4816803465294441)
 (-0.018166359062888437,2.8956190558473658)
 (0.39554517668952133,3.2966729882026895)
 (0.92111467784441792,3.6658437779527606)
 (1.5639240608366158,3.9818351751021996)
 (2.3275136650910815,4.2208395390146123)
 (3.2135118584654712,4.3561042820507563)
 (4.2214799056429761,4.3572201381150828)
 (5.3486055780123829,4.1890553341358387)
 (6.5891677007797735,3.810222599366142)
 (7.9336802216235043,3.170889773898014)
 (9.3676043139226515,2.2095880338020883)
 (10.869478726975357,0.84834393820880427)
 (12.408229768504764,-1.0152432535813265)
 (13.939195468618687,-3.5219365617041145)
 (15.397791070955083,-6.8775214416512229)
 (16.688036561669033,-11.408620496455931)
 (17.657974730883975,-17.692352950726089)
 (18.035921513396222,-26.901220312644295)
 (17.222992670255863,-41.92259215356804)
 (13.34432276434368,-72.438227544347072)
 (-5.8439882124024223,-183.41221601596735)
 (111.51192285930705,434.5863333442083)
 (6.6546942475702071,13.673826093274137)
 (7.396398162556773,11.923286813566536)
 (7.9690992583418216,10.186152561079185)
 (8.3624470155682715,8.497940050423674)
 (8.5776498910900987,6.8856454670073397)
 (8.6236311465837208,5.3696452849443501)
 (8.5143218579393647,3.9650565010015657)
 (8.2667410181351446,2.6827423288325991)
 (7.8996394187926757,1.5300720631609399)
 (7.4325536325336792,0.51149896900238501)
 (6.885156429242663,-0.37100414463558606)
 (6.2768153733394252,-1.1176237761934553)
 (5.6262898824919869,-1.7304759784561696)
 (4.9515122840689347,-2.2134464404897392)
 (4.2694118417478482,-2.5720790308531014)
 (3.5957528010538042,-2.8134915099736362)
 (2.9449682922264753,-2.946297699281117)
 (2.3299814007610489,-2.9805167452989503)
 (1.7620128385199814,-2.9274523333569142)
 (1.2503814072963586,-2.7995277905038063)
 (0.80230883247083262,-2.6100669224105006)
 (0.42274453402125184,-2.3730150709454607)
 (0.11422844685043923,-2.1026001378892634)
 (-0.12318897497106841,-1.8129390303551673)
 (-0.29195103245701737,-1.5176009179406744)
 (-0.39690711015903041,-1.2291445452759615)
 (-0.4451209244846509,-0.95865222013091023)
 (-0.44556839901137979,-0.71528750835140853)
 (-0.40872629782683645,-0.50590655327067324)
 (-0.34606138412812815,-0.33475371924053349)
 (-0.26943910913850067,-0.20327042090833089)
 (-0.19047982267463381,-0.11004120239930187)
 (-0.11989818956558315,-0.050893333005880011)
 (-0.066866783573105382,-0.019155750403324099)
 (-0.03844670614654145,-0.0060709235644315976)
 (-0.039125845668757764,-0.0013403573868234642)
 (-0.070498857355366387,0.0062274675613516305)
 (-0.13111252557138781,0.028007365869505751)
 (-0.21648691092087094,0.074832175339958201)
 (-0.31930811762742506,0.15629908262288245)
 (-0.42977442386634224,0.28015066215691675)
 (-0.53606562296872096,0.45176529523294962)
 (-0.62489710078824889,0.6737798625136332)
 (-0.68211623791509979,0.94585399059455955)
 (-0.69329934751739575,1.2645712694439606)
 (-0.64431212769008384,1.6234601593949314)
 (-0.52180468771670041,2.0131068129877026)
 (-0.31362256718562059,2.4213243077379643)
 (-0.0091267924204732065,2.8333379029906518)
 (0.40057191301018602,3.2319435837561654)
 (0.92244765171780019,3.5975967437996434)
 (1.5614337817082358,3.9083886164411568)
 (2.3202968998994944,4.1398690581327129)
 (3.1994583895935493,4.2646743271710292)
 (4.1966993129487715,4.2519157206501372)
 (5.3066709407713804,4.0662759397166113)
 (6.5201173158841819,3.6667380373924772)
 (7.8226953952938452,3.0048226071146127)
 (9.1932460561204543,2.0221025542490292)
 (10.601308808434101,0.64653686258917631)
 (12.003541112870284,-1.2133280093310692)
 (13.338387662054275,-3.6783320824877004)
 (14.517548138987433,-6.9174207553798732)
 (15.410673801705682,-11.185943879883594)
 (15.813659024696339,-16.911557117402239)
 (15.37135113653083,-24.910073204850924)
 (13.349675433445322,-37.023307572831655)
 (7.7568265445565174,-58.564328337149036)
 (-10.22144429931231,-113.73627837957949)
 (-314.22086541381481,-959.67338053147807)
 (5.183056773001959,12.229405260605198)
 (6.1444461072825174,10.885654860359423)
 (6.9166693488367628,9.4499824809592177)
 (7.4869118273719213,7.982007837809892)
 (7.8555044176772348,6.5283291053228085)
 (8.031867925955126,5.1250333951824683)
 (8.0314717341208723,3.7996062340992052)
 (7.8735507658865345,2.5724483122385857)
 (7.5794173096484343,1.4581148124498788)
 (7.1712458092946045,0.46633695023150967)
 (6.6712275928910083,-0.39714273535272993)
 (6.1010039421866473,-1.1299004272227686)
 (5.4812967929282532,-1.7323068120472607)
 (4.8316687516201391,-2.2071265408606)
 (4.1703577814695088,-2.559216325979718)
 (3.5141458610634806,-2.7952946919537043)
 (2.8782341889274976,-2.9237560495071424)
 (2.2761094323691409,-2.9545030138200432)
 (1.7193957552479109,-2.8987735338065623)
 (1.2176957924832315,-2.768943181695481)
 (0.77843038055745839,-2.5782876411167939)
 (0.40669175489308995,-2.3406958344433555)
 (0.10512812484698469,-2.0703300763997672)
 (-0.1261209662157608,-1.7812359548346601)
 (-0.28941933685716786,-1.4869111060307763)
 (-0.38954181746576039,-1.1998483862518738)
 (-0.43348166248724634,-0.93107476620997032)
 (-0.43015026986608884,-0.68971211431824564)
 (-0.3899691502763234,-0.48258933016948241)
 (-0.32436278185566503,-0.3139364533820016)
 (-0.24517036354123473,-0.18518987264123685)
 (-0.16400367974522032,-0.094933235760415402)
 (-0.091586250891338761,-0.038991054269933212)
 (-0.037114529935855678,-0.01068165474307332)
 (-0.0076840772984874762,-0.0012238657385910613)
 (-0.007821679844072095,-0.00027888454014508347)
 (-0.039158052785736433,0.0034033262310780863)
 (-0.10026548283174248,0.021273411566235495)
 (-0.18667157521164629,0.064253894224222702)
 (-0.29104569734799035,0.14203958227841812)
 (-0.40354056445667397,0.26247052131235238)
 (-0.5122594306414423,0.43101260356390619)
 (-0.60381092714142226,0.65036928633482904)
 (-0.66390956014026625,0.92023433613581385)
 (-0.67798043415479303,1.2371817005966987)
 (-0.63173150789153132,1.5946759474665282)
 (-0.51166480237630618,1.9831762578616656)
 (-0.30550845413335415,2.3902993071252809)
 (-0.0025633524260846863,2.8010016360196577)
 (0.40602946721008348,3.1977400591547003)
 (0.92708196266863607,3.5605687856782362)
 (1.5651815524244801,3.8671336296164527)
 (2.322499095987455,4.0925263043335605)
 (3.1985254548744848,4.2089645752741562)
 (4.1896654886291183,4.185265900101248)
 (5.2886022354824505,3.9860810789447259)
 (6.4833247414494783,3.5708460417409693)
 (7.7556878360653139,2.8923847695784506)
 (9.0793344714434454,1.8950339669945309)
 (10.416744003837458,0.51201606753407125)
 (11.715029351944724,-1.3385356568449049)
 (12.899780906088742,-3.7602168658422794)
 (13.865456709656376,-6.890616058927912)
 (14.458763881152921,-10.926088284202354)
 (14.445854854876377,-16.176111181794184)
 (13.437208679176164,-23.19415428129922)
 (10.684440614949512,-33.135973326380963)
 (4.3968814055589682,-48.960322029243798)
 (-11.547162525808954,-81.178025853193262)
 (-84.478904645334396,-212.18667819908831)
 (3.8187854040419351,10.915299764919631)
 (4.9820544387943571,9.9461920131594539)
 (5.9413831088233415,8.7869778570615757)
 (6.6792918078699008,7.5194525117092024)
 (7.1939395303017042,6.2086188808135132)
 (7.494512573577377,4.905460903853589)
 (7.5976253967350402,3.6492261606444414)
 (7.5245302059808559,2.4693649496910464)
 (7.2990047136440745,1.3872061631426216)
 (6.9458109784305098,0.41740357015983787)
 (6.489621769926357,-0.43083619555863906)
 (5.9543116667412903,-1.1527369466193176)
 (5.3625154051329424,-1.7471352045098996)
 (4.735367040346075,-2.2158407038535168)
 (4.0923486093741888,-2.5631470385876529)
 (3.4511938247714236,-2.7954596922104846)
 (2.8278088850144507,-2.9210070953095064)
 (2.2361874647716684,-2.9496014286521515)
 (1.6883097089267376,-2.8924190238508221)
 (1.1940254139573998,-2.7617748178683561)
 (0.76092960654167152,-2.5708709296940109)
 (0.3942445822233539,-2.3335057164290438)
 (0.09672630086213696,-2.0637363955854284)
 (-0.1313850505021712,-1.7754952967995856)
 (-0.29235048905030581,-1.4821668250839055)
 (-0.39083569482572877,-1.1961390181100544)
 (-0.43371831693682683,-0.92834981051492249)
 (-0.42979061201853619,-0.68785332351705675)
 (-0.38935627507029918,-0.48143513311583197)
 (-0.32372904686861892,-0.31330694973749751)
 (-0.24465014642466032,-0.18490992905025774)
 (-0.16365091776906454,-0.094851557346083137)
 (-0.091395229754797191,-0.038993643179703358)
 (-0.037041973519027653,-0.010698738614175991)
 (-0.0076704100205029109,-0.0012301147659058223)
 (-0.0078093854666611805,-0.00028746859866925423)
 (-0.039105318291161199,0.0033516206582269747)
 (-0.10015376162120015,0.021124232383998715)
 (-0.18650629071152813,0.063954373270941972)
 (-0.29084999222904978,0.14155200042769861)
 (-0.40334273586866465,0.26178219307222994)
 (-0.51207543105470332,0.4301397785571715)
 (-0.60362400754315848,0.64935325881871575)
 (-0.66364974638192187,0.9191285283442826)
 (-0.67750702848568889,1.2360292086920297)
 (-0.63082218636358978,1.5934778684185715)
 (-0.51001515449102686,1.9818520087098155)
 (-0.30274604193823695,2.3886410746219489)
 (0.0017193431851954544,2.7986260570334616)
 (0.41221833677460779,3.1940412930383637)
 (0.93545497269929045,3.554678461286322)
 (1.5757853667114432,3.8578950543771264)
 (2.3349783351870244,4.0784933942978334)
 (3.2118899541478338,4.1884412224694634)
 (4.2019743956534086,4.1564107013275358)
 (5.2965344819798421,3.9471185760142404)
 (6.4815927610073114,3.5204542585838743)
 (7.7362352560245693,2.8303795133476619)
 (9.0302399485893421,1.823560764240137)
 (10.32073633195483,0.43762446155987877)
 (11.547513846898063,-1.4012552311571118)
 (12.626309605069427,-3.7821573917771949)
 (13.438711890952074,-6.8163196129183667)
 (13.815561905302955,-10.651190987948866)
 (13.506088402714287,-15.501414968997068)
 (12.111748202573807,-21.722120027514261)
 (8.9210001717002321,-29.999031510440169)
 (2.414257586518497,-41.920793231170215)
 (-11.676626814485214,-62.210994967548892)
 (-53.076796993394197,-113.29193737270938)
 (2.554566088574048,9.6719767877642067)
 (3.8995665495531755,9.0581403789140182)
 (5.0332381803698159,8.1609746588251983)
 (5.9302872241895672,7.0824198270094332)
 (6.5847806095586661,5.9049898439649233)
 (7.0045825064087301,4.6941711986901762)
 (7.2068904410833046,3.5007616854609633)
 (7.2147180593363371,2.3630912252191378)
 (7.0542123368704299,1.309085201100189)
 (6.7526957062131441,0.35812960361901208)
 (6.3373130317833368,-0.47729738645928776)
 (5.8341561625409843,-1.1902477963391267)
 (5.2677415883986551,-1.7781811672178249)
 (4.6607293266383323,-2.2420792936200082)
 (4.0337902122586895,-2.5857670529916414)
 (3.4055504062369435,-2.8153997528451837)
 (2.7925631432857774,-2.9390743954136602)
 (2.2092766718622316,-2.9665233082035938)
 (1.667983165252763,-2.908852485073814)
 (1.1787459536579337,-2.7782926945372353)
 (0.74931195200118217,-2.5879381927269041)
 (0.38502297039999911,-2.3514552393242978)
 (0.088744010340497947,-2.0827502508002596)
 (-0.13917109833812952,-1.7955951307919484)
 (-0.30085614488494838,-1.5032149075787782)
 (-0.40083225483786949,-1.2178500563210186)
 (-0.44581578108694969,-0.95031247437479283)
 (-0.44442489391890361,-0.70955958846499589)
 (-0.40678274900114497,-0.50231498130237118)
 (-0.34402384084865978,-0.33276566077987024)
 (-0.26771965070635251,-0.20236512381269173)
 (-0.18924911308072806,-0.10976731541487464)
 (-0.11914768720782776,-0.050909372058359922)
 (-0.06647477303608805,-0.019250997014128527)
 (-0.038241794650978239,-0.0061662432940254499)
 (-0.038941735555031332,-0.0014706129377633115)
 (-0.070215004940701237,0.0059457459663888801)
 (-0.13067662812750622,0.02741775058939528)
 (-0.21591690891817222,0.073783072172850267)
 (-0.3186734301561826,0.15468430734589042)
 (-0.42915831783388286,0.27793870372356133)
 (-0.53551281544803397,0.44901067307226888)
 (-0.62435277453802851,0.67061114764344554)
 (-0.68136449018257517,0.94243476531610137)
 (-0.69191059980725012,1.2610324558776818)
 (-0.64161016380215141,1.6198046302310773)
 (-0.51686480990117234,2.0090898786642222)
 (-0.30531303207961369,2.4163164564018489)
 (0.0037934826737746064,2.8261790496994301)
 (0.41928492385613536,3.2208012361161291)
 (0.94781995719172463,3.5798443798607327)
 (1.5936500855951921,3.8805261413832364)
 (2.3583531240015061,4.0975161823361184)
 (3.2404706447168157,4.2026831185009534)
 (4.2349652898796784,4.1646757039553837)
 (5.3323914367281677,3.9483331777829327)
 (6.5176456863824441,3.5139349671673559)
 (7.7681303583547159,2.8163174401859434)
 (9.0511201039681985,1.8039001260495664)
 (10.320059570066279,0.4176612936214506)
 (11.509412705071242,-1.409952491907815)
 (12.527460760542052,-3.7563868230801747)
 (13.245917750362747,-6.7113139669703346)
 (13.483902170475933,-10.381858847086622)
 (12.980326740886587,-14.905538423763309)
 (11.339227143969666,-20.483043608960301)
 (7.9040174794931293,-27.46361071439356)
 (1.4178729885930732,-36.585366281521971)
 (-11.104551218949101,-49.776293450270899)
 (-39.647591834251941,-73.875110344165236)
 (1.3963483097219407,8.4585284795731948)
 (2.8985520033768468,8.1856819242238945)
 (4.1911843815087355,7.5416660277088763)
 (5.2374727648569959,6.6457252050973201)
 (6.0249979866829948,5.5966896358919787)
 (6.5588754694649616,4.4741227286393102)
 (6.8561149137536672,3.3402415885879586)
 (6.9411206114968573,2.242194316028673)
 (6.8422547841822539,1.2144250727065744)
 (6.5893452559889187,0.28094168159328525)
 (6.2119857332512236,-0.54263726808784285)
 (5.7384609793879111,-1.2473251834409305)
 (5.1951320635389875,-1.8293239533695562)
 (4.6061346234991554,-2.2888829662791501)
 (3.993269430452679,-2.629425895912413)
 (3.3759936339623762,-2.8568974468153123)
 (2.7714487714336489,-2.9792775933938938)
 (2.1944856690604961,-3.0062121291405717)
 (1.6576659005249912,-2.9487134030964244)
 (1.1712345569524554,-2.8188923257279859)
 (0.74307019939990704,-2.6296909821728729)
 (0.37862561321346949,-2.3945938369073936)
 (0.080877902763950626,-2.1273041851335459)
 (-0.14969104193393268,-1.8413810000969288)
 (-0.31506235541775884,-1.5498394941123694)
 (-0.41957665475290223,-1.2647263769464294)
 (-0.46974321460523183,-0.99668769468323104)
 (-0.47395152717308398,-0.75455288655271957)
 (-0.44208224140591212,-0.54496281895066767)
 (-0.38502318034830391,-0.37207149516139065)
 (-0.31410562692269411,-0.2373503731074747)
 (-0.24048549860337332,-0.13952037923341731)
 (-0.17450234031032452,-0.074629700249247088)
 (-0.12505510075148402,-0.036285589138286618)
 (-0.099036360841397428,-0.016036528851334338)
 (-0.10086530281032854,-0.0038883838561902659)
 (-0.13215400087511431,0.011073840293614568)
 (-0.19153196309941894,0.039996730074099596)
 (-0.27464127247649206,0.093545855684579293)
 (-0.37430066839569381,0.18121551165742061)
 (-0.48082322387052057,0.31070325017669026)
 (-0.58246059144644202,0.48738409489372314)
 (-0.66593844580688211,0.7139085020124899)
 (-0.71704353686877442,0.98993545435213237)
 (-0.72122287371893656,1.3119990246307158)
 (-0.66415964516876969,1.6734946501185308)
 (-0.53229784363680777,2.0647611997681197)
 (-0.31329734814797588,2.4732272459229603)
 (0.0035873410925714166,2.8835849476211664)
 (0.42719898836766146,3.2779525080589567)
 (0.96422097952510888,3.6359860653343201)
 (1.6189385341482416,3.9349039545977709)
 (2.3929681088589385,4.1493906219062211)
 (3.2848868316177153,4.2513545724658499)
 (4.289671719301567,4.2095256878301326)
 (5.3978314228813797,3.9888938894386667)
 (6.5940799132256291,3.5500161188484638)
 (7.8553604553803549,2.8482551789988833)
 (9.14797769585204,1.8330648663700539)
 (10.423531941437414,0.44750031316433908)
 (11.613260822258169,-1.3718003380972905)
 (12.620241216832554,-3.69388180300471)
 (13.3085740914727,-6.5917864141812901)
 (13.487844711062959,-10.140103502860791)
 (12.888939757705014,-14.413007661795502)
 (11.121262907343363,-19.486628152708043)
 (7.5841931258211019,-25.455874966026919)
 (1.2520506041841308,-32.493131920892594)
 (-9.9449552320539194,-41.036233081858171)
 (-31.368552950019044,-52.479492283381845)
 (0.35718305386741056,7.2433190063085613)
 (1.9880147966477792,7.2984617060541908)
 (3.4209253746370076,6.9013054434801973)
 (4.6041043321623336,6.1847768009172412)
 (5.5161160599955226,5.2623544301041054)
 (6.1577233529192608,4.2270130988754682)
 (6.5448295786840536,3.1521561216084626)
 (6.7027517063378763,2.0936560213644935)
 (6.6618374216764789,1.092397625571252)
 (6.4543095246933859,0.17691378754373882)
 (6.1121445723535182,-0.63414747227732315)
 (5.6657618413486217,-1.3298703537269345)
 (5.1433027262779696,-1.9052926454291148)
 (4.5703072835276277,-2.3600003391272777)
 (3.9696321616482781,-2.6970573478255657)
 (3.3614938142581292,-2.9222127755883052)
 (2.7635572278781391,-3.0433216695230332)
 (2.1910208376088685,-3.0699170275598764)
 (1.6566722297533076,-3.0128775325115131)
 (1.1709071146110386,-2.8841446113158256)
 (0.74171681654198174,-2.6964524713926084)
 (0.37465815123734336,-2.4630449056667532)
 (0.072824875086924368,-2.1973624744693021)
 (-0.16315748602036143,-1.9126929913915416)
 (-0.33509129565617246,-1.6217869724028284)
 (-0.44710057202878761,-1.3364477457721093)
 (-0.50544219223549236,-1.0671130681370797)
 (-0.51822345229833167,-0.82245102807863268)
 (-0.49502218362057432,-0.60899729831409233)
 (-0.44641427365622172,-0.43086289878621109)
 (-0.38342287560341004,-0.28954104551508181)
 (-0.3169129858793846,-0.18383801361888963)
 (-0.25696337022441373,-0.10994614883202214)
 (-0.21225388502714321,-0.061667536523763278)
 (-0.18950901612230159,-0.030785164557345982)
 (-0.19303719879225545,-0.0075659148918128432)
 (-0.22439995376598526,0.018632101285327614)
 (-0.28223546481984174,0.058684924198213043)
 (-0.36224894449610701,0.12300389198990085)
 (-0.45736847181264312,0.22085715830766997)
 (-0.55805164727963552,0.35975310193542698)
 (-0.65271702191298764,0.54491989585360256)
 (-0.72826608815468785,0.7789051050883139)
 (-0.7706574077209758,1.0613069940178155)
 (-0.76549435097045149,1.3886366581683487)
 (-0.69859159490673073,1.7542983850134293)
 (-0.55649231244454089,2.1486656825947095)
 (-0.3269171180012172,2.5592226860734941)
 (0.00086335642057938644,2.9707353001521204)
 (0.43572831362891468,3.3654133659175334)
 (0.98446187599228951,3.7230241894390375)
 (1.6515314335347961,4.0209188841718539)
 (2.4388402456198968,4.2339364211659003)
 (3.3453847955453124,4.3341568653250562)
 (4.366721837036442,4.2904866956723078)
 (5.4941174141582936,4.0680784005009762)
 (6.7132080810315049,3.6276187483951303)
 (8.0019508765409508,2.9245731479596246)
 (9.3275718876517413,1.908558855555774)
 (10.642143758764114,0.52315277323949283)
 (11.876332504113577,-1.2933627818265641)
 (12.930753252431431,-3.6055389055332925)
 (13.664239979351011,-6.4754647118412283)
 (13.878052261142638,-9.9531650918268788)
 (13.294215158931713,-14.060973323955595)
 (11.523611535676396,-18.770159361486282)
 (8.0116485089713088,-23.968184035654772)
 (1.9259566824416545,-29.413602550963194)
 (-8.1234554546225546,-34.666330982254308)
 (-24.914472058724499,-38.936620768974151)
 (-0.54615504608365684,5.9963042656998295)
 (1.182183198236902,6.3667353387881418)
 (2.7336300838371201,6.2115864174710298)
 (4.0384602535094096,5.6735002447691194)
 (5.0639468804574177,4.8785719041135884)
 (5.804953549993165,3.9322446146276455)
 (6.2753332559690618,2.918687404093717)
 (6.5007805157563077,1.9022847421645932)
 (6.5133313603949894,0.93021419237621106)
 (6.3474253355460579,0.035401878169987744)
 (6.0372928826161791,-0.76059572788245877)
 (5.6153744887295218,-1.4450356376338704)
 (5.1114824884194068,-2.0118664237918686)
 (4.5524551656778289,-2.4600546976050817)
 (3.9621054778120781,-2.7923185496104654)
 (3.3613201336954086,-3.0141991921390971)
 (2.768211850441511,-3.1333935097602028)
 (2.1982656647978032,-3.1592730154741178)
 (1.6644490671439018,-3.1025235410889147)
 (1.177276597193081,-2.9748514641239812)
 (0.74483393298442768,-2.7887144174773275)
 (0.37277589116927834,-2.5570462295211471)
 (0.064318332597851802,-2.2929568734298211)
 (-0.17975340327273925,-2.0093983461614702)
 (-0.36103667151580943,-1.7187966471071756)
 (-0.48340327295041241,-1.4326583688645225)
 (-0.55281350281953179,-1.161167736628312)
 (-0.57704077517129937,-0.91279598704695331)
 (-0.56530231238474959,-0.69394936817631292)
 (-0.52779993908406553,-0.50868427693620943)
 (-0.47518435958483701,-0.35851763065613229)
 (-0.41796561482737671,-0.24235712261431089)
 (-0.36590067168727003,-0.15656944119635158)
 (-0.32739515612187642,-0.095195146311923912)
 (-0.30895905297615339,-0.050307472807961856)
 (-0.31475502410592526,-0.012500081699725132)
 (-0.34627262076611676,0.028522794825493032)
 (-0.40215249154013299,0.08328972759987896)
 (-0.47817273064932209,0.16188073976981412)
 (-0.56739624609503758,0.27326450873770414)
 (-0.66046511815959152,0.42469443927321027)
 (-0.74601692149833887,0.62119698106048293)
 (-0.8111900801601224,0.86517564594017748)
 (-0.84218116443871627,1.1561425875313682)
 (-0.82481671683694313,1.4905776560752135)
 (-0.74510535434834702,1.8619036436451233)
 (-0.58974191060043513,2.2605567522922878)
 (-0.346543573184659,2.6741235346912005)
 (-0.0048077919700655891,3.0875097422425326)
 (0.44440708914885751,3.483102550374281)
 (1.0080649026080972,3.8408853693398015)
 (1.6909702820176988,4.138463895990089)
 (2.4955771917036929,4.3509635763491685)
 (3.4217197401351473,4.4507632202129574)
 (4.4661689717362805,4.4070392083182153)
 (5.6218808057580141,4.1851134942366119)
 (6.8767477986570329,3.7456335818691655)
 (8.2115960260212582,3.0436764921179842)
 (9.5970734738376926,2.0279830798439877)
 (10.988956625429047,0.64072962940056855)
 (12.321266605674996,-1.1814139745283654)
 (13.496468896869613,-3.5036271694282739)
 (14.372012342976131,-6.3844928270541033)
 (14.742698913719201,-9.8593116852402414)
 (14.319089218159752,-13.910140073507765)
 (12.703480493764078,-18.415958433828326)
 (9.3664183622812764,-23.075583263622889)
 (3.6254584238667231,-27.296242867067956)
 (-5.384598350554521,-30.038262936650497)
 (-18.80768911078119,-29.579933093984796)
 (-1.2937963150541063,4.682364235129862)
 (0.49999101117529077,5.3567668119234355)
 (2.1456768452912858,5.4404813412262332)
 (3.5538169687257861,5.0821414520513528)
 (4.6787226152732133,4.4183250293896981)
 (5.5081131367031686,3.5657992739356867)
 (6.0529644217220095,2.6188792372497902)
 (6.3388231907626222,1.6500897119599653)
 (6.3990684341533486,0.71264319018539057)
 (6.2701040402041457,-0.15633667353733138)
 (5.9882056402689958,-0.93253268636583631)
 (5.5876482048930534,-1.6014763742189491)
 (5.09974429120743,-2.1560841073005506)
 (4.5524766895296196,-2.5947195340330751)
 (3.9704806114732465,-2.9197373448557946)
 (3.3752005160716525,-3.1364270455021077)
 (2.78510625589045,-3.2522649325473871)
 (2.2158997828131604,-3.2763866554535133)
 (1.6806778503890687,-3.2192041873933013)
 (1.1900400364749304,-3.0921052061396841)
 (0.7521473112999002,-2.9071873405877975)
 (0.37274635779501625,-2.67699329961816)
 (0.055180525938006486,-2.4142251522169396)
 (-0.19958918777983045,-2.1314269387331635)
 (-0.3929296707762876,-1.8406344742972962)
 (-0.52842622042622223,-1.5529997572635572)
 (-0.61170032800584651,-1.2784048103143504)
 (-0.65014248138551112,-1.0250858906852529)
 (-0.65255483616758969,-0.79929347105296866)
 (-0.62870700686737435,-0.60501575004972041)
 (-0.58881743052214131,-0.44379320720161231)
 (-0.54298196494032869,-0.31464848780933263)
 (-0.50057957525147034,-0.2141495756072708)
 (-0.46969099630164135,-0.1366150802887503)
 (-0.45656908384327466,-0.074459306854391907)
 (-0.46519845503223534,-0.018662798383465379)
 (-0.49697676489627018,0.040657250480735402)
 (-0.55054100239095993,0.11361140183905445)
 (-0.62175055597551365,0.20987752349164568)
 (-0.70382596527892149,0.33805721558532986)
 (-0.78762986794928047,0.50508796778031084)
 (-0.86206614262329673,0.7157432537996874)
 (-0.91456570919270419,0.97224337971285379)
 (-0.93162340640636598,1.2739890115054933)
 (-0.89934982255529072,1.6174181216673569)
 (-0.80400450221856046,1.9959765682307293)
 (-0.63248198173737813,2.4001832445975655)
 (-0.3727290166965273,2.817762941247671)
 (-0.014079736801066167,3.2338136896852872)
 (0.45249482519296502,3.6309702244798596)
 (1.0342150954875724,3.9895211260124817)
 (1.7363779684801108,4.2874341877409918)
 (2.5622603605317749,4.5002429174709668)
 (3.512981199001378,4.6007477555800627)
 (4.5872317731176633,4.5584905856112208)
 (5.7807420689284958,4.3389745367687214)
 (7.0852893363309803,3.9026311808082816)
 (8.4869647880611137,3.2036003324490165)
 (9.963281675962838,2.1885155554841185)
 (11.478518487361377,0.79574163233219164)
 (12.976438755764754,-1.0440000592699992)
 (14.369247124993233,-3.403762373523143)
 (15.521482354098442,-6.3497495116104465)
 (16.227971400885327,-9.9176715073258954)
 (16.187112016092208,-14.065839799029471)
 (14.976938855450133,-18.5909436237087)
 (12.055049156468002,-22.99453570633408)
 (6.8252157805496481,-26.310818282544222)
 (-1.1718784557683488,-26.969645054218201)
 (-11.929765320185751,-22.860193847743957)
 (-0.033647987703983473,4.2262320041103028)
 (1.679563917288093,4.5489283785363988)
 (3.16917040121736,4.3749045697095017)
 (4.3757093598661125,3.849309888439838)
 (5.2790174693382221,3.0990337334449412)
 (5.8866084141742574,2.2277626136080277)
 (6.2234211385749507,1.3156330532401539)
 (6.3237950735686725,0.42151658296443706)
 (6.2257604321763917,-0.41353080705232448)
 (5.967330381034607,-1.162605502446681)
 (5.5843352519698444,-1.8096103302148081)
 (5.1093404018042232,-2.3464617803510635)
 (4.5712607432876453,-2.770902099462611)
 (3.9953777157121375,-3.0848668514994411)
 (3.4035527479708243,-3.2933129415323439)
 (2.8145042654746915,-3.4034000403141293)
 (2.2440706682846758,-3.4239244267754998)
 (1.7054211793863951,-3.3649187011891906)
 (1.2092031739358082,-3.2373479489559784)
 (0.76363177144553662,-3.052849808176167)
 (0.37453782307679484,-2.8234812192054282)
 (0.045396016705628872,-2.5614480388030185)
 (-0.22264291314446316,-2.2788052693499052)
 (-0.43069203854335669,-1.987125636328428)
 (-0.58201839530108779,-1.6971428842787024)
 (-0.68186544916386227,-1.4183835669885843)
 (-0.73719524690368254,-1.1588072071583326)
 (-0.75634451905073929,-0.92447921598255178)
 (-0.74859718938769815,-0.71930345334328794)
 (-0.72368476437365281,-0.54484127281754868)
 (-0.69123515989059092,-0.40024092188145238)
 (-0.6601986486985485,-0.28229511267884949)
 (-0.63828562683330936,-0.18563571813562429)
 (-0.63145373384446157,-0.10306365398514106)
 (-0.64348078822233368,-0.026000305885750918)
 (-0.67565483223174994,0.054964139531160208)
 (-0.72660379139585751,0.14945888389245443)
 (-0.79227592289206195,0.26669599777340836)
 (-0.86606984215070271,0.41484920339576148)
 (-0.93910107271889809,0.60048509647792891)
 (-1.000582145371314,0.82807757352622102)
 (-1.0382862097285528,1.0996274066290879)
 (-1.0390602865655529,1.4143988292271956)
 (-0.989353537452346,1.7687747448774576)
 (-0.87572776508304695,2.1562225130460426)
 (-0.6853211585264104,2.5673535708419895)
 (-0.40624152329937285,2.9900524249905578)
 (-0.027871586327476272,3.4096435601703279)
 (0.45892354513804667,3.8090582377202473)
 (1.0616877225711927,4.1689567391115876)
 (1.7863537309990123,4.4677552388385235)
 (2.6372874305125018,4.6815003073228265)
 (3.6173524428909594,4.7835285468584345)
 (4.7279249868957338,4.7438452739875094)
 (5.9687491700225088,4.5281573752244952)
 (7.337462473328884,4.0965083551841772)
 (8.8285238741745466,3.401504246114432)
 (10.431116625233148,2.3862241924845313)
 (12.125331402722434,0.98216113894925838)
 (13.875501714937602,-0.89188532431637757)
 (15.618898870901091,-3.3277640116318978)
 (17.247130895564418,-6.4178493260276337)
 (18.577019275559579,-10.226446911181146)
 (19.30950451523487,-14.72265699221551)
 (18.985534596994881,-19.642416463660851)
 (16.980810437379649,-24.250604041708872)
 (12.64887218504462,-27.055732074985936)
 (5.7657372874992436,-25.787839437750865)
 (-0.38468709992781713,2.9194228706948353)
 (1.3660914710880054,3.4873416433546529)
 (2.9107875323140533,3.507471877482593)
 (4.1763653565257588,3.1321951098338037)
 (5.134674159887215,2.4974584262316881)
 (5.789486721746413,1.7154874415224302)
 (6.1647513918385428,0.87339419741505853)
 (6.295330029335255,0.035245687332749354)
 (6.2204265641962841,-0.75428059440864015)
 (5.9793571571626938,-1.4658746654954233)
 (5.6091140198816065,-2.0818844995475061)
 (5.1431759650285809,-2.5932194932716195)
 (4.6111093957772962,-2.9969356183160634)
 (4.0386183694633147,-3.2944468081025455)
 (3.4478090658985487,-3.4902531623277522)
 (2.8575200703566797,-3.5910636325753837)
 (2.2836335949015227,-3.6051992790364253)
 (1.7393270237609058,-3.5421808668561008)
 (1.2352532782016388,-3.4124247353638393)
 (0.77965658518993897,-3.2269901458517003)
 (0.37844067962524353,-2.9973383069877992)
 (0.035211783249057382,-2.7350776883364536)
 (-0.24867939003585232,-2.4516822852479034)
 (-0.47407277270194098,-2.1581796079347924)
 (-0.64388955963738836,-1.8648137349603739)
 (-0.76296030610486443,-1.5806960522991802)
 (-0.83777764638956875,-1.3134623255074742)
 (-0.87616735538382362,-1.0689593077920914)
 (-0.88687936310987792,-0.85098674442916844)
 (-0.87910911809061254,-0.66112086600823328)
 (-0.86196864539236384,-0.49864280878969552)
 (-0.84393472749187393,-0.36058966502914869)
 (-0.83230766428393921,-0.24193729402294892)
 (-0.8327169371034624,-0.13591338828276728)
 (-0.8487090603952866,-0.034427842453789367)
 (-0.88144778893911369,0.071403242719554588)
 (-0.92954818402490647,0.19067204507925695)
 (-0.98905497543227072,0.3320691298190217)
 (-1.0535637193456093,0.50328729816659856)
 (-1.1144720255909648,0.71047435221347621)
 (-1.1613389030308112,0.95776381802288446)
 (-1.1823238173485935,1.246904443519631)
 (-1.1646735385569966,1.577000141060684)
 (-1.0952239348630215,1.9443629278119505)
 (-0.96088490485178735,2.3424728743211083)
 (-0.74907894704314038,2.7620311916401006)
 (-0.44810693690278208,3.1910850836863314)
 (-0.047418314452595367,3.6151953674218591)
 (0.46223279963798347,4.0176095939254965)
 (1.0887586866108483,4.3793940675603107)
 (1.8388425730753013,4.6794674704445498)
 (2.7181740279688684,4.8944665084386489)
 (3.7318011336344226,4.998359721061604)
 (4.884570167185788,4.9617086986859)
 (6.1816020015268593,4.7504557664748788)
 (7.6287203096346961,4.324094400965655)
 (9.2326857756050487,3.6330595231731202)
 (11.000972039657499,2.615183081028309)
 (12.940577141711774,1.1911687196036764)
 (15.054859834353794,-0.74054717858817054)
 (17.336337708265997,-3.3079082728811389)
 (19.751238535215577,-6.6631069084580226)
 (22.207540826891574,-10.95954305537215)
 (24.492210823726658,-16.270322792500171)
 (26.162298742466383,-22.365296128554775)
 (26.416033719669866,-28.223376702363293)
 (24.157643115518798,-31.353369250839293)
 (18.781058149864105,-27.984983330590246)
 (-0.50479592212684965,1.3621149757201474)
 (1.2478706750662034,2.1920435021725759)
 (2.8146088721925295,2.424573241877519)
 (4.1100565202778414,2.2189819826479278)
 (5.0986034823855704,1.7196216865999561)
 (5.780262330056857,1.0465381109413179)
 (6.1776139552202407,0.293187638206864)
 (6.325477224541717,-0.47163884792909827)
 (6.2636037038528958,-1.1999401841711816)
 (6.0320093667916819,-1.8601428030977629)
 (5.6683141584479468,-2.4330600543308831)
 (5.2064643203709196,-2.9085264566819258)
 (4.6763216426525567,-3.2827865206917233)
 (4.1037387074278744,-3.5565743965485543)
 (3.5108619526325575,-3.7337602855245944)
 (2.9165016554836929,-3.820426714822005)
 (2.3364786383838214,-3.8242489088376814)
 (1.7839056387196872,-3.7540744876743428)
 (1.2693921744009287,-3.6196208687575568)
 (0.80118031875999807,-3.4312302908514631)
 (0.38522904758558912,-3.1996408668467033)
 (0.025269671575758046,-2.9357472825806799)
 (-0.27714367272517026,-2.6503370737475471)
 (-0.52256518534558571,-2.3537984324994259)
 (-0.71354910752377376,-2.0558038074040317)
 (-0.85448430183715873,-1.7649805839486687)
 (-0.95135877973209293,-1.4885860203353036)
 (-1.0114473710319527,-1.2322082119766207)
 (-1.0429231995212145,-0.99951774379231095)
 (-1.054402120325465,-0.79209528393138995)
 (-1.0544380877719415,-0.60935813492240121)
 (-1.050995504457136,-0.44860341398390285)
 (-1.0509307059742872,-0.30517727991421584)
 (-1.0595176858134909,-0.17276923321062651)
 (-1.080052169211585,-0.043819288443202868)
 (-1.1135630512859205,0.089984642062409151)
 (-1.1586516187223723,0.23714994014010596)
 (-1.2114681207023485,0.40579846465315872)
 (-1.2658237543089528,0.60309777868273962)
 (-1.3134255717757721,0.83473738048197632)
 (-1.3442134029850945,1.1044769504213534)
 (-1.3467721951803067,1.4137860289825215)
 (-1.3087901174368628,1.7615864618893726)
 (-1.2175317559896768,2.1441012073305954)
 (-1.0602958840473196,2.5548059855414342)
 (-0.82482782077565564,2.9844735038985339)
 (-0.49965677745651282,3.4212929374966521)
 (-0.074328689809505688,3.8510391209030197)
 (0.46049496229804399,4.2572556831863011)
 (1.1131016822367463,4.621403476719907)
 (1.8909848827265372,4.9229095565347958)
 (2.8013226737089987,5.1390318558675583)
 (3.8517111504373185,5.2444287963573162)
 (5.0511945696826599,5.2102874670421819)
 (6.4116571983741117,5.0028110313579184)
 (7.9496856836816772,4.5807819982225011)
 (9.6890893728541592,3.8917805125707687)
 (11.664396049424374,2.866412869335965)
 (13.925838327805529,1.4095575280745825)
 (16.546598762130653,-0.61283335738980682)
 (19.633224114877283,-3.3931817580913064)
 (23.339339029600772,-7.2086697414889898)
 (27.877731581806795,-12.446970555371514)
 (33.503753261410651,-19.585998126389242)
 (40.360829688709416,-28.938526500657396)
 (47.848953003499396,-39.557013540279755)
 (53.081620846195989,-46.456280122118017)
 (50.705958990629036,-39.981921202003619)
 (-0.32403644225681383,-0.5438672101589912)
 (1.3841199493010623,0.58191041200158811)
 (2.9294069582143329,1.0579179649086228)
 (4.2162568729920782,1.0517042771736294)
 (5.2025292275593173,0.71624292089096198)
 (5.8844781523110239,0.17909504649533248)
 (6.2827431967779894,-0.46036118139727433)
 (6.4312575740603632,-1.1289512670001589)
 (6.3694228117053209,-1.7755415407650905)
 (6.1371255696270435,-2.3663397788336815)
 (5.7719094238911968,-2.8805541349310868)
 (5.3076231943054175,-3.3067944011842867)
 (4.7739896668676014,-3.6402964881427362)
 (4.1966868145390563,-3.8808950545015444)
 (3.5976672512912704,-4.031605545338472)
 (2.9955466963162576,-4.0976652433831271)
 (2.4059678800375406,-4.0858970639778942)
 (1.8418971724311102,-4.0042841274861187)
 (1.313843204875597,-3.8616691522565079)
 (0.8300054104608674,-3.667516362307762)
 (0.39637019075255908,-3.4316933810834858)
 (0.01677664792494904,-3.1642463539303813)
 (-0.30702521931743754,-2.8751538589272334)
 (-0.57530186137142558,-2.5740548411631177)
 (-0.7902291284990518,-2.2699536438004202)
 (-0.95573391380379757,-1.9709118202044722)
 (-1.077271696462532,-1.6837420863645935)
 (-1.1615326452849204,-1.4137244265277209)
 (-1.216075833105239,-1.1643675632040662)
 (-1.248899223640247,-0.93724008928215952)
 (-1.2679617638561387,-0.73189387596673838)
 (-1.2806820584947669,-0.54589752453032281)
 (-1.2934443771958843,-0.3749897461967544)
 (-1.3111458618402947,-0.21335240429421576)
 (-1.3368178945003488,-0.053991901407740558)
 (-1.3713495033754737,0.11079265600584237)
 (-1.413332104815463,0.28888389201555265)
 (-1.459034183939089,0.48779677747058792)
 (-1.5025034368857713,0.71413922306507627)
 (-1.5357840645886212,0.97311310104566684)
 (-1.5492294378013745,1.2680803306044375)
 (-1.5318856105156937,1.6002117265867544)
 (-1.471918751505457,1.968229459894435)
 (-1.3570585505099322,2.368247908242636)
 (-1.1750288848690982,2.7937123907632713)
 (-0.91393549818209718,3.2354300975881691)
 (-0.56257754916383751,3.6816812663844023)
 (-0.11064553282569745,4.1183899423572345)
 (0.45123752612870904,4.5293212117649713)
 (1.1316814966319655,4.8962546194097207)
 (1.9389599622815399,5.1990606835957234)
 (2.8817793268279726,5.4155775309898351)
 (3.9704855049729377,5.521144046162239)
 (5.2188602063659939,5.487585818367446)
 (6.6467641916956914,5.281351336018612)
 (8.2840934436727647,4.8603181536325151)
 (10.176927728222768,4.1684488661536276)
 (12.397587834443678,3.1267974154927831)
 (15.062077506151571,1.6179516064435855)
 (18.362289409811552,-0.54209055920680016)
 (22.629596167932753,-3.6577465584700404)
 (28.470027632091643,-8.2640902684577018)
 (37.076449161443698,-15.370490926914778)
 (51.01691315885644,-27.041632837460742)
 (76.368428955689495,-47.831077250829615)
 (127.78739782670357,-87.374450869654424)
 (220.19273704786863,-147.91439123078126)
 (235.68838413681019,-130.81609236802842)
 (1.8565248973913748,-1.4442820058859143)
 (3.3204334419754642,-0.67512892717241169)
 (4.5470573065440156,-0.43833369149758017)
 (5.4883736750580869,-0.57037014695036259)
 (6.1363479709260798,-0.93553375018272034)
 (6.5085163738432961,-1.4284163166484598)
 (6.6365603027572746,-1.9714718979158365)
 (6.5582235707923155,-2.5104042699271147)
 (6.312140654362203,-3.009088124533827)
 (5.9348784747357959,-3.4449358929150717)
 (5.4595004639577507,-3.8050897001374198)
 (4.9150833468683865,-4.0835057057239972)
 (4.326767040909683,-4.2788393061070504)
 (3.7160549220767067,-4.3929767279251184)
 (3.1011902055588143,-4.4300495669986395)
 (2.4975126045768157,-4.3957864418757762)
 (1.9177519286460998,-4.2970836913024328)
 (1.3722478349387492,-4.1417059394318887)
 (0.8691033576430125,-3.9380530423234523)
 (0.41428895701697077,-3.6949508402129321)
 (0.011717335347023017,-3.421439238813722)
 (-0.33669027670732199,-3.1265431811348998)
 (-0.63092667853556128,-2.8190211131906939)
 (-0.87279215755567163,-2.5070926548529888)
 (-1.0657432359074281,-2.1981531974876289)
 (-1.2146843010218398,-1.8984885171167418)
 (-1.3256942155075786,-1.613007206989443)
 (-1.4056860919686551,-1.3450123428595235)
 (-1.4620060209586714,-1.0960355355864568)
 (-1.5019850484043267,-0.86575557938495784)
 (-1.5324669755282816,-0.65201971563859984)
 (-1.5593411249329823,-0.45097811639393232)
 (-1.5871126315273485,-0.25733230543278085)
 (-1.618542086932238,-0.064687326165205686)
 (-1.65438131829835,0.13401262636803193)
 (-1.6932234923673137,0.34599291007592964)
 (-1.7314751570441664,0.57813303553336914)
 (-1.763447169471966,0.83645842907524637)
 (-1.7815524213262817,1.1256669419636367)
 (-1.77659190273459,1.448711946791712)
 (-1.7381070748128851,1.8064576323906945)
 (-1.6547749939752743,2.1974166784976825)
 (-1.5148217896640854,2.6175764612536456)
 (-1.3064283920035145,3.060317008849033)
 (-1.0180985272927188,3.516420908234319)
 (-0.63895219453987417,3.9741704200718235)
 (-0.15889799682636363,4.4195180814229067)
 (0.43137490999002481,4.8363021121272718)
 (1.1406600200537413,5.2064554730873676)
 (1.9778470896643585,5.5101261824000627)
 (2.9530132617241618,5.725584338106767)
 (4.0791769084773577,5.8287324492980197)
 (5.3750148249925811,5.7919450244281077)
 (6.8690796003746062,5.5818048065039125)
 (8.6065452246723559,5.1549938656454248)
 (10.660559197942803,4.4509459313653235)
 (13.152635554611692,3.3784006099279278)
 (16.292198339187298,1.789461518853547)
 (20.460420306399556,-0.57459937584732834)
 (26.408628127785789,-4.2095181685503249)
 (35.801755589160685,-10.188708478442544)
 (53.061737281422779,-21.305541347418984)
 (94.330123061944178,-47.579615834963008)
 (289.00640752648616,-168.30315630774768)
 (-502.77103292382151,311.22414795883361)
 (-204.42647733029082,121.69077914579017)
 (2.7757144024735814,-4.0094852549844591)
 (4.0731453632161392,-2.8720817516297479)
 (5.16977942405153,-2.3310208239279571)
 (6.0105424485845944,-2.2070398935225537)
 (6.581011055419399,-2.3539030537464369)
 (6.8932380230232075,-2.659093701442881)
 (6.9744196805416454,-3.0401584179916705)
 (6.8587598701702772,-3.4392911935833883)
 (6.5821614498529515,-3.8177306791822754)
 (6.1791077642857193,-4.1507860124347875)
 (5.6810788576264475,-4.423810532105934)
 (5.1159466349951552,-4.6291518371713538)
 (4.5079301143813764,-4.7639593251651018)
 (3.877823858805217,-4.8286743736368472)
 (3.2433209195929749,-4.8260248109329904)
 (2.6193313911521345,-4.7603678098786464)
 (2.0182513866503227,-4.6372573499782561)
 (1.4501702130661995,-4.4631446296921418)
 (0.92302159352548063,-4.2451477309389292)
 (0.44269315012648536,-3.9908488534721291)
 (0.013111111388449559,-3.7080936672052491)
 (-0.36368276951985856,-3.4047787941349967)
 (-0.68744605076785015,-3.0886215100217429)
 (-0.95962729423611992,-2.7669118272991593)
 (-1.1832210074251748,-2.446252291238074)
 (-1.3625741353605008,-2.1322957393252002)
 (-1.5031355846879515,-1.8294960236777191)
 (-1.6111452494990233,-1.5408908050727559)
 (-1.6932659056213675,-1.2679381056548251)
 (-1.7561696185772648,-1.0104283335452466)
 (-1.8060987811329134,-0.76649019301966181)
 (-1.8484289169415091,-0.53270212172390941)
 (-1.8872642864883287,-0.30431136406644621)
 (-1.9250969390985311,-0.075552032526930948)
 (-1.9625549387852022,0.15995646207753916)
 (-1.9982569233822789,0.40875649124411806)
 (-2.0287796988869036,0.67707398306907041)
 (-2.0487353510650426,0.97034322569575393)
 (-2.0509462082633267,1.2927589319283577)
 (-2.02670090459379,1.6468740881044694)
 (-1.9660726524251619,2.0332566449484037)
 (-1.8582804768016434,2.4502143301981878)
 (-1.69207373269071,2.8935953293741004)
 (-1.4561176556730133,3.3566726979317654)
 (-1.1393512352984474,3.8301203748437782)
 (-0.73127731517299788,4.3020858710897851)
 (-0.22212835911782591,4.7583559402235291)
 (0.39716981257070216,5.1825937694711453)
 (1.1353399474937484,5.556597085243645)
 (2.0015383201419787,5.860484285863798)
 (3.0067718199973945,6.0726576795616882)
 (4.1662309871284364,6.1693113657053953)
 (5.503015537960084,6.1231237436399821)
 (7.0541386194060607,5.9005427771236398)
 (8.8805920378880732,5.4565921266203476)
 (11.085298046511486,4.7250355555158583)
 (13.847755315300031,3.5990526620201289)
 (17.497557544937752,1.8903249507452373)
 (22.689847093377033,-0.76780063629507367)
 (30.89529808721743,-5.1887022364832749)
 (46.128634351944775,-13.574541721740271)
 (84.123216025109883,-34.50275521122127)
 (318.56715073376961,-162.3137979743754)
 (-242.60281105357456,141.34638183350006)
 (-108.9621492336553,67.242012518356177)
 (-89.091456377392859,53.617173620948513)
 (4.2880726628986228,-7.260181780337418)
 (5.2968657229757925,-5.6465750846182274)
 (6.1698400711151251,-4.7192557768308205)
 (6.8388537336221358,-4.2721916227498893)
 (7.2777106139990524,-4.1433000280511099)
 (7.4884926435001145,-4.2104192789482804)
 (7.4903975270421972,-4.3849432736950771)
 (7.3114748017695232,-4.6048819494723752)
 (6.9830289097190708,-4.8283965450894524)
 (6.536171437566713,-5.0283320176750887)
 (5.9999360791264404,-5.1879096178258433)
 (5.4004263799069356,-5.2975226263014461)
 (4.7605788354289604,-5.3524656685450172)
 (4.1002465147893696,-5.3513901904918413)
 (3.4364156300099968,-5.2952864531569794)
 (2.7834492368309673,-5.1868231704088492)
 (2.1533079535855171,-5.0299142838339126)
 (1.555731462388692,-4.8294191929423009)
 (0.99838249041198157,-4.590913521719008)
 (0.48696265682015166,-4.3204907702992186)
 (0.025311657533920506,-4.0245714051613399)
 (-0.38449896398727923,-3.7097065055501206)
 (-0.74206679274243104,-3.3823698136321632)
 (-1.0485437386829104,-3.0487366955891027)
 (-1.3064947253506771,-2.7144525333609213)
 (-1.5197192802156279,-2.3843973063569144)
 (-1.6930268416217624,-2.0624577948999105)
 (-1.8319600766694319,-1.7513234706715997)
 (-1.9424663909818694,-1.4523257203921149)
 (-2.0305256993294272,-1.1653413253859841)
 (-2.1017511972623395,-0.88877904062158053)
 (-2.1609875024953449,-0.61966229891031721)
 (-2.2119351737554536,-0.35381211322771955)
 (-2.2568308356249474,-0.086123756784703992)
 (-2.2962075859146669,0.18907903271642751)
 (-2.3287519766824678,0.47763561521298725)
 (-2.351263628397303,0.78511194679661567)
 (-2.3587138520854145,1.1163607808190452)
 (-2.3443925237007619,1.4750987892615661)
 (-2.3001288532853508,1.8635151305007849)
 (-2.2165712649012304,2.2819213566604581)
 (-2.0835127641725477,2.7284506785868783)
 (-1.8902484910535637,3.1988161169358782)
 (-1.6259489235380078,3.6861411625175728)
 (-1.2800230173179228,4.1808808900765824)
 (-0.84242891306130308,4.670852236930525)
 (-0.30386542292215879,5.1413846361364053)
 (0.34425391442370223,5.5755815313877566)
 (1.1101803154848024,5.9546455445190718)
 (2.0027462412359878,6.2581626502021921)
 (3.0330723019621471,6.4641609597569474)
 (4.2174459910102939,6.5486488796279358)
 (5.5820222196299349,6.4841658598033467)
 (7.1705911166246654,6.2365622760290922)
 (9.0580229925650162,5.7585403953464418)
 (11.375283343428748,4.9768377301885662)
 (14.360467370647072,3.7655699679572483)
 (18.475363652293534,1.8853487473694113)
 (24.713393015305812,-1.1768201639582205)
 (35.600465950735497,-6.726135605840037)
 (59.76885135072434,-19.226463233923411)
 (156.40114871223969,-69.285479486417984)
 (-380.95949667993455,208.42921685305981)
 (-102.61422559001429,64.204076839086554)
 (-70.353678916181394,47.103570778710576)
 (-65.071342861134809,43.735764606014754)
 (7.1299368516591528,-9.1361410720185141)
 (7.6554448660977243,-7.7171992388565407)
 (8.0636482660725601,-6.864341551976449)
 (8.3053272420803133,-6.3899444760582513)
 (8.3648596095658139,-6.1577985812641556)
 (8.2482147802248793,-6.0711976390730209)
 (7.973832976616726,-6.0631153646046609)
 (7.5661995851646395,-6.0882266084158587)
 (7.0516711233120546,-6.1166408313586622)
 (6.4560035060925243,-6.1291817292001731)
 (5.8030512499797382,-6.1139841363350431)
 (5.1141986726127628,-6.0641422571634678)
 (4.4082028284965347,-5.9761442992007527)
 (3.701239475555647,-5.8488592518446527)
 (3.0070312095857772,-5.6828875738145284)
 (2.336997154320855,-5.4801364999914668)
 (1.700399698630817,-5.2435244752203358)
 (1.1044821568926619,-4.9767539515399228)
 (0.55459855273297043,-4.6841166089295267)
 (0.054338468849313037,-4.3703110673205163)
 (-0.39435013907850508,-4.0402624261968025)
 (-0.79103696462101281,-3.6989378799805328)
 (-1.1366796094663405,-3.3511554379942106)
 (-1.4334812468941043,-3.0013851962694034)
 (-1.6847267019498311,-2.6535457870357639)
 (-1.8945870671304148,-2.3108029368448877)
 (-2.0678844278232877,-1.9753820823124633)
 (-2.2098126788974142,-1.648411639596004)
 (-2.3256175654886739,-1.3298163351751047)
 (-2.420247810113576,-1.0182796093281679)
 (-2.4979975288048228,-0.711289778805962)
 (-2.5621658446641029,-0.40527676150268543)
 (-2.6147609070195585,-0.095836275135612492)
 (-2.6562718280231534,0.22197112707846983)
 (-2.6855242697063324,0.55326565251675963)
 (-2.6996257194612658,0.90296053465051218)
 (-2.6939975482701768,1.2753611720538589)
 (-2.6624849817203802,1.6737664352214474)
 (-2.5975341565595578,2.1000817924942785)
 (-2.4904269692741505,2.5544501442544734)
 (-2.3315674820550463,3.0349064745832477)
 (-2.1108152177157948,3.5370675604802053)
 (-1.8178572352822429,4.053877266590252)
 (-1.4425990807476083,4.575438577383423)
 (-0.97553213048660148,5.0889704016919)
 (-0.40800078113530258,5.5789232477731279)
 (0.26775123285134961,6.0272650690555514)
 (1.0589279768649194,6.4138997933024884)
 (1.9731546404341196,6.7171019292998313)
 (3.0203909862167251,6.9137391100085948)
 (4.2162436452639414,6.9789033599211692)
 (5.5874508550017605,6.8843478523501371)
 (7.1810468106503755,6.5947188550935145)
 (9.080468937632256,6.0596705347634723)
 (11.436274089674807,5.1976758954022149)
 (14.531155650468886,3.8610075342605068)
 (18.936406778830317,1.7513735432429991)
 (25.957692387881824,-1.8197463281742667)
 (39.26776566494955,-8.8076110493398652)
 (74.296022694675131,-27.474377969979074)
 (378.70170071684259,-190.75828998918382)
 (-152.54311896108126,94.676992864720432)
 (-74.296309637184109,53.010588945860036)
 (-57.653544867544326,44.703407122058394)
 (9.7534237018898011,-13.532589753408232)
 (9.7697193122836197,-11.487508684316063)
 (9.8076757064577205,-10.126350850088247)
 (9.7740981681194263,-9.2200237407425156)
 (9.6232097048154408,-8.6116937103567039)
 (9.3403320653216362,-8.1941072377204485)
 (8.9299479010208973,-7.894491625593596)
 (8.4072649805829762,-7.6639438813518392)
 (7.7925761792275159,-7.4698566103513642)
 (7.1077303358612394,-7.2905799084087821)
 (6.3740819961538824,-7.1117656120429489)
 (5.6113985630203747,-6.9239499936766116)
 (4.8373412668942981,-6.7210081369159536)
 (4.0672670088259322,-6.4991881629333399)
 (3.3142010120368766,-6.2565074550001203)
 (2.5888998756307116,-5.9923598941190717)
 (1.8999652932151725,-5.707237734110655)
 (1.2539886776177132,-5.4025120629937442)
 (0.65571470328032322,-5.0802425034859215)
 (0.10821403551664721,-4.7430022974821027)
 (-0.38694340743904654,-4.3937123343583355)
 (-0.82952122766566438,-4.0354801772605926)
 (-1.2204582409785076,-3.6714404512566494)
 (-1.5617171529692606,-3.3045931759688698)
 (-1.8561333766784511,-2.9376381078557463)
 (-2.1072534853016691,-2.5728064721688728)
 (-2.319151634741722,-2.2116963715067284)
 (-2.4962145133172773,-1.8551236558154236)
 (-2.6428910910147132,-1.5030045740787981)
 (-2.7634117318526501,-1.154288428617992)
 (-2.8614901836846354,-0.80695654065126265)
 (-2.9400291095040423,-0.45809801401558065)
 (-3.0008529903384868,-0.10406430203659678)
 (-3.0444903869032971,0.25930424793233897)
 (-3.0700213357072776,0.63639330539831596)
 (-3.0749972196475137,1.0314869092227195)
 (-3.0554326459439762,1.4484113985720644)
 (-3.0058641746257084,1.8901601148515177)
 (-2.9194703994351592,2.3585025775253188)
 (-2.7882514259275171,2.8535788409240781)
 (-2.6032710803833257,3.373481961064043)
 (-2.3549687024198134,3.9138406220476343)
 (-2.0335446589093631,4.4674298995199209)
 (-1.6294099597599472,5.0238581377891744)
 (-1.1336614195779684,5.5693956484747789)
 (-0.53849778427864559,6.0870159260242964)
 (0.16256887056754143,6.5566985718958222)
 (0.97492218327434355,6.9559812687018265)
 (1.9037592653155826,7.2606369510131969)
 (2.9560858684099909,7.4451907811035767)
 (4.1442865577990995,7.4827800766522907)
 (5.4920633380763801,7.3435722812309034)
 (7.0442832619599134,6.9904668091481845)
 (8.8841592087570262,6.3697243231679188)
 (11.166048847840187,5.3913529058035312)
 (14.185726200923732,3.885976403249515)
 (18.553370562633557,1.4985200823564524)
 (25.70399785377073,-2.6246810483719694)
 (39.877538444686813,-11.048891493153736)
 (80.969541727428009,-35.928150147704052)
 (999.39608231354737,-598.72716738891074)
 (-118.95901475069743,87.795767360361523)
 (-66.054076377484535,56.442265200532397)
 (-53.990021235739555,50.939009615070823)
 (12.726142791718008,-16.31698961995972)
 (12.256957541315639,-14.307534892744798)
 (11.853276662475501,-12.850196906587703)
 (11.419524938031365,-11.757923573508384)
 (10.909949725233542,-10.910059084915524)
 (10.309712332686633,-10.227832284260163)
 (9.6222128107648022,-9.6592583235760365)
 (8.8607107798813853,-9.1694592104999089)
 (8.0429880435324783,-8.7344272089233232)
 (7.1881017672201803,-8.337083870858363)
 (6.3145034833260789,-7.9648696650403554)
 (5.4390076991145504,-7.608319774270381)
 (4.5762726752871918,-7.2602397841588875)
 (3.7385898714583896,-6.9152193861762292)
 (2.9358657519828602,-6.5693191268150564)
 (2.1757288732904043,-6.2198363592711772)
 (1.4637191412512558,-5.8651044032692621)
 (0.80352646158403651,-5.5043075188786226)
 (0.19725096347068338,-5.1373085085756136)
 (-0.35433877675591796,-4.7644903993553172)
 (-0.85156763280529835,-4.3866128877572788)
 (-1.2956471699679615,-4.0046812851866065)
 (-1.6885036980333279,-3.6198228697292105)
 (-2.0326369148629526,-3.2331643117227866)
 (-2.3309983727209929,-2.8457049747067913)
 (-2.5868747204473328,-2.458184512944805)
 (-2.8037596867158143,-2.0709486940432331)
 (-2.9852016716015086,-1.6838234772738052)
 (-3.1346203705212261,-1.2960123099815499)
 (-3.2550947299257231,-0.90603364918527629)
 (-3.349133439214957,-0.51171390806826822)
 (-3.418445540120282,-0.11024572401621807)
 (-3.4637307632151453,0.30168561182045672)
 (-3.4845066412660977,0.72771100721545712)
 (-3.4789838328453353,1.1715283934168708)
 (-3.4439951198419925,1.6366014094461012)
 (-3.3749799987522833,2.1258077176008094)
 (-3.2660274547835808,2.6410336175440925)
 (-3.1099845149698648,3.1827088822463443)
 (-2.8986457509928751,3.7492790256408233)
 (-2.6230453713851531,4.3366248007304318)
 (-2.2738733936164666,4.9374625140768345)
 (-1.8420235713936728,5.5407926054375727)
 (-1.3192458284149677,6.1315012425530675)
 (-0.69881479192554141,6.6902455934267095)
 (0.023959854444975504,7.1937441595456688)
 (0.85165398216147503,7.6155205698155033)
 (1.7854434598052762,7.9269904584274373)
 (2.827041346917162,8.0985345604705756)
 (3.982351307896852,8.0998868430974653)
 (5.2675066663869741,7.8987916812333268)
 (6.7185376185745191,7.4563451793237014)
 (8.4075274128743054,6.7163046035958791)
 (10.472410007376952,5.5826392391974418)
 (13.179428069817618,3.870780411664712)
 (17.074433485834192,1.1894761007946375)
 (23.420591110844722,-3.3996866121187956)
 (35.839730347029324,-12.658626605020727)
 (70.190956343804203,-38.865994526491022)
 (459.76035709148289,-341.73417579467946)
 (-131.60473188427767,120.65928071826842)
 (-70.04002142031095,74.901968333353508)
 (16.911782426361775,-22.817321830008808)
 (15.743906047289714,-19.920006560740411)
 (14.84081625544883,-17.709340495161662)
 (14.02403491871971,-15.951196053544205)
 (13.200942876548789,-14.506964136054904)
 (12.330332209228803,-13.291726744799028)
 (11.401257805796261,-12.251289984729285)
 (10.419647116688113,-11.34904353865779)
 (9.3998890680410145,-10.558430759072447)
 (8.3596860588693573,-9.8587621813627884)
 (7.3170068065728948,-9.2330116893983494)
 (6.2883604960130093,-8.6667360024594533)
 (5.2878951024561545,-8.1475772735628595)
 (4.3270170640116916,-7.6650252950895634)
 (3.4143491346356978,-7.2102629374623746)
 (2.5559092704728732,-6.7760139126478496)
 (1.7554274134569519,-6.356368809544934)
 (1.0147355649172396,-5.9465945578068009)
 (0.33417940627308407,-5.5429433426236425)
 (-0.28698873123099644,-5.1424769557013867)
 (-0.85026442317023321,-4.742917064968994)
 (-1.3576112150362427,-4.3425245086343578)
 (-1.8112540483704931,-3.940003637855015)
 (-2.2135446456563592,-3.5344222295476744)
 (-2.566889020583436,-3.1251344178237517)
 (-2.8737198894190263,-2.7116940906947957)
 (-3.1364911452559658,-2.2937496217276392)
 (-3.3576689700606321,-1.8709174068885313)
 (-3.5396958940443648,-1.442640285644651)
 (-3.6849107049556964,-1.0080454519194499)
 (-3.7954176213880508,-0.56582245058555025)
 (-3.8729100611742737,-0.11414350625375699)
 (-3.9184643910479195,0.34935444095144963)
 (-3.9323246500680389,0.82751230038562951)
 (-3.9136997505264803,1.3235078949080308)
 (-3.8605917005059052,1.8406262042757064)
 (-3.7696700856658834,2.3819342405350472)
 (-3.6362076214907719,2.9498497904475642)
 (-3.454096026644538,3.5455892950644694)
 (-3.2159705763210447,4.1684814836791908)
 (-2.9134824434163389,4.8151463220001816)
 (-2.5377638443216433,5.4785698091486523)
 (-2.0801216761176935,6.1471582851003088)
 (-1.5329571635604098,6.8039279989300976)
 (-0.89082910764273704,7.4260586428057351)
 (-0.15145328222241217,7.9850733232151692)
 (0.68372094350583823,8.4478416497977165)
 (1.6098455889602352,8.778377493519864)
 (2.6204555661144582,8.9400005870499104)
 (3.7111688333540283,8.8969107773821374)
 (4.8856975158815521,8.613693886768564)
 (6.1647496406394513,8.0507495222726195)
 (7.5994091680982034,7.1527309512927699)
 (9.2935084846438567,5.8245518399501393)
 (11.44720723487065,3.8818182174668445)
 (14.456008675247034,0.93855129393707859)
 (19.174272628733743,-3.8888658845369584)
 (27.77605432358941,-12.948147596391857)
 (47.680418970024846,-34.47621994038235)
 (128.91375648921726,-124.87712342150148)
 (-369.80144491885784,442.87737018398508)
 (-105.29956018140426,148.1508364582958)
 (20.989321088190142,-28.169307512252939)
 (19.356061216378347,-24.760218185699575)
 (17.977047343330362,-21.952641125874038)
 (16.683405567099996,-19.575899473432891)
 (15.395955426317759,-17.535093723929283)
 (14.086212044179938,-15.772404448855044)
 (12.753270761601723,-14.247608880497175)
 (11.409878520809965,-12.928576441381596)
 (10.074150870324207,-11.787041684257009)
 (8.7647938672516172,-10.797064726569433)
 (7.4984934787894062,-9.9347276384433254)
 (6.2886498042981493,-9.1782781864220642)
 (5.1449550645318016,-8.5083261705830981)
 (4.0735016011685943,-7.9079275615331905)
 (3.0772103565154505,-7.3625189977469372)
 (2.1564307660231692,-6.859728171225786)
 (1.3096035609480523,-6.3891093441365285)
 (0.53390953512460715,-5.9418547364150607)
 (-0.17414699339286444,-5.5105231336260134)
 (-0.81825140301831534,-5.0888137042754318)
 (-1.4019059710223905,-4.6713992555247597)
 (-1.9281790635539238,-4.2538203373861911)
 (-2.3995776654909005,-3.8324300042270849)
 (-2.8180379059060954,-3.4043689360392322)
 (-3.1850192313874568,-2.9675430576549058)
 (-3.5016758635129923,-2.5205727870877066)
 (-3.7690659297224669,-2.0626869499111864)
 (-3.9883484791678954,-1.5935464920030522)
 (-4.1609168415509981,-1.1130020207969418)
 (-4.2884270852163642,-0.62081025371215182)
 (-4.3727018764295957,-0.1163510812734912)
 (-4.4155169611948537,0.40160627608281219)
 (-4.4183012557708992,0.93504390656642122)
 (-4.3817952495768537,1.486710266464379)
 (-4.3057142838958127,2.0599895412764244)
 (-4.1884570538253092,2.6586116182882105)
 (-4.0268924042156664,3.286186818571978)
 (-3.8162559564014629,3.945540935754265)
 (-3.5501961175096897,4.6378180685977828)
 (-3.2210256738888896,5.361322543935632)
 (-2.8202534066337845,6.1101020411911247)
 (-2.3394749960138723,6.8723486605796111)
 (-1.7716697326263673,7.628824285160162)
 (-1.1128492837160133,8.3516899880781565)
 (-0.36381614172428556,9.0042774484620622)
 (0.46846877827349376,9.5423577637912409)
 (1.3706450321227872,9.9171719334471007)
 (2.3246228689323183,10.079782439704806)
 (3.3116735012996434,9.9852992195280486)
 (4.3189055935722891,9.5946041533164443)
 (5.3476638051353618,8.8707336894291391)
 (6.4236749250519516,7.7669351735828265)
 (7.6104051619362298,6.2023871092062857)
 (9.0308956423961817,4.016911168933472)
 (10.911700432834275,0.88152865439339845)
 (13.684074228821302,-3.9005868481880679)
 (18.244379701866738,-11.903910157343805)
 (26.724672423188565,-27.117044127860225)
 (45.284484278208012,-61.675905881232929)
 (97.826652108039639,-165.091593970357)
 (29.955043122645844,-42.431614837160581)
 (26.976855403248738,-36.536224579152304)
 (24.573805871694031,-31.651298142629383)
 (22.421351112339149,-27.502640390475406)
 (20.372185976254958,-23.952497598288499)
 (18.370869225409319,-20.918085108667476)
 (16.408205547786448,-18.336829667155463)
 (14.495997138675159,-16.152866493834942)
 (12.653161060222754,-14.313032956100233)
 (10.898372708045917,-12.766686010731661)
 (9.2464894560730517,-11.46667775476233)
 (7.7071790055091958,-10.370337346826744)
 (6.2848304441454346,-9.4400505938000343)
 (4.9791825336795243,-8.6433755395879963)
 (3.7863042429748397,-7.9527788809107127)
 (2.6996885378250699,-7.3451237875127191)
 (1.7113099278423294,-6.8010365552850898)
 (0.81256240065362006,-6.3042557102707786)
 (-0.0049597376341564692,-5.8410382420796534)
 (-0.74884855726066135,-5.3996711393359238)
 (-1.425436218576597,-4.9701145141196594)
 (-2.0395156788995035,-4.5437841584981786)
 (-2.5942340897614118,-4.1134637239976941)
 (-3.0911682235706839,-3.6733176742652507)
 (-3.530585508527265,-3.218955971704915)
 (-3.9118741033074311,-2.7474842065476288)
 (-4.2340916940532756,-2.2574662524834874)
 (-4.4965445961896409,-1.748738777570753)
 (-4.699282812843351,-1.2220513164000861)
 (-4.8433996693322969,-0.67855543890750614)
 (-4.9310630141276413,-0.11921537710152476)
 (-4.9652683893967993,0.45575852207363343)
 (-4.949369442910136,1.0473532777331336)
 (-4.8864832630103354,1.6580000419258765)
 (-4.7788772037910618,2.2915858023235263)
 (-4.6274252477034654,2.9532166380589073)
 (-4.4311934143792104,3.6487219293568658)
 (-4.187193717164476,4.3838688220212347)
 (-3.8903469013055458,5.1632228210113515)
 (-3.5337186801860136,5.9885619350553334)
 (-3.109135290681218,6.8567566508416338)
 (-2.6083216170402896,7.7571076337027129)
 (-2.0246990974372538,8.6683389834464819)
 (-1.3558683080386844,9.5558132085045635)
 (-0.60651363509726686,10.370018061034735)
 (0.20900713460342546,11.047743058693484)
 (1.0656324939818709,11.51715170888767)
 (1.9295231911080108,11.706674591492311)
 (2.7636950475276092,11.555342712013216)
 (3.5366493161732619,11.01993512135606)
 (4.2318325152761203,10.073793470216934)
 (4.8555424552701094,8.6939423137556453)
 (5.4424722054689045,6.835486571114668)
 (6.0607262406849651,4.3919284569656032)
 (6.8206610043312992,1.1344973372937446)
 (7.8936410411283227,-3.3881862534971194)
 (9.5463154287179641,-10.024202592646841)
 (12.181994352690403,-20.290305890382427)
 (16.29617863068346,-36.547216958229448)
 (21.93070376292701,-60.730991971116126)
 (43.199742126533437,-61.918422055151296)
 (37.887702769813252,-51.046396496876838)
 (33.459597652012285,-42.302438280703157)
 (29.525780999177357,-35.18527916150105)
 (25.92540905685696,-29.386828380057437)
 (22.598741723455703,-24.678106019136024)
 (19.528186137104715,-20.870036455575494)
 (16.710583811279012,-17.800718905780094)
 (14.144472891272887,-15.33129228143755)
 (11.824773118226053,-13.344032345799127)
 (9.7412396658852138,-11.740644060321983)
 (7.8788141363848991,-10.44025997950963)
 (6.2188413674859273,-9.3771681272598855)
 (4.7405586108637809,-8.4984321048602265)
 (3.4225276751858349,-7.7615722953146191)
 (2.2438545358014075,-7.1324381927660712)
 (1.1851525832224818,-6.5833543154301868)
 (0.22926764608343519,-6.0915819591447988)
 (-0.63819434017093291,-5.6381117755802563)
 (-1.4285022345757243,-5.2067865737125398)
 (-2.1495872833255145,-4.7837442048929155)
 (-2.8060068294763747,-4.3571589389552274)
 (-3.3991364916953049,-3.9172386051997123)
 (-3.9276516310882772,-3.456400168160858)
 (-4.3883307161659442,-2.9695033419089216)
 (-4.7771411800492896,-2.4539872680886812)
 (-5.0904666944100772,-1.9097545143274983)
 (-5.3262438241712715,-1.3386998103396519)
 (-5.4847482210329144,-0.74388451432757696)
 (-5.5688380154357588,-0.12847637442084103)
 (-5.5836079992453564,0.5053444989797633)
 (-5.53556955519905,1.1573047679827979)
 (-5.4315772739109667,1.8296348945273768)
 (-5.2777390793581889,2.5272865414057071)
 (-5.0784886312264366,3.2577808937156623)
 (-4.8359139868969638,4.0307131872190674)
 (-4.5493717384998869,4.8568950247992868)
 (-4.2153983313242067,5.7470278580545067)
 (-3.8279663629207259,6.7096928640630615)
 (-3.3792145825074491,7.7483532544060711)
 (-2.8608812972718187,8.8570684111887132)
 (-2.2667351353976768,10.014852042928835)
 (-1.5962083071593871,11.179269946479621)
 (-0.85901438679643682,12.281118017415565)
 (-0.079630601980072768,13.223602159444155)
 (0.70066148327659183,13.890206665055253)
 (1.4270505239307858,14.163352961544801)
 (2.0412381212037358,13.94987110462664)
 (2.495991826478158,13.202055166136502)
 (2.7683412240040974,11.921364957852221)
 (2.865696530724791,10.139433539690828)
 (2.8236521029331185,7.8823210446993608)
 (2.6992370002321491,5.1290756644717899)
 (2.5649361582130634,1.7721028058284549)
 (2.506429506440889,-2.4176343516098999)
 (2.6216775387528974,-7.8092261908487561)
 (3.0089913348226638,-14.860943714304861)
 (3.7137983158601156,-23.850430237985073)
 (80.328790613655855,-113.13392352943239)
 (63.29087650503957,-81.788897744743537)
 (51.243277108149258,-61.02916671052423)
 (42.037994901814344,-46.573358779863938)
 (34.67551477721458,-36.208824209659888)
 (28.627438262171754,-28.638508912647268)
 (23.582658808588576,-23.037453324479088)
 (19.338694485347229,-18.852038037089322)
 (15.750951816726934,-15.697299084147449)
 (12.707877405179415,-13.299224826789636)
 (10.118558309279789,-11.459779793842724)
 (7.906493314639981,-10.034342529556946)
 (6.0063989209055331,-8.9164140790624344)
 (4.3624600686498471,-8.0268731382697034)
 (2.9272502566508392,-7.3062462494857785)
 (1.6609777206051406,-6.7090758857089066)
 (0.53093043209287449,-6.1998056320677231)
 (-0.48891634524241545,-5.7498028323291948)
 (-1.4181491823724406,-5.3352718401147552)
 (-2.2700703515939593,-4.9359032254504323)
 (-3.0518614477511559,-4.5341622005652455)
 (-3.7649271552131225,-4.1151371904390519)
 (-4.4056311921207625,-3.6668378291045265)
 (-4.9666087515964552,-3.1807523679715994)
 (-5.4387023358313478,-2.6523764137866204)
 (-5.8133253940310805,-2.0813699604818314)
 (-6.0847958958877459,-1.4710587285374119)
 (-6.2520486743963772,-0.82719407022766311)
 (-6.3192503464426704,-0.15615723235934728)
 (-6.2951843658966009,0.53699696341709058)
 (-6.1916742319295031,1.2502272871529212)
 (-6.0215636674825728,1.9856373044473941)
 (-5.7967792362473531,2.749981336679717)
 (-5.5268228549304483,3.5546417646923927)
 (-5.2178159697228548,4.4152163802245639)
 (-4.8720576761123127,5.3507684610197312)
 (-4.4880126670928178,6.3826056521471228)
 (-4.0607074867460895,7.5321897962681224)
 (-3.5826634785372864,8.8174556926454688)
 (-3.0457053997613115,10.246494526052246)
 (-2.4441940375305773,11.807467163434056)
 (-1.7802575188576748,13.454341608560668)
 (-1.0710294142479873,15.090629783275622)
 (-0.356172340543778,16.558551301379687)
 (0.2989283098429425,17.647185303696048)
 (0.81084824002279099,18.13261142216146)
 (1.0997019409585445,17.845780606691591)
 (1.1170846041433284,16.734696459113486)
 (0.8640827596657028,14.87711895998161)
 (0.38840841009246163,12.431460074682263)
 (-0.23419203655006227,9.5584212505208033)
 (-0.9196000898633665,6.3569885025936914)
 (-1.5857270410245743,2.8350317903698343)
 (-2.1530323238182039,-1.087418159220908)
 (-2.5416875358449325,-5.54389484457983)
 (-2.6768878352255641,-10.640639719840914)
 (-695.78168150822557,1028.7356472180209)
 (432.83556021472236,-569.15288279108825)
 (162.02057652065682,-190.73016706179681)
 (96.643376500318084,-102.97729820360537)
 (66.412727951253174,-64.982428805444499)
 (48.643119721683853,-44.47237706576049)
 (36.819649792927557,-32.095772557172644)
 (28.361550673581753,-24.119878730729926)
 (22.029489685035216,-18.754599240009085)
 (17.142196480958507,-15.033681391036925)
 (13.28496436771726,-12.391893001509679)
 (10.18492616886585,-10.479388085681926)
 (7.6518250888658512,-9.0705271814208288)
 (5.5473668474012676,-8.0150068104507071)
 (3.7681394795947027,-7.2098070314583165)
 (2.2354957722573428,-6.5822012085102575)
 (0.8893145111413796,-6.0790311710481975)
 (-0.31587858690983672,-5.6597367333967394)
 (-1.4132368675671136,-5.2917746274609261)
 (-2.4248685293430157,-4.9476865256157465)
 (-3.3624844720234321,-4.6034368248915332)
 (-4.2278903866543347,-4.2378361699480926)
 (-5.0138901721564011,-3.8329160718705535)
 (-5.7061821599857563,-3.3750179392302253)
 (-6.2866086753042767,-2.8561361729762815)
 (-6.7375799159252505,-2.2748318351087202)
 (-7.0467779885290067,-1.6360152178616247)
 (-7.2107643896909659,-0.94923443668127183)
 (-7.2362874081417923,-0.22571704954910221)
 (-7.1389404404326324,0.52504991008277824)
 (-6.9398601724012181,1.2982926505943351)
 (-6.6617448427769501,2.095902525989755)
 (-6.3253729523557949,2.9273159202708436)
 (-5.9472575812735791,3.8096548592395845)
 (-5.5384996415616161,4.7675579577307188)
 (-5.1045707717041013,5.8329763057504644)
 (-4.6457033266621748,7.0448859161205224)
 (-4.1577150371689742,8.4483891700671663)
 (-3.6333779351680917,10.091939487195294)
 (-3.0648332201574813,12.020251232624922)
 (-2.4480331614554851,14.258818772069743)
 (-1.7905405636328755,16.784671021502085)
 (-1.1234019842150254,19.480278783499138)
 (-0.51438229653986056,22.08071288995118)
 (-0.072108665857813392,24.154407489650346)
 (0.076200953065690413,25.185638673980652)
 (-0.16066965792739474,24.783954299445057)
 (-0.78221227165313856,22.901001426950014)
 (-1.6898247969272311,19.856041526099784)
 (-2.736243401121798,16.139766387304643)
 (-3.7830870908204717,12.179711654741894)
 (-4.7268171470291076,8.2247949347776057)
 (-5.4941393738382995,4.351313246289779)
 (-6.0268886157169383,0.52305356910585221)
 (-6.2730049883354884,-3.3390758113956593)
 (-6.1936483351953076,-7.2866275197868724)
 (-95.288975917229322,127.04867778994898)
 (-167.29367828508944,192.73951228043563)
 (-652.5531130764731,658.68620117816579)
 (319.46683367012486,-287.11446038688808)
 (120.4307284371732,-98.163026813229806)
 (69.89336620759822,-52.770384890287261)
 (46.470318947213372,-33.291228550067558)
 (32.876380422384656,-22.967592810281094)
 (24.005563843516605,-16.866811520262512)
 (17.789531264535746,-13.016246832865562)
 (13.216983955361615,-10.47682362684046)
 (9.7263496074080464,-8.7487600559956213)
 (6.9760044577175186,-7.5447961901302349)
 (4.743724296303812,-6.6900295914437091)
 (2.8776916720279591,-6.0726416106574463)
 (1.2706803030266054,-5.6175520254606504)
 (-0.15419633841535296,-5.2713558260723552)
 (-1.4513631889236023,-4.9932446493471057)
 (-2.6568259359626505,-4.7493844717237028)
 (-3.7898392653219743,-4.5095739369943688)
 (-4.8533711992835071,-4.2457305854514882)
 (-5.8346653306396501,-3.9320991123864268)
 (-6.7074174140240856,-3.5470608738954992)
 (-7.4368888478748296,-3.0760114807196568)
 (-7.9881877034160471,-2.514108692677445)
 (-8.3360218384071487,-1.8672647348204703)
 (-8.4725552252735845,-1.1501768020879357)
 (-8.4101206292137771,-0.38153615795924734)
 (-8.1778440312733007,0.42200303269207218)
 (-7.8141456445534487,1.2510711030091608)
 (-7.3584957312667258,2.1068228693162863)
 (-6.8451191800208866,3.0022237901278253)
 (-6.2996355756235483,3.9623019379821143)
 (-5.738221306633343,5.0244614468431941)
 (-5.1683267465036549,6.2396818939785792)
 (-4.5901002888206603,7.6750098718992854)
 (-3.9981070713751792,9.417230752854941)
 (-3.3834922305788426,11.576657324600069)
 (-2.7374667511234603,14.287695321229567)
 (-2.0580757332713127,17.697435147047038)
 (-1.3636470466885893,21.922319165165149)
 (-0.71666878406119139,26.93651559488244)
 (-0.25490685249679146,32.35676935995285)
 (-0.20004865352578705,37.189987637037682)
 (-0.77715072631930049,39.891653038358825)
 (-2.0283822035183263,39.173965158730972)
 (-3.7037457692859528,35.080409510889943)
 (-5.4157419440276033,28.961199975457212)
 (-6.8797618133963914,22.367332003593773)
 (-7.9838707367253523,16.248728912252091)
 (-8.7202260839816788,10.923176113604828)
 (-9.1093673197025229,6.351034760793727)
 (-9.1649442631178211,2.3624090514058675)
 (-8.8917182867154612,-1.2216322597866265)
 (-60.143805553721251,67.054153044979245)
 (-86.059283490308502,80.987389313692631)
 (-147.34064156472121,119.07085243238599)
 (-572.77245228926427,404.8727868851098)
 (258.50773013045546,-163.15416661913855)
 (95.749537921602681,-55.254469406277899)
 (54.23786273711643,-29.427362452744301)
 (35.162178518328844,-18.535400439254616)
 (24.217053636367115,-12.889378927269087)
 (17.145897299406666,-9.6372004825401199)
 (12.217517288113106,-7.6453973162685083)
 (8.5848174078828716,-6.3801895859604638)
 (5.7783746001338958,-5.5612023553444851)
 (3.5136382235108181,-5.0291536639361167)
 (1.6063101655816223,-4.6873675719708956)
 (-0.068497100000289968,-4.4728686897554297)
 (-1.5968448455746482,-4.340669845094105)
 (-3.0358689418893219,-4.2544793752207646)
 (-4.4173380074713453,-4.1809274216910817)
 (-5.7474199849640222,-4.0862788439904003)
 (-7.0051936463356412,-3.9356606026262351)
 (-8.1433677028383933,-3.6952883514893662)
 (-9.0952762449583524,-3.3377336980463235)
 (-9.7905170250307165,-2.8487025608005139)
 (-10.176446501708735,-2.2318613370627576)
 (-10.236734899533683,-1.5079711278190158)
 (-9.9972829816807085,-0.70737096536390753)
 (-9.5167177187462659,0.14104597238119543)
 (-8.8678240519960152,1.0194994015268923)
 (-8.1196447168259613,1.9267307350118681)
 (-7.3263932887816221,2.879544165732459)
 (-6.5238057716554056,3.9128216844023296)
 (-5.7303808079556822,5.0805234210114314)
 (-4.9506104347496436,6.4596446742420337)
 (-4.1783211148756276,8.1588605421077798)
 (-3.3994214521171497,10.334055032940839)
 (-2.59436072998,13.214047663990829)
 (-1.7418219902433334,17.140838708606189)
 (-0.82769725954307027,22.625984431844167)
 (0.13047071611804739,30.403284895308062)
 (1.0205308334936873,41.364715449662924)
 (1.501157560836738,55.970425299271518)
 (0.8516581810447903,72.278563989086706)
 (-1.7141705914515271,83.25313075900668)
 (-5.7838598096865468,80.576069883824161)
 (-9.5495485089895471,65.862377973835507)
 (-11.877411604487008,48.283091292756815)
 (-12.916736210670628,33.543219600810659)
 (-13.155946030151075,22.60788616173771)
 (-12.928805815318551,14.694421778379017)
 (-12.394388704061608,8.8600047905889703)
 (-11.613609727217431,4.3898716912016855)
 (-50.906888301356432,43.822941733945015)
 (-68.629008402153119,48.644185265824788)
 (-104.35538839279255,61.826889777644837)
 (-235.51696467710451,118.50098865389157)
 (537.9573210261791,-234.1768100241319)
 (108.78267157217226,-41.936788745575946)
 (54.581049617642073,-19.212865310462046)
 (33.308795487363135,-11.146447421804972)
 (21.983625907933703,-7.3701848472673586)
 (14.973106954796261,-5.375383631979628)
 (10.202643674073208,-4.2634188793690422)
 (6.718003636705502,-3.6403402729440613)
 (4.0115348794739596,-3.3109805911544039)
 (1.7830430384492244,-3.1701756622786128)
 (-0.15979106604284188,-3.1569068457499374)
 (-1.9469261737240602,-3.2320699226040475)
 (-3.6666024329058957,-3.3659994871108316)
 (-5.3720622851462494,-3.5302192291363328)
 (-7.0789835365382245,-3.6913452161580551)
 (-8.7573041531877589,-3.8072078008185319)
 (-10.324006405000663,-3.8270744277822608)
 (-11.648210964466314,-3.698687975380349)
 (-12.580253585476745,-3.3826040966472966)
 (-13.003429102174215,-2.8680782728615535)
 (-12.883821496145639,-2.1793668139463085)
 (-12.28479773228554,-1.3653254246212805)
 (-11.33670962220293,-0.47778295409516991)
 (-10.185978599504956,0.44821637737143893)
 (-8.9548330297522174,1.4041768190829638)
 (-7.7244974889221698,2.4093012561969926)
 (-6.5364707228161851,3.509029770152464)
 (-5.4013396385468662,4.7764272125872687)
 (-4.3076726252150097,6.3203980790462184)
 (-3.2277053766789354,8.305267818428911)
 (-2.1188468425922129,10.990625968410937)
 (-0.92045415226919447,14.812090672271932)
 (0.45566908570624332,20.554368618224988)
 (2.1450699977178704,29.755963095548097)
 (4.3691378068273892,45.77117367951513)
 (7.5012210658086218,77.003164691614941)
 (12.071179823093587,148.75476519227945)
 (17.077075599218915,353.78775532522923)
 (-0.88075135952334449,873.68987940533975)
 (-41.962574678037072,618.35766611326937)
 (-35.907002539271588,231.58291720196098)
 (-28.076279621712811,104.98476224249301)
 (-23.129312589582188,55.982778946644835)
 (-19.808815120530731,32.661638588124568)
 (-17.321422504158921,19.786033317050485)
 (-15.247666466574412,11.859563768931737)
 (-49.685850427015389,29.913628472776598)
 (-65.603070304584563,31.084310491393069)
 (-98.28348892768723,36.651601313881066)
 (-224.06858042740575,65.535792068218456)
 (421.39314475658455,-96.080395135180169)
 (91.695097525129853,-16.190316949723332)
 (45.654823416615891,-6.2297522516145474)
 (27.37141387145742,-2.932216577077547)
 (17.597930268263987,-1.5765332423949054)
 (11.512826037498636,-1.0094377661586291)
 (7.3191576982367827,-0.82402407914320808)
 (4.1810558173352659,-0.84901533988960676)
 (1.645908900257212,-1.0060438913831831)
 (-0.56249888026658867,-1.2586568873992017)
 (-2.6301527648127028,-1.5904838035807909)
 (-4.6904126055420861,-1.9937177827767711)
 (-6.8361293311684168,-2.4606504430772942)
 (-9.1125566338218178,-2.974730452075113)
 (-11.492356080319514,-3.499808819797082)
 (-13.839641895277071,-3.9699263835931493)
 (-15.889883004978545,-4.2884965828955695)
 (-17.2952295739154,-4.3500966399251189)
 (-17.763104270560422,-4.0861747839241795)
 (-17.217465052658842,-3.5052795579704248)
 (-15.842236033235812,-2.6879913141197358)
 (-13.966624290901777,-1.7381209886520903)
 (-11.906420981814593,-0.73294316985882091)
 (-9.8752077004445642,0.29806524677487189)
 (-7.9768114184390813,1.3712418457784588)
 (-6.2349844373236554,2.5412988817590074)
 (-4.6246074975114819,3.9006509521875143)
 (-3.0909612522959899,5.5921572692312296)
 (-1.5552670819042853,7.8438880174105572)
 (0.094383812660299271,11.048032495356985)
 (2.0352414059903055,15.948065358248313)
 (4.6002060952126342,24.144902675844481)
 (8.5745924459061094,39.787242195200079)
 (16.591679446706863,77.653486596118498)
 (48.39755793063722,252.3517702284766)
 (-72.648992952595961,-472.15397771646167)
 (-17.750750256671296,-174.25079783198993)
 (-5.0529112500895934,-139.71719103342866)
 (6.7991409091275941,-153.64730121439123)
 (37.486392255330166,-264.45329145738833)
 (-211.41845333399971,812.33050758027377)
 (-44.921200179062772,110.6840081638848)
 (-28.481035283223029,48.427212641793879)
 (-21.617101431399547,26.241483657571674)
 (-53.204927801819409,18.732649662561052)
 (-71.068017280274333,17.146662778685801)
 (-114.32392993075226,17.002790668802945)
 (-432.48922959677446,29.875174098418441)
 (171.19436597446978,0.30419343886934769)
 (60.485743076685878,4.074061282541841)
 (32.234490564217367,4.2304873437429436)
 (19.398048730467789,3.8425514268798882)
 (12.071735237386982,3.3322271947565643)
 (7.2819261936891921,2.8017534237920962)
 (3.8050026146590348,2.273612352751297)
 (1.0252787006959254,1.7425213586852095)
 (-1.4217518452480138,1.1904786461717483)
 (-3.7877920158398002,0.59144369194306856)
 (-6.2727956847024737,-0.087174003926615118)
 (-9.0489661223273767,-0.88273041469918745)
 (-12.253080052007778,-1.8311568252848875)
 (-15.9327868335243,-2.9494228312115895)
 (-19.926235056786204,-4.1981051777261982)
 (-23.701178443385054,-5.4281796457324827)
 (-26.333821748603,-6.3625693978356601)
 (-26.912879388492573,-6.7035704378682297)
 (-25.225514187318712,-6.3413968644542749)
 (-21.940841964601127,-5.4327292781692549)
 (-18.04360574592895,-4.2483497135885999)
 (-14.25334999644009,-2.9939775712123335)
 (-10.89049771534402,-1.7554117046477344)
 (-8.00453841082604,-0.52515839520554852)
 (-5.5168076050069974,0.7637521322250389)
 (-3.300983851352147,2.2254500898172243)
 (-1.2108305272232585,4.0354110223695345)
 (0.92673191855789661,6.4805660355391534)
 (3.3526710639132782,10.083815333732424)
 (6.4889454333543792,15.937281915008498)
 (11.300152810781462,26.790458489353348)
 (20.942128051618912,52.07088510075419)
 (57.223524230898285,158.23112531213476)
 (-118.14470445606044,-384.50240225363791)
 (-28.879509971586792,-119.03617616153085)
 (-14.505074365012863,-85.809804064635259)
 (-6.7830464627857836,-78.519509724870758)
 (0.56156650934721952,-84.35600732255314)
 (12.423111554416758,-110.52160693450516)
 (56.378390089338204,-240.78537106764279)
 (-115.11252750592386,305.90873998034039)
 (-38.675441942875821,70.977801592108761)
 (-62.185499175904162,6.7321620419098025)
 (-89.429672585416682,0.28086425531799897)
 (-196.53216004768731,-18.403735651991617)
 (347.14382774213891,65.14919767977544)
 (73.11985967156599,20.848674910810068)
 (34.691005855692111,13.688483048100196)
 (19.529230680135072,10.369520313161559)
 (11.440427778961956,8.3219461865678781)
 (6.3468906956569553,6.8763009646034225)
 (2.7112835949340477,5.7635118110042312)
 (-0.20667118471661983,4.8410001508292915)
 (-2.8457276158056661,4.0132837214400894)
 (-5.5303866213423776,3.1995996174947159)
 (-8.5629243445946859,2.3144405365668881)
 (-12.281590233684318,1.2501191036468313)
 (-17.095062384278002,-0.14150666172665005)
 (-23.450830183191869,-2.0592747469072634)
 (-31.582810342465148,-4.7105318567921337)
 (-40.737872754881842,-8.0977026889266703)
 (-48.029664579523299,-11.556982613800782)
 (-49.245771843328725,-13.658669185937281)
 (-43.362846517434448,-13.484348784761917)
 (-33.996822764005046,-11.660507117368164)
 (-24.915351071983928,-9.3327989001998084)
 (-17.583773272998528,-7.1453935964052571)
 (-11.998722404542452,-5.2533702285439166)
 (-7.7261647584010227,-3.5937938005363845)
 (-4.3235856542191629,-2.0326436908935737)
 (-1.427450216217693,-0.40350186061361604)
 (1.2695073557861729,1.5099565998506661)
 (4.0776249803122315,4.0384881603778302)
 (7.4142853608779458,7.7858392556026264)
 (12.052780907684305,14.076853888779654)
 (19.989960427401421,26.603337847636691)
 (39.463058204177003,61.05798204634776)
 (216.81863145180594,398.92972517848631)
 (-68.334264814452837,-154.19347414391655)
 (-28.720410430111926,-83.392275452265963)
 (-16.531229787044111,-67.319529789736563)
 (-9.2747279872795545,-64.159490635765891)
 (-2.6901418506909707,-69.142386117986831)
 (6.4172029794352872,-86.510659187405508)
 (29.349729257131184,-148.41056668093958)
 (-829.99046518482191,2476.7532191792861)
 (-164.61739990169389,-43.44898698792575)
 (515.66806948559827,200.28661076451871)
 (74.766852580928088,39.663007586560298)
 (32.934374461771341,23.348561316246538)
 (17.435745597396902,16.786604694427169)
 (9.4101712141618918,13.142509497097485)
 (4.4265559918035597,10.794396089042525)
 (0.86121185183506554,9.14051142573269)
 (-2.0672876552999337,7.8916262454082595)
 (-4.8436265993853542,6.8761034804306185)
 (-7.8723998279549949,5.9647105963457472)
 (-11.615232131962628,5.0260610070158132)
 (-16.747191404659279,3.8778673797917786)
 (-24.425710872843339,2.1994345732445701)
 (-36.826343543123436,-0.66344145912430719)
 (-58.111060338635539,-6.1414020663555675)
 (-94.634224720712197,-17.093287050433471)
 (-142.97465226508987,-35.476635912693581)
 (-154.99423486796817,-48.44322943614651)
 (-109.83678780668612,-41.53436755850781)
 (-64.838610580277717,-29.177776260120996)
 (-37.787831735579957,-20.234291473229998)
 (-22.413952166752608,-14.514776798737858)
 (-13.159900776891043,-10.734635082747694)
 (-7.0920045157782026,-8.0313470926674544)
 (-2.7061605648944376,-5.883497302373061)
 (0.83258306480165079,-3.9383159745059233)
 (4.0670791410583558,-1.8899057313745293)
 (7.4607476476498009,0.6314284344750245)
 (11.591689463349855,4.2365914546902816)
 (17.521949811906726,10.233369557353393)
 (28.056397583231352,22.307136116067007)
 (55.370698751083864,56.851683376533316)
 (410.07914813640377,535.26641320316969)
 (-80.080771213021052,-133.66927927956715)
 (-35.587606008228697,-78.045001766335417)
 (-21.294053521503493,-65.116948489249637)
 (-13.021543398020636,-63.334670099627175)
 (-6.0046618365851421,-69.169088982540742)
 (2.9076109423344105,-87.206021432630308)
 (313.46879073052446,192.90688260608243)
 (61.876083436360879,51.189350958722287)
 (26.86713155760004,30.280295023846467)
 (13.297857306377866,21.630175584548596)
 (6.1677877759938227,16.872617197495078)
 (1.6850079803657945,13.884657568658586)
 (-1.5997981090252402,11.861980775541442)
 (-4.4206698114597245,10.421332887431667)
 (-7.2790520249623896,9.3448660957135754)
 (-10.668243473828293,8.480848229893196)
 (-15.281772584923676,7.6843630136366023)
 (-22.401885720882245,6.742790437553051)
 (-34.99470561633003,5.1875800608314115)
 (-62.009034975863621,1.5492427232120747)
 (-147.07130239765777,-11.737370575883389)
 (-2699.6958879404401,-468.3432040770407)
 (308.6107061014356,80.826154249460046)
 (250.76615619089208,87.962944018919345)
 (607.15142422492704,271.29071067603297)
 (-230.3693841710849,-128.91970702092556)
 (-65.559755426097794,-46.255945721729759)
 (-29.248214641994164,-26.876708086854446)
 (-14.248013802580388,-18.422265354786575)
 (-6.1403107467434399,-13.666766146400045)
 (-0.87490450427907795,-10.500366018451134)
 (3.1407621694734296,-8.0406806453923174)
 (6.7253922422280255,-5.781094860526979)
 (10.465713323784545,-3.2891038336436713)
 (15.010852318757195,0.0086195875746639672)
 (21.461839137617336,5.2032860632456455)
 (32.497768604609782,15.102214027593639)
 (58.102500725774959,40.433187764605059)
 (203.6799047643884,195.60477784580166)
 (-146.29357246622155,-188.74355469729502)
 (-53.21642356277075,-92.730932786411913)
 (-30.967671587447924,-75.741267417737305)
 (-19.660063625585689,-74.273771282356165)
 (-11.003966250568912,-83.296374619131086)
 (18.433541493460702,32.813609039479879)
 (7.99869248939088,23.946428618782178)
 (2.2430882744093967,18.860642867580061)
 (-1.5013937763821321,15.638765574500898)
 (-4.3679910750677973,13.487750337603817)
 (-6.9916203332973232,12.014556344194544)
 (-9.8707322386198353,10.997588723423664)
 (-13.58937757452353,10.294080577278574)
 (-19.124789545860587,9.7865658083736982)
 (-28.640911270245777,9.3158959954347278)
 (-48.582746621827553,8.4682797944815391)
 (-111.20981704072349,5.1059822584699646)
 (-21417.076813856307,-1460.1345184328457)
 (159.31062497121133,27.770792844659454)
 (100.36695161345548,27.949846384713211)
 (91.539530390026101,35.463182354525699)
 (112.23448630972518,57.264174010560481)
 (301.33845030015829,199.29280971486605)
 (-137.47810434578281,-119.33370084007433)
 (-37.657850828005166,-44.925313383759409)
 (-15.011159903942666,-27.501468314908156)
 (-5.0423685417338291,-19.729977408607752)
 (0.82686560725541547,-15.237037956680183)
 (5.083776264089849,-12.13712110894701)
 (8.7859196915170124,-9.6041249323224314)
 (12.578879942514163,-7.1091123787265342)
 (17.075070987473783,-4.1157412033364178)
 (23.172210791615157,0.21555892853731429)
 (32.718847988385754,7.7024507937358315)
 (50.954635745387002,23.679322955592223)
 (102.60755217312843,73.874284773358113)
 (1833.754799404383,1887.782031671308)
 (-120.15062826658573,-173.13223654108799)
 (-57.636208897122657,-118.50261073856187)
 (-1.7194603441152907,18.919161790873108)
 (-4.6726941377144176,15.846343778852297)
 (-7.0668169841779864,13.793014615291781)
 (-9.43094119688487,12.423295351050015)
 (-12.248634434930523,11.543986103285315)
 (-16.174943890745698,11.038969499627676)
 (-22.440890953414975,10.834955527195822)
 (-34.104049544056316,10.871427021619141)
 (-62.05837598882097,11.011567146091522)
 (-196.07469522189973,10.009223687590037)
 (280.61167669617009,18.545369243648025)
 (102.30351932369479,18.328948933601744)
 (74.283289387413376,21.834495910673787)
 (68.877289634284963,28.782857557558284)
 (78.806703226343558,44.298181466884493)
 (136.01896835810527,101.40136907600093)
 (-331.71265326055277,-333.59236762376975)
 (-44.360034844338216,-63.660904510048468)
 (-15.145320021376524,-35.611243709589168)
 (-4.0685545368381852,-24.954342088592046)
 (2.051119106710857,-19.281033764920995)
 (6.3365006842493372,-15.620555608846413)
 (9.9676099472316277,-12.838366615645374)
 (13.581201917945044,-10.314886177489555)
 (17.687596745456165,-7.5387481647773402)
 (22.896516649759491,-3.8610651046199003)
 (30.197451519256994,1.8560576542220488)
 (41.602371730539467,12.11438517102474)
 (62.249367121558876,33.780667323227085)
 (110.65755966761131,93.21226542606685)
 (-9.3407395936543054,12.788935657605073)
 (-11.398302866543517,11.611229811844041)
 (-14.043725988247882,10.900518516353323)
 (-17.953519765604504,10.56430132184239)
 (-24.46821336695373,10.551743831166963)
 (-37.057849969600049,10.841096894871534)
 (-68.872433351900568,11.4138224663876)
 (-254.88849767720586,11.858957638829736)
 (223.06207846503321,15.31622782368386)
 (95.094104870034499,17.486663131311648)
 (71.047856447777662,21.633612780310273)
 (66.444211591540181,29.120775960541806)
 (75.838989851536553,45.325166707268622)
 (127.53198282206975,102.62634466200545)
 (-386.61931117356824,-427.18301123315143)
 (-44.325224548751287,-71.523306356537674)
 (-14.535753094484349,-39.928352056403938)
 (-3.4533975033562214,-28.165607968701764)
 (2.5988836903276002,-21.984615072035172)
 (6.7742037448916221,-18.062695584065843)
 (10.228652891215283,-15.160433134835776)
 (13.542289757581067,-12.633373917649722)
 (17.1107040921055,-10.00220744387353)
 (21.298814738307218,-6.7478984516386831)
 (26.527937269790961,-2.1244460690142404)
 (33.334777827467349,5.1209711633231834)
 (-18.590956382967175,8.9866333025120895)
 (-24.713518547214825,9.033599325327522)
 (-36.460301389256216,9.2614754393217957)
 (-64.774552579885025,9.4178522576865014)
 (-194.23016215315653,7.2988669073855306)
 (332.97877991614877,23.799306826390534)
 (113.83586642936248,21.026732711016159)
 (82.72931164187365,25.384820477388857)
 (78.074339042887928,34.783236352783995)
 (93.545172057589994,57.402169004757624)
 (197.41120044528111,164.79963867334706)
 (-173.91081097790408,-201.43905495982079)
 (-37.80341831670205,-64.634274868883224)
 (-13.402357833533941,-39.450811099494778)
 (-3.2668949069581856,-28.913733128202566)
 (2.4834400954452462,-23.093530997002365)
 (6.4713168208199647,-19.304022815975827)
 (9.7084210336759647,-16.468965350573288)
 (12.692233033834867,-14.009680072994245)
 (15.720111242344338,-11.502771069274107)
 (-114.98365660184342,3.2607499446471238)
 (-1300.0940181967756,-92.049220943616092)
 (211.61422815163553,37.761141206990175)
 (130.01574082782992,38.791849116609981)
 (124.37725663515178,54.421826217551448)
 (181.36675724176212,110.36556587851753)
 (-1703.078283357753,-1421.474432120569)
 (-83.172800624054773,-96.875797570969198)
 (-29.759268430777446,-51.229734921295595)
 (-12.104903283438631,-35.488610304939947)
 (-3.4132781297996182,-27.553796851831269)
 (1.8756162883617762,-22.738762101123452)


# name: Kvec
# type: complex matrix
# rows: 3852
# columns: 1
 (-6.9000000000000004,-1.1000000000000001)
 (-6.9000000000000004,-0.90000000000000002)
 (-6.9000000000000004,-0.70000000000000007)
 (-6.9000000000000004,-0.5)
 (-6.9000000000000004,-0.30000000000000004)
 (-6.9000000000000004,-0.10000000000000001)
 (-6.9000000000000004,0.10000000000000001)
 (-6.9000000000000004,0.30000000000000004)
 (-6.9000000000000004,0.5)
 (-6.9000000000000004,0.70000000000000007)
 (-6.9000000000000004,0.90000000000000002)
 (-6.9000000000000004,1.1000000000000001)
 (-6.7000000000000002,-1.9000000000000001)
 (-6.7000000000000002,-1.7000000000000002)
 (-6.7000000000000002,-1.5000000000000002)
 (-6.7000000000000002,-1.3000000000000003)
 (-6.7000000000000002,-1.1000000000000001)
 (-6.7000000000000002,-0.90000000000000002)
 (-6.7000000000000002,-0.70000000000000007)
 (-6.7000000000000002,-0.5)
 (-6.7000000000000002,-0.30000000000000004)
 (-6.7000000000000002,-0.10000000000000001)
 (-6.7000000000000002,0.10000000000000001)
 (-6.7000000000000002,0.30000000000000004)
 (-6.7000000000000002,0.5)
 (-6.7000000000000002,0.70000000000000007)
 (-6.7000000000000002,0.90000000000000002)
 (-6.7000000000000002,1.1000000000000001)
 (-6.7000000000000002,1.3000000000000003)
 (-6.7000000000000002,1.5000000000000002)
 (-6.7000000000000002,1.7000000000000002)
 (-6.7000000000000002,1.9000000000000001)
 (-6.5,-2.5000000000000004)
 (-6.5,-2.3000000000000003)
 (-6.5,-2.1000000000000001)
 (-6.5,-1.9000000000000001)
 (-6.5,-1.7000000000000002)
 (-6.5,-1.5000000000000002)
 (-6.5,-1.3000000000000003)
 (-6.5,-1.1000000000000001)
 (-6.5,-0.90000000000000002)
 (-6.5,-0.70000000000000007)
 (-6.5,-0.5)
 (-6.5,-0.30000000000000004)
 (-6.5,-0.10000000000000001)
 (-6.5,0.10000000000000001)
 (-6.5,0.30000000000000004)
 (-6.5,0.5)
 (-6.5,0.70000000000000007)
 (-6.5,0.90000000000000002)
 (-6.5,1.1000000000000001)
 (-6.5,1.3000000000000003)
 (-6.5,1.5000000000000002)
 (-6.5,1.7000000000000002)
 (-6.5,1.9000000000000001)
 (-6.5,2.1000000000000001)
 (-6.5,2.3000000000000003)
 (-6.5,2.5000000000000004)
 (-6.2999999999999998,-2.9000000000000004)
 (-6.2999999999999998,-2.7000000000000002)
 (-6.2999999999999998,-2.5000000000000004)
 (-6.2999999999999998,-2.3000000000000003)
 (-6.2999999999999998,-2.1000000000000001)
 (-6.2999999999999998,-1.9000000000000001)
 (-6.2999999999999998,-1.7000000000000002)
 (-6.2999999999999998,-1.5000000000000002)
 (-6.2999999999999998,-1.3000000000000003)
 (-6.2999999999999998,-1.1000000000000001)
 (-6.2999999999999998,-0.90000000000000002)
 (-6.2999999999999998,-0.70000000000000007)
 (-6.2999999999999998,-0.5)
 (-6.2999999999999998,-0.30000000000000004)
 (-6.2999999999999998,-0.10000000000000001)
 (-6.2999999999999998,0.10000000000000001)
 (-6.2999999999999998,0.30000000000000004)
 (-6.2999999999999998,0.5)
 (-6.2999999999999998,0.70000000000000007)
 (-6.2999999999999998,0.90000000000000002)
 (-6.2999999999999998,1.1000000000000001)
 (-6.2999999999999998,1.3000000000000003)
 (-6.2999999999999998,1.5000000000000002)
 (-6.2999999999999998,1.7000000000000002)
 (-6.2999999999999998,1.9000000000000001)
 (-6.2999999999999998,2.1000000000000001)
 (-6.2999999999999998,2.3000000000000003)
 (-6.2999999999999998,2.5000000000000004)
 (-6.2999999999999998,2.7000000000000002)
 (-6.2999999999999998,2.9000000000000004)
 (-6.0999999999999996,-3.3000000000000003)
 (-6.0999999999999996,-3.1000000000000001)
 (-6.0999999999999996,-2.9000000000000004)
 (-6.0999999999999996,-2.7000000000000002)
 (-6.0999999999999996,-2.5000000000000004)
 (-6.0999999999999996,-2.3000000000000003)
 (-6.0999999999999996,-2.1000000000000001)
 (-6.0999999999999996,-1.9000000000000001)
 (-6.0999999999999996,-1.7000000000000002)
 (-6.0999999999999996,-1.5000000000000002)
 (-6.0999999999999996,-1.3000000000000003)
 (-6.0999999999999996,-1.1000000000000001)
 (-6.0999999999999996,-0.90000000000000002)
 (-6.0999999999999996,-0.70000000000000007)
 (-6.0999999999999996,-0.5)
 (-6.0999999999999996,-0.30000000000000004)
 (-6.0999999999999996,-0.10000000000000001)
 (-6.0999999999999996,0.10000000000000001)
 (-6.0999999999999996,0.30000000000000004)
 (-6.0999999999999996,0.5)
 (-6.0999999999999996,0.70000000000000007)
 (-6.0999999999999996,0.90000000000000002)
 (-6.0999999999999996,1.1000000000000001)
 (-6.0999999999999996,1.3000000000000003)
 (-6.0999999999999996,1.5000000000000002)
 (-6.0999999999999996,1.7000000000000002)
 (-6.0999999999999996,1.9000000000000001)
 (-6.0999999999999996,2.1000000000000001)
 (-6.0999999999999996,2.3000000000000003)
 (-6.0999999999999996,2.5000000000000004)
 (-6.0999999999999996,2.7000000000000002)
 (-6.0999999999999996,2.9000000000000004)
 (-6.0999999999999996,3.1000000000000001)
 (-6.0999999999999996,3.3000000000000003)
 (-5.9000000000000004,-3.7000000000000002)
 (-5.9000000000000004,-3.5000000000000004)
 (-5.9000000000000004,-3.3000000000000003)
 (-5.9000000000000004,-3.1000000000000001)
 (-5.9000000000000004,-2.9000000000000004)
 (-5.9000000000000004,-2.7000000000000002)
 (-5.9000000000000004,-2.5000000000000004)
 (-5.9000000000000004,-2.3000000000000003)
 (-5.9000000000000004,-2.1000000000000001)
 (-5.9000000000000004,-1.9000000000000001)
 (-5.9000000000000004,-1.7000000000000002)
 (-5.9000000000000004,-1.5000000000000002)
 (-5.9000000000000004,-1.3000000000000003)
 (-5.9000000000000004,-1.1000000000000001)
 (-5.9000000000000004,-0.90000000000000002)
 (-5.9000000000000004,-0.70000000000000007)
 (-5.9000000000000004,-0.5)
 (-5.9000000000000004,-0.30000000000000004)
 (-5.9000000000000004,-0.10000000000000001)
 (-5.9000000000000004,0.10000000000000001)
 (-5.9000000000000004,0.30000000000000004)
 (-5.9000000000000004,0.5)
 (-5.9000000000000004,0.70000000000000007)
 (-5.9000000000000004,0.90000000000000002)
 (-5.9000000000000004,1.1000000000000001)
 (-5.9000000000000004,1.3000000000000003)
 (-5.9000000000000004,1.5000000000000002)
 (-5.9000000000000004,1.7000000000000002)
 (-5.9000000000000004,1.9000000000000001)
 (-5.9000000000000004,2.1000000000000001)
 (-5.9000000000000004,2.3000000000000003)
 (-5.9000000000000004,2.5000000000000004)
 (-5.9000000000000004,2.7000000000000002)
 (-5.9000000000000004,2.9000000000000004)
 (-5.9000000000000004,3.1000000000000001)
 (-5.9000000000000004,3.3000000000000003)
 (-5.9000000000000004,3.5000000000000004)
 (-5.9000000000000004,3.7000000000000002)
 (-5.7000000000000002,-3.9000000000000004)
 (-5.7000000000000002,-3.7000000000000002)
 (-5.7000000000000002,-3.5000000000000004)
 (-5.7000000000000002,-3.3000000000000003)
 (-5.7000000000000002,-3.1000000000000001)
 (-5.7000000000000002,-2.9000000000000004)
 (-5.7000000000000002,-2.7000000000000002)
 (-5.7000000000000002,-2.5000000000000004)
 (-5.7000000000000002,-2.3000000000000003)
 (-5.7000000000000002,-2.1000000000000001)
 (-5.7000000000000002,-1.9000000000000001)
 (-5.7000000000000002,-1.7000000000000002)
 (-5.7000000000000002,-1.5000000000000002)
 (-5.7000000000000002,-1.3000000000000003)
 (-5.7000000000000002,-1.1000000000000001)
 (-5.7000000000000002,-0.90000000000000002)
 (-5.7000000000000002,-0.70000000000000007)
 (-5.7000000000000002,-0.5)
 (-5.7000000000000002,-0.30000000000000004)
 (-5.7000000000000002,-0.10000000000000001)
 (-5.7000000000000002,0.10000000000000001)
 (-5.7000000000000002,0.30000000000000004)
 (-5.7000000000000002,0.5)
 (-5.7000000000000002,0.70000000000000007)
 (-5.7000000000000002,0.90000000000000002)
 (-5.7000000000000002,1.1000000000000001)
 (-5.7000000000000002,1.3000000000000003)
 (-5.7000000000000002,1.5000000000000002)
 (-5.7000000000000002,1.7000000000000002)
 (-5.7000000000000002,1.9000000000000001)
 (-5.7000000000000002,2.1000000000000001)
 (-5.7000000000000002,2.3000000000000003)
 (-5.7000000000000002,2.5000000000000004)
 (-5.7000000000000002,2.7000000000000002)
 (-5.7000000000000002,2.9000000000000004)
 (-5.7000000000000002,3.1000000000000001)
 (-5.7000000000000002,3.3000000000000003)
 (-5.7000000000000002,3.5000000000000004)
 (-5.7000000000000002,3.7000000000000002)
 (-5.7000000000000002,3.9000000000000004)
 (-5.5,-4.2999999999999998)
 (-5.5,-4.0999999999999996)
 (-5.5,-3.9000000000000004)
 (-5.5,-3.7000000000000002)
 (-5.5,-3.5000000000000004)
 (-5.5,-3.3000000000000003)
 (-5.5,-3.1000000000000001)
 (-5.5,-2.9000000000000004)
 (-5.5,-2.7000000000000002)
 (-5.5,-2.5000000000000004)
 (-5.5,-2.3000000000000003)
 (-5.5,-2.1000000000000001)
 (-5.5,-1.9000000000000001)
 (-5.5,-1.7000000000000002)
 (-5.5,-1.5000000000000002)
 (-5.5,-1.3000000000000003)
 (-5.5,-1.1000000000000001)
 (-5.5,-0.90000000000000002)
 (-5.5,-0.70000000000000007)
 (-5.5,-0.5)
 (-5.5,-0.30000000000000004)
 (-5.5,-0.10000000000000001)
 (-5.5,0.10000000000000001)
 (-5.5,0.30000000000000004)
 (-5.5,0.5)
 (-5.5,0.70000000000000007)
 (-5.5,0.90000000000000002)
 (-5.5,1.1000000000000001)
 (-5.5,1.3000000000000003)
 (-5.5,1.5000000000000002)
 (-5.5,1.7000000000000002)
 (-5.5,1.9000000000000001)
 (-5.5,2.1000000000000001)
 (-5.5,2.3000000000000003)
 (-5.5,2.5000000000000004)
 (-5.5,2.7000000000000002)
 (-5.5,2.9000000000000004)
 (-5.5,3.1000000000000001)
 (-5.5,3.3000000000000003)
 (-5.5,3.5000000000000004)
 (-5.5,3.7000000000000002)
 (-5.5,3.9000000000000004)
 (-5.5,4.0999999999999996)
 (-5.5,4.2999999999999998)
 (-5.2999999999999998,-4.5)
 (-5.2999999999999998,-4.2999999999999998)
 (-5.2999999999999998,-4.0999999999999996)
 (-5.2999999999999998,-3.9000000000000004)
 (-5.2999999999999998,-3.7000000000000002)
 (-5.2999999999999998,-3.5000000000000004)
 (-5.2999999999999998,-3.3000000000000003)
 (-5.2999999999999998,-3.1000000000000001)
 (-5.2999999999999998,-2.9000000000000004)
 (-5.2999999999999998,-2.7000000000000002)
 (-5.2999999999999998,-2.5000000000000004)
 (-5.2999999999999998,-2.3000000000000003)
 (-5.2999999999999998,-2.1000000000000001)
 (-5.2999999999999998,-1.9000000000000001)
 (-5.2999999999999998,-1.7000000000000002)
 (-5.2999999999999998,-1.5000000000000002)
 (-5.2999999999999998,-1.3000000000000003)
 (-5.2999999999999998,-1.1000000000000001)
 (-5.2999999999999998,-0.90000000000000002)
 (-5.2999999999999998,-0.70000000000000007)
 (-5.2999999999999998,-0.5)
 (-5.2999999999999998,-0.30000000000000004)
 (-5.2999999999999998,-0.10000000000000001)
 (-5.2999999999999998,0.10000000000000001)
 (-5.2999999999999998,0.30000000000000004)
 (-5.2999999999999998,0.5)
 (-5.2999999999999998,0.70000000000000007)
 (-5.2999999999999998,0.90000000000000002)
 (-5.2999999999999998,1.1000000000000001)
 (-5.2999999999999998,1.3000000000000003)
 (-5.2999999999999998,1.5000000000000002)
 (-5.2999999999999998,1.7000000000000002)
 (-5.2999999999999998,1.9000000000000001)
 (-5.2999999999999998,2.1000000000000001)
 (-5.2999999999999998,2.3000000000000003)
 (-5.2999999999999998,2.5000000000000004)
 (-5.2999999999999998,2.7000000000000002)
 (-5.2999999999999998,2.9000000000000004)
 (-5.2999999999999998,3.1000000000000001)
 (-5.2999999999999998,3.3000000000000003)
 (-5.2999999999999998,3.5000000000000004)
 (-5.2999999999999998,3.7000000000000002)
 (-5.2999999999999998,3.9000000000000004)
 (-5.2999999999999998,4.0999999999999996)
 (-5.2999999999999998,4.2999999999999998)
 (-5.2999999999999998,4.5)
 (-5.0999999999999996,-4.7000000000000002)
 (-5.0999999999999996,-4.5)
 (-5.0999999999999996,-4.2999999999999998)
 (-5.0999999999999996,-4.0999999999999996)
 (-5.0999999999999996,-3.9000000000000004)
 (-5.0999999999999996,-3.7000000000000002)
 (-5.0999999999999996,-3.5000000000000004)
 (-5.0999999999999996,-3.3000000000000003)
 (-5.0999999999999996,-3.1000000000000001)
 (-5.0999999999999996,-2.9000000000000004)
 (-5.0999999999999996,-2.7000000000000002)
 (-5.0999999999999996,-2.5000000000000004)
 (-5.0999999999999996,-2.3000000000000003)
 (-5.0999999999999996,-2.1000000000000001)
 (-5.0999999999999996,-1.9000000000000001)
 (-5.0999999999999996,-1.7000000000000002)
 (-5.0999999999999996,-1.5000000000000002)
 (-5.0999999999999996,-1.3000000000000003)
 (-5.0999999999999996,-1.1000000000000001)
 (-5.0999999999999996,-0.90000000000000002)
 (-5.0999999999999996,-0.70000000000000007)
 (-5.0999999999999996,-0.5)
 (-5.0999999999999996,-0.30000000000000004)
 (-5.0999999999999996,-0.10000000000000001)
 (-5.0999999999999996,0.10000000000000001)
 (-5.0999999999999996,0.30000000000000004)
 (-5.0999999999999996,0.5)
 (-5.0999999999999996,0.70000000000000007)
 (-5.0999999999999996,0.90000000000000002)
 (-5.0999999999999996,1.1000000000000001)
 (-5.0999999999999996,1.3000000000000003)
 (-5.0999999999999996,1.5000000000000002)
 (-5.0999999999999996,1.7000000000000002)
 (-5.0999999999999996,1.9000000000000001)
 (-5.0999999999999996,2.1000000000000001)
 (-5.0999999999999996,2.3000000000000003)
 (-5.0999999999999996,2.5000000000000004)
 (-5.0999999999999996,2.7000000000000002)
 (-5.0999999999999996,2.9000000000000004)
 (-5.0999999999999996,3.1000000000000001)
 (-5.0999999999999996,3.3000000000000003)
 (-5.0999999999999996,3.5000000000000004)
 (-5.0999999999999996,3.7000000000000002)
 (-5.0999999999999996,3.9000000000000004)
 (-5.0999999999999996,4.0999999999999996)
 (-5.0999999999999996,4.2999999999999998)
 (-5.0999999999999996,4.5)
 (-5.0999999999999996,4.7000000000000002)
 (-4.9000000000000004,-4.9000000000000004)
 (-4.9000000000000004,-4.7000000000000002)
 (-4.9000000000000004,-4.5)
 (-4.9000000000000004,-4.2999999999999998)
 (-4.9000000000000004,-4.0999999999999996)
 (-4.9000000000000004,-3.9000000000000004)
 (-4.9000000000000004,-3.7000000000000002)
 (-4.9000000000000004,-3.5000000000000004)
 (-4.9000000000000004,-3.3000000000000003)
 (-4.9000000000000004,-3.1000000000000001)
 (-4.9000000000000004,-2.9000000000000004)
 (-4.9000000000000004,-2.7000000000000002)
 (-4.9000000000000004,-2.5000000000000004)
 (-4.9000000000000004,-2.3000000000000003)
 (-4.9000000000000004,-2.1000000000000001)
 (-4.9000000000000004,-1.9000000000000001)
 (-4.9000000000000004,-1.7000000000000002)
 (-4.9000000000000004,-1.5000000000000002)
 (-4.9000000000000004,-1.3000000000000003)
 (-4.9000000000000004,-1.1000000000000001)
 (-4.9000000000000004,-0.90000000000000002)
 (-4.9000000000000004,-0.70000000000000007)
 (-4.9000000000000004,-0.5)
 (-4.9000000000000004,-0.30000000000000004)
 (-4.9000000000000004,-0.10000000000000001)
 (-4.9000000000000004,0.10000000000000001)
 (-4.9000000000000004,0.30000000000000004)
 (-4.9000000000000004,0.5)
 (-4.9000000000000004,0.70000000000000007)
 (-4.9000000000000004,0.90000000000000002)
 (-4.9000000000000004,1.1000000000000001)
 (-4.9000000000000004,1.3000000000000003)
 (-4.9000000000000004,1.5000000000000002)
 (-4.9000000000000004,1.7000000000000002)
 (-4.9000000000000004,1.9000000000000001)
 (-4.9000000000000004,2.1000000000000001)
 (-4.9000000000000004,2.3000000000000003)
 (-4.9000000000000004,2.5000000000000004)
 (-4.9000000000000004,2.7000000000000002)
 (-4.9000000000000004,2.9000000000000004)
 (-4.9000000000000004,3.1000000000000001)
 (-4.9000000000000004,3.3000000000000003)
 (-4.9000000000000004,3.5000000000000004)
 (-4.9000000000000004,3.7000000000000002)
 (-4.9000000000000004,3.9000000000000004)
 (-4.9000000000000004,4.0999999999999996)
 (-4.9000000000000004,4.2999999999999998)
 (-4.9000000000000004,4.5)
 (-4.9000000000000004,4.7000000000000002)
 (-4.9000000000000004,4.9000000000000004)
 (-4.7000000000000002,-5.0999999999999996)
 (-4.7000000000000002,-4.9000000000000004)
 (-4.7000000000000002,-4.7000000000000002)
 (-4.7000000000000002,-4.5)
 (-4.7000000000000002,-4.2999999999999998)
 (-4.7000000000000002,-4.0999999999999996)
 (-4.7000000000000002,-3.9000000000000004)
 (-4.7000000000000002,-3.7000000000000002)
 (-4.7000000000000002,-3.5000000000000004)
 (-4.7000000000000002,-3.3000000000000003)
 (-4.7000000000000002,-3.1000000000000001)
 (-4.7000000000000002,-2.9000000000000004)
 (-4.7000000000000002,-2.7000000000000002)
 (-4.7000000000000002,-2.5000000000000004)
 (-4.7000000000000002,-2.3000000000000003)
 (-4.7000000000000002,-2.1000000000000001)
 (-4.7000000000000002,-1.9000000000000001)
 (-4.7000000000000002,-1.7000000000000002)
 (-4.7000000000000002,-1.5000000000000002)
 (-4.7000000000000002,-1.3000000000000003)
 (-4.7000000000000002,-1.1000000000000001)
 (-4.7000000000000002,-0.90000000000000002)
 (-4.7000000000000002,-0.70000000000000007)
 (-4.7000000000000002,-0.5)
 (-4.7000000000000002,-0.30000000000000004)
 (-4.7000000000000002,-0.10000000000000001)
 (-4.7000000000000002,0.10000000000000001)
 (-4.7000000000000002,0.30000000000000004)
 (-4.7000000000000002,0.5)
 (-4.7000000000000002,0.70000000000000007)
 (-4.7000000000000002,0.90000000000000002)
 (-4.7000000000000002,1.1000000000000001)
 (-4.7000000000000002,1.3000000000000003)
 (-4.7000000000000002,1.5000000000000002)
 (-4.7000000000000002,1.7000000000000002)
 (-4.7000000000000002,1.9000000000000001)
 (-4.7000000000000002,2.1000000000000001)
 (-4.7000000000000002,2.3000000000000003)
 (-4.7000000000000002,2.5000000000000004)
 (-4.7000000000000002,2.7000000000000002)
 (-4.7000000000000002,2.9000000000000004)
 (-4.7000000000000002,3.1000000000000001)
 (-4.7000000000000002,3.3000000000000003)
 (-4.7000000000000002,3.5000000000000004)
 (-4.7000000000000002,3.7000000000000002)
 (-4.7000000000000002,3.9000000000000004)
 (-4.7000000000000002,4.0999999999999996)
 (-4.7000000000000002,4.2999999999999998)
 (-4.7000000000000002,4.5)
 (-4.7000000000000002,4.7000000000000002)
 (-4.7000000000000002,4.9000000000000004)
 (-4.7000000000000002,5.0999999999999996)
 (-4.5,-5.2999999999999998)
 (-4.5,-5.0999999999999996)
 (-4.5,-4.9000000000000004)
 (-4.5,-4.7000000000000002)
 (-4.5,-4.5)
 (-4.5,-4.2999999999999998)
 (-4.5,-4.0999999999999996)
 (-4.5,-3.9000000000000004)
 (-4.5,-3.7000000000000002)
 (-4.5,-3.5000000000000004)
 (-4.5,-3.3000000000000003)
 (-4.5,-3.1000000000000001)
 (-4.5,-2.9000000000000004)
 (-4.5,-2.7000000000000002)
 (-4.5,-2.5000000000000004)
 (-4.5,-2.3000000000000003)
 (-4.5,-2.1000000000000001)
 (-4.5,-1.9000000000000001)
 (-4.5,-1.7000000000000002)
 (-4.5,-1.5000000000000002)
 (-4.5,-1.3000000000000003)
 (-4.5,-1.1000000000000001)
 (-4.5,-0.90000000000000002)
 (-4.5,-0.70000000000000007)
 (-4.5,-0.5)
 (-4.5,-0.30000000000000004)
 (-4.5,-0.10000000000000001)
 (-4.5,0.10000000000000001)
 (-4.5,0.30000000000000004)
 (-4.5,0.5)
 (-4.5,0.70000000000000007)
 (-4.5,0.90000000000000002)
 (-4.5,1.1000000000000001)
 (-4.5,1.3000000000000003)
 (-4.5,1.5000000000000002)
 (-4.5,1.7000000000000002)
 (-4.5,1.9000000000000001)
 (-4.5,2.1000000000000001)
 (-4.5,2.3000000000000003)
 (-4.5,2.5000000000000004)
 (-4.5,2.7000000000000002)
 (-4.5,2.9000000000000004)
 (-4.5,3.1000000000000001)
 (-4.5,3.3000000000000003)
 (-4.5,3.5000000000000004)
 (-4.5,3.7000000000000002)
 (-4.5,3.9000000000000004)
 (-4.5,4.0999999999999996)
 (-4.5,4.2999999999999998)
 (-4.5,4.5)
 (-4.5,4.7000000000000002)
 (-4.5,4.9000000000000004)
 (-4.5,5.0999999999999996)
 (-4.5,5.2999999999999998)
 (-4.2999999999999998,-5.5)
 (-4.2999999999999998,-5.2999999999999998)
 (-4.2999999999999998,-5.0999999999999996)
 (-4.2999999999999998,-4.9000000000000004)
 (-4.2999999999999998,-4.7000000000000002)
 (-4.2999999999999998,-4.5)
 (-4.2999999999999998,-4.2999999999999998)
 (-4.2999999999999998,-4.0999999999999996)
 (-4.2999999999999998,-3.9000000000000004)
 (-4.2999999999999998,-3.7000000000000002)
 (-4.2999999999999998,-3.5000000000000004)
 (-4.2999999999999998,-3.3000000000000003)
 (-4.2999999999999998,-3.1000000000000001)
 (-4.2999999999999998,-2.9000000000000004)
 (-4.2999999999999998,-2.7000000000000002)
 (-4.2999999999999998,-2.5000000000000004)
 (-4.2999999999999998,-2.3000000000000003)
 (-4.2999999999999998,-2.1000000000000001)
 (-4.2999999999999998,-1.9000000000000001)
 (-4.2999999999999998,-1.7000000000000002)
 (-4.2999999999999998,-1.5000000000000002)
 (-4.2999999999999998,-1.3000000000000003)
 (-4.2999999999999998,-1.1000000000000001)
 (-4.2999999999999998,-0.90000000000000002)
 (-4.2999999999999998,-0.70000000000000007)
 (-4.2999999999999998,-0.5)
 (-4.2999999999999998,-0.30000000000000004)
 (-4.2999999999999998,-0.10000000000000001)
 (-4.2999999999999998,0.10000000000000001)
 (-4.2999999999999998,0.30000000000000004)
 (-4.2999999999999998,0.5)
 (-4.2999999999999998,0.70000000000000007)
 (-4.2999999999999998,0.90000000000000002)
 (-4.2999999999999998,1.1000000000000001)
 (-4.2999999999999998,1.3000000000000003)
 (-4.2999999999999998,1.5000000000000002)
 (-4.2999999999999998,1.7000000000000002)
 (-4.2999999999999998,1.9000000000000001)
 (-4.2999999999999998,2.1000000000000001)
 (-4.2999999999999998,2.3000000000000003)
 (-4.2999999999999998,2.5000000000000004)
 (-4.2999999999999998,2.7000000000000002)
 (-4.2999999999999998,2.9000000000000004)
 (-4.2999999999999998,3.1000000000000001)
 (-4.2999999999999998,3.3000000000000003)
 (-4.2999999999999998,3.5000000000000004)
 (-4.2999999999999998,3.7000000000000002)
 (-4.2999999999999998,3.9000000000000004)
 (-4.2999999999999998,4.0999999999999996)
 (-4.2999999999999998,4.2999999999999998)
 (-4.2999999999999998,4.5)
 (-4.2999999999999998,4.7000000000000002)
 (-4.2999999999999998,4.9000000000000004)
 (-4.2999999999999998,5.0999999999999996)
 (-4.2999999999999998,5.2999999999999998)
 (-4.2999999999999998,5.5)
 (-4.0999999999999996,-5.5)
 (-4.0999999999999996,-5.2999999999999998)
 (-4.0999999999999996,-5.0999999999999996)
 (-4.0999999999999996,-4.9000000000000004)
 (-4.0999999999999996,-4.7000000000000002)
 (-4.0999999999999996,-4.5)
 (-4.0999999999999996,-4.2999999999999998)
 (-4.0999999999999996,-4.0999999999999996)
 (-4.0999999999999996,-3.9000000000000004)
 (-4.0999999999999996,-3.7000000000000002)
 (-4.0999999999999996,-3.5000000000000004)
 (-4.0999999999999996,-3.3000000000000003)
 (-4.0999999999999996,-3.1000000000000001)
 (-4.0999999999999996,-2.9000000000000004)
 (-4.0999999999999996,-2.7000000000000002)
 (-4.0999999999999996,-2.5000000000000004)
 (-4.0999999999999996,-2.3000000000000003)
 (-4.0999999999999996,-2.1000000000000001)
 (-4.0999999999999996,-1.9000000000000001)
 (-4.0999999999999996,-1.7000000000000002)
 (-4.0999999999999996,-1.5000000000000002)
 (-4.0999999999999996,-1.3000000000000003)
 (-4.0999999999999996,-1.1000000000000001)
 (-4.0999999999999996,-0.90000000000000002)
 (-4.0999999999999996,-0.70000000000000007)
 (-4.0999999999999996,-0.5)
 (-4.0999999999999996,-0.30000000000000004)
 (-4.0999999999999996,-0.10000000000000001)
 (-4.0999999999999996,0.10000000000000001)
 (-4.0999999999999996,0.30000000000000004)
 (-4.0999999999999996,0.5)
 (-4.0999999999999996,0.70000000000000007)
 (-4.0999999999999996,0.90000000000000002)
 (-4.0999999999999996,1.1000000000000001)
 (-4.0999999999999996,1.3000000000000003)
 (-4.0999999999999996,1.5000000000000002)
 (-4.0999999999999996,1.7000000000000002)
 (-4.0999999999999996,1.9000000000000001)
 (-4.0999999999999996,2.1000000000000001)
 (-4.0999999999999996,2.3000000000000003)
 (-4.0999999999999996,2.5000000000000004)
 (-4.0999999999999996,2.7000000000000002)
 (-4.0999999999999996,2.9000000000000004)
 (-4.0999999999999996,3.1000000000000001)
 (-4.0999999999999996,3.3000000000000003)
 (-4.0999999999999996,3.5000000000000004)
 (-4.0999999999999996,3.7000000000000002)
 (-4.0999999999999996,3.9000000000000004)
 (-4.0999999999999996,4.0999999999999996)
 (-4.0999999999999996,4.2999999999999998)
 (-4.0999999999999996,4.5)
 (-4.0999999999999996,4.7000000000000002)
 (-4.0999999999999996,4.9000000000000004)
 (-4.0999999999999996,5.0999999999999996)
 (-4.0999999999999996,5.2999999999999998)
 (-4.0999999999999996,5.5)
 (-3.9000000000000004,-5.7000000000000002)
 (-3.9000000000000004,-5.5)
 (-3.9000000000000004,-5.2999999999999998)
 (-3.9000000000000004,-5.0999999999999996)
 (-3.9000000000000004,-4.9000000000000004)
 (-3.9000000000000004,-4.7000000000000002)
 (-3.9000000000000004,-4.5)
 (-3.9000000000000004,-4.2999999999999998)
 (-3.9000000000000004,-4.0999999999999996)
 (-3.9000000000000004,-3.9000000000000004)
 (-3.9000000000000004,-3.7000000000000002)
 (-3.9000000000000004,-3.5000000000000004)
 (-3.9000000000000004,-3.3000000000000003)
 (-3.9000000000000004,-3.1000000000000001)
 (-3.9000000000000004,-2.9000000000000004)
 (-3.9000000000000004,-2.7000000000000002)
 (-3.9000000000000004,-2.5000000000000004)
 (-3.9000000000000004,-2.3000000000000003)
 (-3.9000000000000004,-2.1000000000000001)
 (-3.9000000000000004,-1.9000000000000001)
 (-3.9000000000000004,-1.7000000000000002)
 (-3.9000000000000004,-1.5000000000000002)
 (-3.9000000000000004,-1.3000000000000003)
 (-3.9000000000000004,-1.1000000000000001)
 (-3.9000000000000004,-0.90000000000000002)
 (-3.9000000000000004,-0.70000000000000007)
 (-3.9000000000000004,-0.5)
 (-3.9000000000000004,-0.30000000000000004)
 (-3.9000000000000004,-0.10000000000000001)
 (-3.9000000000000004,0.10000000000000001)
 (-3.9000000000000004,0.30000000000000004)
 (-3.9000000000000004,0.5)
 (-3.9000000000000004,0.70000000000000007)
 (-3.9000000000000004,0.90000000000000002)
 (-3.9000000000000004,1.1000000000000001)
 (-3.9000000000000004,1.3000000000000003)
 (-3.9000000000000004,1.5000000000000002)
 (-3.9000000000000004,1.7000000000000002)
 (-3.9000000000000004,1.9000000000000001)
 (-3.9000000000000004,2.1000000000000001)
 (-3.9000000000000004,2.3000000000000003)
 (-3.9000000000000004,2.5000000000000004)
 (-3.9000000000000004,2.7000000000000002)
 (-3.9000000000000004,2.9000000000000004)
 (-3.9000000000000004,3.1000000000000001)
 (-3.9000000000000004,3.3000000000000003)
 (-3.9000000000000004,3.5000000000000004)
 (-3.9000000000000004,3.7000000000000002)
 (-3.9000000000000004,3.9000000000000004)
 (-3.9000000000000004,4.0999999999999996)
 (-3.9000000000000004,4.2999999999999998)
 (-3.9000000000000004,4.5)
 (-3.9000000000000004,4.7000000000000002)
 (-3.9000000000000004,4.9000000000000004)
 (-3.9000000000000004,5.0999999999999996)
 (-3.9000000000000004,5.2999999999999998)
 (-3.9000000000000004,5.5)
 (-3.9000000000000004,5.7000000000000002)
 (-3.7000000000000002,-5.9000000000000004)
 (-3.7000000000000002,-5.7000000000000002)
 (-3.7000000000000002,-5.5)
 (-3.7000000000000002,-5.2999999999999998)
 (-3.7000000000000002,-5.0999999999999996)
 (-3.7000000000000002,-4.9000000000000004)
 (-3.7000000000000002,-4.7000000000000002)
 (-3.7000000000000002,-4.5)
 (-3.7000000000000002,-4.2999999999999998)
 (-3.7000000000000002,-4.0999999999999996)
 (-3.7000000000000002,-3.9000000000000004)
 (-3.7000000000000002,-3.7000000000000002)
 (-3.7000000000000002,-3.5000000000000004)
 (-3.7000000000000002,-3.3000000000000003)
 (-3.7000000000000002,-3.1000000000000001)
 (-3.7000000000000002,-2.9000000000000004)
 (-3.7000000000000002,-2.7000000000000002)
 (-3.7000000000000002,-2.5000000000000004)
 (-3.7000000000000002,-2.3000000000000003)
 (-3.7000000000000002,-2.1000000000000001)
 (-3.7000000000000002,-1.9000000000000001)
 (-3.7000000000000002,-1.7000000000000002)
 (-3.7000000000000002,-1.5000000000000002)
 (-3.7000000000000002,-1.3000000000000003)
 (-3.7000000000000002,-1.1000000000000001)
 (-3.7000000000000002,-0.90000000000000002)
 (-3.7000000000000002,-0.70000000000000007)
 (-3.7000000000000002,-0.5)
 (-3.7000000000000002,-0.30000000000000004)
 (-3.7000000000000002,-0.10000000000000001)
 (-3.7000000000000002,0.10000000000000001)
 (-3.7000000000000002,0.30000000000000004)
 (-3.7000000000000002,0.5)
 (-3.7000000000000002,0.70000000000000007)
 (-3.7000000000000002,0.90000000000000002)
 (-3.7000000000000002,1.1000000000000001)
 (-3.7000000000000002,1.3000000000000003)
 (-3.7000000000000002,1.5000000000000002)
 (-3.7000000000000002,1.7000000000000002)
 (-3.7000000000000002,1.9000000000000001)
 (-3.7000000000000002,2.1000000000000001)
 (-3.7000000000000002,2.3000000000000003)
 (-3.7000000000000002,2.5000000000000004)
 (-3.7000000000000002,2.7000000000000002)
 (-3.7000000000000002,2.9000000000000004)
 (-3.7000000000000002,3.1000000000000001)
 (-3.7000000000000002,3.3000000000000003)
 (-3.7000000000000002,3.5000000000000004)
 (-3.7000000000000002,3.7000000000000002)
 (-3.7000000000000002,3.9000000000000004)
 (-3.7000000000000002,4.0999999999999996)
 (-3.7000000000000002,4.2999999999999998)
 (-3.7000000000000002,4.5)
 (-3.7000000000000002,4.7000000000000002)
 (-3.7000000000000002,4.9000000000000004)
 (-3.7000000000000002,5.0999999999999996)
 (-3.7000000000000002,5.2999999999999998)
 (-3.7000000000000002,5.5)
 (-3.7000000000000002,5.7000000000000002)
 (-3.7000000000000002,5.9000000000000004)
 (-3.5000000000000004,-5.9000000000000004)
 (-3.5000000000000004,-5.7000000000000002)
 (-3.5000000000000004,-5.5)
 (-3.5000000000000004,-5.2999999999999998)
 (-3.5000000000000004,-5.0999999999999996)
 (-3.5000000000000004,-4.9000000000000004)
 (-3.5000000000000004,-4.7000000000000002)
 (-3.5000000000000004,-4.5)
 (-3.5000000000000004,-4.2999999999999998)
 (-3.5000000000000004,-4.0999999999999996)
 (-3.5000000000000004,-3.9000000000000004)
 (-3.5000000000000004,-3.7000000000000002)
 (-3.5000000000000004,-3.5000000000000004)
 (-3.5000000000000004,-3.3000000000000003)
 (-3.5000000000000004,-3.1000000000000001)
 (-3.5000000000000004,-2.9000000000000004)
 (-3.5000000000000004,-2.7000000000000002)
 (-3.5000000000000004,-2.5000000000000004)
 (-3.5000000000000004,-2.3000000000000003)
 (-3.5000000000000004,-2.1000000000000001)
 (-3.5000000000000004,-1.9000000000000001)
 (-3.5000000000000004,-1.7000000000000002)
 (-3.5000000000000004,-1.5000000000000002)
 (-3.5000000000000004,-1.3000000000000003)
 (-3.5000000000000004,-1.1000000000000001)
 (-3.5000000000000004,-0.90000000000000002)
 (-3.5000000000000004,-0.70000000000000007)
 (-3.5000000000000004,-0.5)
 (-3.5000000000000004,-0.30000000000000004)
 (-3.5000000000000004,-0.10000000000000001)
 (-3.5000000000000004,0.10000000000000001)
 (-3.5000000000000004,0.30000000000000004)
 (-3.5000000000000004,0.5)
 (-3.5000000000000004,0.70000000000000007)
 (-3.5000000000000004,0.90000000000000002)
 (-3.5000000000000004,1.1000000000000001)
 (-3.5000000000000004,1.3000000000000003)
 (-3.5000000000000004,1.5000000000000002)
 (-3.5000000000000004,1.7000000000000002)
 (-3.5000000000000004,1.9000000000000001)
 (-3.5000000000000004,2.1000000000000001)
 (-3.5000000000000004,2.3000000000000003)
 (-3.5000000000000004,2.5000000000000004)
 (-3.5000000000000004,2.7000000000000002)
 (-3.5000000000000004,2.9000000000000004)
 (-3.5000000000000004,3.1000000000000001)
 (-3.5000000000000004,3.3000000000000003)
 (-3.5000000000000004,3.5000000000000004)
 (-3.5000000000000004,3.7000000000000002)
 (-3.5000000000000004,3.9000000000000004)
 (-3.5000000000000004,4.0999999999999996)
 (-3.5000000000000004,4.2999999999999998)
 (-3.5000000000000004,4.5)
 (-3.5000000000000004,4.7000000000000002)
 (-3.5000000000000004,4.9000000000000004)
 (-3.5000000000000004,5.0999999999999996)
 (-3.5000000000000004,5.2999999999999998)
 (-3.5000000000000004,5.5)
 (-3.5000000000000004,5.7000000000000002)
 (-3.5000000000000004,5.9000000000000004)
 (-3.3000000000000003,-6.0999999999999996)
 (-3.3000000000000003,-5.9000000000000004)
 (-3.3000000000000003,-5.7000000000000002)
 (-3.3000000000000003,-5.5)
 (-3.3000000000000003,-5.2999999999999998)
 (-3.3000000000000003,-5.0999999999999996)
 (-3.3000000000000003,-4.9000000000000004)
 (-3.3000000000000003,-4.7000000000000002)
 (-3.3000000000000003,-4.5)
 (-3.3000000000000003,-4.2999999999999998)
 (-3.3000000000000003,-4.0999999999999996)
 (-3.3000000000000003,-3.9000000000000004)
 (-3.3000000000000003,-3.7000000000000002)
 (-3.3000000000000003,-3.5000000000000004)
 (-3.3000000000000003,-3.3000000000000003)
 (-3.3000000000000003,-3.1000000000000001)
 (-3.3000000000000003,-2.9000000000000004)
 (-3.3000000000000003,-2.7000000000000002)
 (-3.3000000000000003,-2.5000000000000004)
 (-3.3000000000000003,-2.3000000000000003)
 (-3.3000000000000003,-2.1000000000000001)
 (-3.3000000000000003,-1.9000000000000001)
 (-3.3000000000000003,-1.7000000000000002)
 (-3.3000000000000003,-1.5000000000000002)
 (-3.3000000000000003,-1.3000000000000003)
 (-3.3000000000000003,-1.1000000000000001)
 (-3.3000000000000003,-0.90000000000000002)
 (-3.3000000000000003,-0.70000000000000007)
 (-3.3000000000000003,-0.5)
 (-3.3000000000000003,-0.30000000000000004)
 (-3.3000000000000003,-0.10000000000000001)
 (-3.3000000000000003,0.10000000000000001)
 (-3.3000000000000003,0.30000000000000004)
 (-3.3000000000000003,0.5)
 (-3.3000000000000003,0.70000000000000007)
 (-3.3000000000000003,0.90000000000000002)
 (-3.3000000000000003,1.1000000000000001)
 (-3.3000000000000003,1.3000000000000003)
 (-3.3000000000000003,1.5000000000000002)
 (-3.3000000000000003,1.7000000000000002)
 (-3.3000000000000003,1.9000000000000001)
 (-3.3000000000000003,2.1000000000000001)
 (-3.3000000000000003,2.3000000000000003)
 (-3.3000000000000003,2.5000000000000004)
 (-3.3000000000000003,2.7000000000000002)
 (-3.3000000000000003,2.9000000000000004)
 (-3.3000000000000003,3.1000000000000001)
 (-3.3000000000000003,3.3000000000000003)
 (-3.3000000000000003,3.5000000000000004)
 (-3.3000000000000003,3.7000000000000002)
 (-3.3000000000000003,3.9000000000000004)
 (-3.3000000000000003,4.0999999999999996)
 (-3.3000000000000003,4.2999999999999998)
 (-3.3000000000000003,4.5)
 (-3.3000000000000003,4.7000000000000002)
 (-3.3000000000000003,4.9000000000000004)
 (-3.3000000000000003,5.0999999999999996)
 (-3.3000000000000003,5.2999999999999998)
 (-3.3000000000000003,5.5)
 (-3.3000000000000003,5.7000000000000002)
 (-3.3000000000000003,5.9000000000000004)
 (-3.3000000000000003,6.0999999999999996)
 (-3.1000000000000001,-6.0999999999999996)
 (-3.1000000000000001,-5.9000000000000004)
 (-3.1000000000000001,-5.7000000000000002)
 (-3.1000000000000001,-5.5)
 (-3.1000000000000001,-5.2999999999999998)
 (-3.1000000000000001,-5.0999999999999996)
 (-3.1000000000000001,-4.9000000000000004)
 (-3.1000000000000001,-4.7000000000000002)
 (-3.1000000000000001,-4.5)
 (-3.1000000000000001,-4.2999999999999998)
 (-3.1000000000000001,-4.0999999999999996)
 (-3.1000000000000001,-3.9000000000000004)
 (-3.1000000000000001,-3.7000000000000002)
 (-3.1000000000000001,-3.5000000000000004)
 (-3.1000000000000001,-3.3000000000000003)
 (-3.1000000000000001,-3.1000000000000001)
 (-3.1000000000000001,-2.9000000000000004)
 (-3.1000000000000001,-2.7000000000000002)
 (-3.1000000000000001,-2.5000000000000004)
 (-3.1000000000000001,-2.3000000000000003)
 (-3.1000000000000001,-2.1000000000000001)
 (-3.1000000000000001,-1.9000000000000001)
 (-3.1000000000000001,-1.7000000000000002)
 (-3.1000000000000001,-1.5000000000000002)
 (-3.1000000000000001,-1.3000000000000003)
 (-3.1000000000000001,-1.1000000000000001)
 (-3.1000000000000001,-0.90000000000000002)
 (-3.1000000000000001,-0.70000000000000007)
 (-3.1000000000000001,-0.5)
 (-3.1000000000000001,-0.30000000000000004)
 (-3.1000000000000001,-0.10000000000000001)
 (-3.1000000000000001,0.10000000000000001)
 (-3.1000000000000001,0.30000000000000004)
 (-3.1000000000000001,0.5)
 (-3.1000000000000001,0.70000000000000007)
 (-3.1000000000000001,0.90000000000000002)
 (-3.1000000000000001,1.1000000000000001)
 (-3.1000000000000001,1.3000000000000003)
 (-3.1000000000000001,1.5000000000000002)
 (-3.1000000000000001,1.7000000000000002)
 (-3.1000000000000001,1.9000000000000001)
 (-3.1000000000000001,2.1000000000000001)
 (-3.1000000000000001,2.3000000000000003)
 (-3.1000000000000001,2.5000000000000004)
 (-3.1000000000000001,2.7000000000000002)
 (-3.1000000000000001,2.9000000000000004)
 (-3.1000000000000001,3.1000000000000001)
 (-3.1000000000000001,3.3000000000000003)
 (-3.1000000000000001,3.5000000000000004)
 (-3.1000000000000001,3.7000000000000002)
 (-3.1000000000000001,3.9000000000000004)
 (-3.1000000000000001,4.0999999999999996)
 (-3.1000000000000001,4.2999999999999998)
 (-3.1000000000000001,4.5)
 (-3.1000000000000001,4.7000000000000002)
 (-3.1000000000000001,4.9000000000000004)
 (-3.1000000000000001,5.0999999999999996)
 (-3.1000000000000001,5.2999999999999998)
 (-3.1000000000000001,5.5)
 (-3.1000000000000001,5.7000000000000002)
 (-3.1000000000000001,5.9000000000000004)
 (-3.1000000000000001,6.0999999999999996)
 (-2.9000000000000004,-6.2999999999999998)
 (-2.9000000000000004,-6.0999999999999996)
 (-2.9000000000000004,-5.9000000000000004)
 (-2.9000000000000004,-5.7000000000000002)
 (-2.9000000000000004,-5.5)
 (-2.9000000000000004,-5.2999999999999998)
 (-2.9000000000000004,-5.0999999999999996)
 (-2.9000000000000004,-4.9000000000000004)
 (-2.9000000000000004,-4.7000000000000002)
 (-2.9000000000000004,-4.5)
 (-2.9000000000000004,-4.2999999999999998)
 (-2.9000000000000004,-4.0999999999999996)
 (-2.9000000000000004,-3.9000000000000004)
 (-2.9000000000000004,-3.7000000000000002)
 (-2.9000000000000004,-3.5000000000000004)
 (-2.9000000000000004,-3.3000000000000003)
 (-2.9000000000000004,-3.1000000000000001)
 (-2.9000000000000004,-2.9000000000000004)
 (-2.9000000000000004,-2.7000000000000002)
 (-2.9000000000000004,-2.5000000000000004)
 (-2.9000000000000004,-2.3000000000000003)
 (-2.9000000000000004,-2.1000000000000001)
 (-2.9000000000000004,-1.9000000000000001)
 (-2.9000000000000004,-1.7000000000000002)
 (-2.9000000000000004,-1.5000000000000002)
 (-2.9000000000000004,-1.3000000000000003)
 (-2.9000000000000004,-1.1000000000000001)
 (-2.9000000000000004,-0.90000000000000002)
 (-2.9000000000000004,-0.70000000000000007)
 (-2.9000000000000004,-0.5)
 (-2.9000000000000004,-0.30000000000000004)
 (-2.9000000000000004,-0.10000000000000001)
 (-2.9000000000000004,0.10000000000000001)
 (-2.9000000000000004,0.30000000000000004)
 (-2.9000000000000004,0.5)
 (-2.9000000000000004,0.70000000000000007)
 (-2.9000000000000004,0.90000000000000002)
 (-2.9000000000000004,1.1000000000000001)
 (-2.9000000000000004,1.3000000000000003)
 (-2.9000000000000004,1.5000000000000002)
 (-2.9000000000000004,1.7000000000000002)
 (-2.9000000000000004,1.9000000000000001)
 (-2.9000000000000004,2.1000000000000001)
 (-2.9000000000000004,2.3000000000000003)
 (-2.9000000000000004,2.5000000000000004)
 (-2.9000000000000004,2.7000000000000002)
 (-2.9000000000000004,2.9000000000000004)
 (-2.9000000000000004,3.1000000000000001)
 (-2.9000000000000004,3.3000000000000003)
 (-2.9000000000000004,3.5000000000000004)
 (-2.9000000000000004,3.7000000000000002)
 (-2.9000000000000004,3.9000000000000004)
 (-2.9000000000000004,4.0999999999999996)
 (-2.9000000000000004,4.2999999999999998)
 (-2.9000000000000004,4.5)
 (-2.9000000000000004,4.7000000000000002)
 (-2.9000000000000004,4.9000000000000004)
 (-2.9000000000000004,5.0999999999999996)
 (-2.9000000000000004,5.2999999999999998)
 (-2.9000000000000004,5.5)
 (-2.9000000000000004,5.7000000000000002)
 (-2.9000000000000004,5.9000000000000004)
 (-2.9000000000000004,6.0999999999999996)
 (-2.9000000000000004,6.2999999999999998)
 (-2.7000000000000002,-6.2999999999999998)
 (-2.7000000000000002,-6.0999999999999996)
 (-2.7000000000000002,-5.9000000000000004)
 (-2.7000000000000002,-5.7000000000000002)
 (-2.7000000000000002,-5.5)
 (-2.7000000000000002,-5.2999999999999998)
 (-2.7000000000000002,-5.0999999999999996)
 (-2.7000000000000002,-4.9000000000000004)
 (-2.7000000000000002,-4.7000000000000002)
 (-2.7000000000000002,-4.5)
 (-2.7000000000000002,-4.2999999999999998)
 (-2.7000000000000002,-4.0999999999999996)
 (-2.7000000000000002,-3.9000000000000004)
 (-2.7000000000000002,-3.7000000000000002)
 (-2.7000000000000002,-3.5000000000000004)
 (-2.7000000000000002,-3.3000000000000003)
 (-2.7000000000000002,-3.1000000000000001)
 (-2.7000000000000002,-2.9000000000000004)
 (-2.7000000000000002,-2.7000000000000002)
 (-2.7000000000000002,-2.5000000000000004)
 (-2.7000000000000002,-2.3000000000000003)
 (-2.7000000000000002,-2.1000000000000001)
 (-2.7000000000000002,-1.9000000000000001)
 (-2.7000000000000002,-1.7000000000000002)
 (-2.7000000000000002,-1.5000000000000002)
 (-2.7000000000000002,-1.3000000000000003)
 (-2.7000000000000002,-1.1000000000000001)
 (-2.7000000000000002,-0.90000000000000002)
 (-2.7000000000000002,-0.70000000000000007)
 (-2.7000000000000002,-0.5)
 (-2.7000000000000002,-0.30000000000000004)
 (-2.7000000000000002,-0.10000000000000001)
 (-2.7000000000000002,0.10000000000000001)
 (-2.7000000000000002,0.30000000000000004)
 (-2.7000000000000002,0.5)
 (-2.7000000000000002,0.70000000000000007)
 (-2.7000000000000002,0.90000000000000002)
 (-2.7000000000000002,1.1000000000000001)
 (-2.7000000000000002,1.3000000000000003)
 (-2.7000000000000002,1.5000000000000002)
 (-2.7000000000000002,1.7000000000000002)
 (-2.7000000000000002,1.9000000000000001)
 (-2.7000000000000002,2.1000000000000001)
 (-2.7000000000000002,2.3000000000000003)
 (-2.7000000000000002,2.5000000000000004)
 (-2.7000000000000002,2.7000000000000002)
 (-2.7000000000000002,2.9000000000000004)
 (-2.7000000000000002,3.1000000000000001)
 (-2.7000000000000002,3.3000000000000003)
 (-2.7000000000000002,3.5000000000000004)
 (-2.7000000000000002,3.7000000000000002)
 (-2.7000000000000002,3.9000000000000004)
 (-2.7000000000000002,4.0999999999999996)
 (-2.7000000000000002,4.2999999999999998)
 (-2.7000000000000002,4.5)
 (-2.7000000000000002,4.7000000000000002)
 (-2.7000000000000002,4.9000000000000004)
 (-2.7000000000000002,5.0999999999999996)
 (-2.7000000000000002,5.2999999999999998)
 (-2.7000000000000002,5.5)
 (-2.7000000000000002,5.7000000000000002)
 (-2.7000000000000002,5.9000000000000004)
 (-2.7000000000000002,6.0999999999999996)
 (-2.7000000000000002,6.2999999999999998)
 (-2.5000000000000004,-6.5)
 (-2.5000000000000004,-6.2999999999999998)
 (-2.5000000000000004,-6.0999999999999996)
 (-2.5000000000000004,-5.9000000000000004)
 (-2.5000000000000004,-5.7000000000000002)
 (-2.5000000000000004,-5.5)
 (-2.5000000000000004,-5.2999999999999998)
 (-2.5000000000000004,-5.0999999999999996)
 (-2.5000000000000004,-4.9000000000000004)
 (-2.5000000000000004,-4.7000000000000002)
 (-2.5000000000000004,-4.5)
 (-2.5000000000000004,-4.2999999999999998)
 (-2.5000000000000004,-4.0999999999999996)
 (-2.5000000000000004,-3.9000000000000004)
 (-2.5000000000000004,-3.7000000000000002)
 (-2.5000000000000004,-3.5000000000000004)
 (-2.5000000000000004,-3.3000000000000003)
 (-2.5000000000000004,-3.1000000000000001)
 (-2.5000000000000004,-2.9000000000000004)
 (-2.5000000000000004,-2.7000000000000002)
 (-2.5000000000000004,-2.5000000000000004)
 (-2.5000000000000004,-2.3000000000000003)
 (-2.5000000000000004,-2.1000000000000001)
 (-2.5000000000000004,-1.9000000000000001)
 (-2.5000000000000004,-1.7000000000000002)
 (-2.5000000000000004,-1.5000000000000002)
 (-2.5000000000000004,-1.3000000000000003)
 (-2.5000000000000004,-1.1000000000000001)
 (-2.5000000000000004,-0.90000000000000002)
 (-2.5000000000000004,-0.70000000000000007)
 (-2.5000000000000004,-0.5)
 (-2.5000000000000004,-0.30000000000000004)
 (-2.5000000000000004,-0.10000000000000001)
 (-2.5000000000000004,0.10000000000000001)
 (-2.5000000000000004,0.30000000000000004)
 (-2.5000000000000004,0.5)
 (-2.5000000000000004,0.70000000000000007)
 (-2.5000000000000004,0.90000000000000002)
 (-2.5000000000000004,1.1000000000000001)
 (-2.5000000000000004,1.3000000000000003)
 (-2.5000000000000004,1.5000000000000002)
 (-2.5000000000000004,1.7000000000000002)
 (-2.5000000000000004,1.9000000000000001)
 (-2.5000000000000004,2.1000000000000001)
 (-2.5000000000000004,2.3000000000000003)
 (-2.5000000000000004,2.5000000000000004)
 (-2.5000000000000004,2.7000000000000002)
 (-2.5000000000000004,2.9000000000000004)
 (-2.5000000000000004,3.1000000000000001)
 (-2.5000000000000004,3.3000000000000003)
 (-2.5000000000000004,3.5000000000000004)
 (-2.5000000000000004,3.7000000000000002)
 (-2.5000000000000004,3.9000000000000004)
 (-2.5000000000000004,4.0999999999999996)
 (-2.5000000000000004,4.2999999999999998)
 (-2.5000000000000004,4.5)
 (-2.5000000000000004,4.7000000000000002)
 (-2.5000000000000004,4.9000000000000004)
 (-2.5000000000000004,5.0999999999999996)
 (-2.5000000000000004,5.2999999999999998)
 (-2.5000000000000004,5.5)
 (-2.5000000000000004,5.7000000000000002)
 (-2.5000000000000004,5.9000000000000004)
 (-2.5000000000000004,6.0999999999999996)
 (-2.5000000000000004,6.2999999999999998)
 (-2.5000000000000004,6.5)
 (-2.3000000000000003,-6.5)
 (-2.3000000000000003,-6.2999999999999998)
 (-2.3000000000000003,-6.0999999999999996)
 (-2.3000000000000003,-5.9000000000000004)
 (-2.3000000000000003,-5.7000000000000002)
 (-2.3000000000000003,-5.5)
 (-2.3000000000000003,-5.2999999999999998)
 (-2.3000000000000003,-5.0999999999999996)
 (-2.3000000000000003,-4.9000000000000004)
 (-2.3000000000000003,-4.7000000000000002)
 (-2.3000000000000003,-4.5)
 (-2.3000000000000003,-4.2999999999999998)
 (-2.3000000000000003,-4.0999999999999996)
 (-2.3000000000000003,-3.9000000000000004)
 (-2.3000000000000003,-3.7000000000000002)
 (-2.3000000000000003,-3.5000000000000004)
 (-2.3000000000000003,-3.3000000000000003)
 (-2.3000000000000003,-3.1000000000000001)
 (-2.3000000000000003,-2.9000000000000004)
 (-2.3000000000000003,-2.7000000000000002)
 (-2.3000000000000003,-2.5000000000000004)
 (-2.3000000000000003,-2.3000000000000003)
 (-2.3000000000000003,-2.1000000000000001)
 (-2.3000000000000003,-1.9000000000000001)
 (-2.3000000000000003,-1.7000000000000002)
 (-2.3000000000000003,-1.5000000000000002)
 (-2.3000000000000003,-1.3000000000000003)
 (-2.3000000000000003,-1.1000000000000001)
 (-2.3000000000000003,-0.90000000000000002)
 (-2.3000000000000003,-0.70000000000000007)
 (-2.3000000000000003,-0.5)
 (-2.3000000000000003,-0.30000000000000004)
 (-2.3000000000000003,-0.10000000000000001)
 (-2.3000000000000003,0.10000000000000001)
 (-2.3000000000000003,0.30000000000000004)
 (-2.3000000000000003,0.5)
 (-2.3000000000000003,0.70000000000000007)
 (-2.3000000000000003,0.90000000000000002)
 (-2.3000000000000003,1.1000000000000001)
 (-2.3000000000000003,1.3000000000000003)
 (-2.3000000000000003,1.5000000000000002)
 (-2.3000000000000003,1.7000000000000002)
 (-2.3000000000000003,1.9000000000000001)
 (-2.3000000000000003,2.1000000000000001)
 (-2.3000000000000003,2.3000000000000003)
 (-2.3000000000000003,2.5000000000000004)
 (-2.3000000000000003,2.7000000000000002)
 (-2.3000000000000003,2.9000000000000004)
 (-2.3000000000000003,3.1000000000000001)
 (-2.3000000000000003,3.3000000000000003)
 (-2.3000000000000003,3.5000000000000004)
 (-2.3000000000000003,3.7000000000000002)
 (-2.3000000000000003,3.9000000000000004)
 (-2.3000000000000003,4.0999999999999996)
 (-2.3000000000000003,4.2999999999999998)
 (-2.3000000000000003,4.5)
 (-2.3000000000000003,4.7000000000000002)
 (-2.3000000000000003,4.9000000000000004)
 (-2.3000000000000003,5.0999999999999996)
 (-2.3000000000000003,5.2999999999999998)
 (-2.3000000000000003,5.5)
 (-2.3000000000000003,5.7000000000000002)
 (-2.3000000000000003,5.9000000000000004)
 (-2.3000000000000003,6.0999999999999996)
 (-2.3000000000000003,6.2999999999999998)
 (-2.3000000000000003,6.5)
 (-2.1000000000000001,-6.5)
 (-2.1000000000000001,-6.2999999999999998)
 (-2.1000000000000001,-6.0999999999999996)
 (-2.1000000000000001,-5.9000000000000004)
 (-2.1000000000000001,-5.7000000000000002)
 (-2.1000000000000001,-5.5)
 (-2.1000000000000001,-5.2999999999999998)
 (-2.1000000000000001,-5.0999999999999996)
 (-2.1000000000000001,-4.9000000000000004)
 (-2.1000000000000001,-4.7000000000000002)
 (-2.1000000000000001,-4.5)
 (-2.1000000000000001,-4.2999999999999998)
 (-2.1000000000000001,-4.0999999999999996)
 (-2.1000000000000001,-3.9000000000000004)
 (-2.1000000000000001,-3.7000000000000002)
 (-2.1000000000000001,-3.5000000000000004)
 (-2.1000000000000001,-3.3000000000000003)
 (-2.1000000000000001,-3.1000000000000001)
 (-2.1000000000000001,-2.9000000000000004)
 (-2.1000000000000001,-2.7000000000000002)
 (-2.1000000000000001,-2.5000000000000004)
 (-2.1000000000000001,-2.3000000000000003)
 (-2.1000000000000001,-2.1000000000000001)
 (-2.1000000000000001,-1.9000000000000001)
 (-2.1000000000000001,-1.7000000000000002)
 (-2.1000000000000001,-1.5000000000000002)
 (-2.1000000000000001,-1.3000000000000003)
 (-2.1000000000000001,-1.1000000000000001)
 (-2.1000000000000001,-0.90000000000000002)
 (-2.1000000000000001,-0.70000000000000007)
 (-2.1000000000000001,-0.5)
 (-2.1000000000000001,-0.30000000000000004)
 (-2.1000000000000001,-0.10000000000000001)
 (-2.1000000000000001,0.10000000000000001)
 (-2.1000000000000001,0.30000000000000004)
 (-2.1000000000000001,0.5)
 (-2.1000000000000001,0.70000000000000007)
 (-2.1000000000000001,0.90000000000000002)
 (-2.1000000000000001,1.1000000000000001)
 (-2.1000000000000001,1.3000000000000003)
 (-2.1000000000000001,1.5000000000000002)
 (-2.1000000000000001,1.7000000000000002)
 (-2.1000000000000001,1.9000000000000001)
 (-2.1000000000000001,2.1000000000000001)
 (-2.1000000000000001,2.3000000000000003)
 (-2.1000000000000001,2.5000000000000004)
 (-2.1000000000000001,2.7000000000000002)
 (-2.1000000000000001,2.9000000000000004)
 (-2.1000000000000001,3.1000000000000001)
 (-2.1000000000000001,3.3000000000000003)
 (-2.1000000000000001,3.5000000000000004)
 (-2.1000000000000001,3.7000000000000002)
 (-2.1000000000000001,3.9000000000000004)
 (-2.1000000000000001,4.0999999999999996)
 (-2.1000000000000001,4.2999999999999998)
 (-2.1000000000000001,4.5)
 (-2.1000000000000001,4.7000000000000002)
 (-2.1000000000000001,4.9000000000000004)
 (-2.1000000000000001,5.0999999999999996)
 (-2.1000000000000001,5.2999999999999998)
 (-2.1000000000000001,5.5)
 (-2.1000000000000001,5.7000000000000002)
 (-2.1000000000000001,5.9000000000000004)
 (-2.1000000000000001,6.0999999999999996)
 (-2.1000000000000001,6.2999999999999998)
 (-2.1000000000000001,6.5)
 (-1.9000000000000001,-6.7000000000000002)
 (-1.9000000000000001,-6.5)
 (-1.9000000000000001,-6.2999999999999998)
 (-1.9000000000000001,-6.0999999999999996)
 (-1.9000000000000001,-5.9000000000000004)
 (-1.9000000000000001,-5.7000000000000002)
 (-1.9000000000000001,-5.5)
 (-1.9000000000000001,-5.2999999999999998)
 (-1.9000000000000001,-5.0999999999999996)
 (-1.9000000000000001,-4.9000000000000004)
 (-1.9000000000000001,-4.7000000000000002)
 (-1.9000000000000001,-4.5)
 (-1.9000000000000001,-4.2999999999999998)
 (-1.9000000000000001,-4.0999999999999996)
 (-1.9000000000000001,-3.9000000000000004)
 (-1.9000000000000001,-3.7000000000000002)
 (-1.9000000000000001,-3.5000000000000004)
 (-1.9000000000000001,-3.3000000000000003)
 (-1.9000000000000001,-3.1000000000000001)
 (-1.9000000000000001,-2.9000000000000004)
 (-1.9000000000000001,-2.7000000000000002)
 (-1.9000000000000001,-2.5000000000000004)
 (-1.9000000000000001,-2.3000000000000003)
 (-1.9000000000000001,-2.1000000000000001)
 (-1.9000000000000001,-1.9000000000000001)
 (-1.9000000000000001,-1.7000000000000002)
 (-1.9000000000000001,-1.5000000000000002)
 (-1.9000000000000001,-1.3000000000000003)
 (-1.9000000000000001,-1.1000000000000001)
 (-1.9000000000000001,-0.90000000000000002)
 (-1.9000000000000001,-0.70000000000000007)
 (-1.9000000000000001,-0.5)
 (-1.9000000000000001,-0.30000000000000004)
 (-1.9000000000000001,-0.10000000000000001)
 (-1.9000000000000001,0.10000000000000001)
 (-1.9000000000000001,0.30000000000000004)
 (-1.9000000000000001,0.5)
 (-1.9000000000000001,0.70000000000000007)
 (-1.9000000000000001,0.90000000000000002)
 (-1.9000000000000001,1.1000000000000001)
 (-1.9000000000000001,1.3000000000000003)
 (-1.9000000000000001,1.5000000000000002)
 (-1.9000000000000001,1.7000000000000002)
 (-1.9000000000000001,1.9000000000000001)
 (-1.9000000000000001,2.1000000000000001)
 (-1.9000000000000001,2.3000000000000003)
 (-1.9000000000000001,2.5000000000000004)
 (-1.9000000000000001,2.7000000000000002)
 (-1.9000000000000001,2.9000000000000004)
 (-1.9000000000000001,3.1000000000000001)
 (-1.9000000000000001,3.3000000000000003)
 (-1.9000000000000001,3.5000000000000004)
 (-1.9000000000000001,3.7000000000000002)
 (-1.9000000000000001,3.9000000000000004)
 (-1.9000000000000001,4.0999999999999996)
 (-1.9000000000000001,4.2999999999999998)
 (-1.9000000000000001,4.5)
 (-1.9000000000000001,4.7000000000000002)
 (-1.9000000000000001,4.9000000000000004)
 (-1.9000000000000001,5.0999999999999996)
 (-1.9000000000000001,5.2999999999999998)
 (-1.9000000000000001,5.5)
 (-1.9000000000000001,5.7000000000000002)
 (-1.9000000000000001,5.9000000000000004)
 (-1.9000000000000001,6.0999999999999996)
 (-1.9000000000000001,6.2999999999999998)
 (-1.9000000000000001,6.5)
 (-1.9000000000000001,6.7000000000000002)
 (-1.7000000000000002,-6.7000000000000002)
 (-1.7000000000000002,-6.5)
 (-1.7000000000000002,-6.2999999999999998)
 (-1.7000000000000002,-6.0999999999999996)
 (-1.7000000000000002,-5.9000000000000004)
 (-1.7000000000000002,-5.7000000000000002)
 (-1.7000000000000002,-5.5)
 (-1.7000000000000002,-5.2999999999999998)
 (-1.7000000000000002,-5.0999999999999996)
 (-1.7000000000000002,-4.9000000000000004)
 (-1.7000000000000002,-4.7000000000000002)
 (-1.7000000000000002,-4.5)
 (-1.7000000000000002,-4.2999999999999998)
 (-1.7000000000000002,-4.0999999999999996)
 (-1.7000000000000002,-3.9000000000000004)
 (-1.7000000000000002,-3.7000000000000002)
 (-1.7000000000000002,-3.5000000000000004)
 (-1.7000000000000002,-3.3000000000000003)
 (-1.7000000000000002,-3.1000000000000001)
 (-1.7000000000000002,-2.9000000000000004)
 (-1.7000000000000002,-2.7000000000000002)
 (-1.7000000000000002,-2.5000000000000004)
 (-1.7000000000000002,-2.3000000000000003)
 (-1.7000000000000002,-2.1000000000000001)
 (-1.7000000000000002,-1.9000000000000001)
 (-1.7000000000000002,-1.7000000000000002)
 (-1.7000000000000002,-1.5000000000000002)
 (-1.7000000000000002,-1.3000000000000003)
 (-1.7000000000000002,-1.1000000000000001)
 (-1.7000000000000002,-0.90000000000000002)
 (-1.7000000000000002,-0.70000000000000007)
 (-1.7000000000000002,-0.5)
 (-1.7000000000000002,-0.30000000000000004)
 (-1.7000000000000002,-0.10000000000000001)
 (-1.7000000000000002,0.10000000000000001)
 (-1.7000000000000002,0.30000000000000004)
 (-1.7000000000000002,0.5)
 (-1.7000000000000002,0.70000000000000007)
 (-1.7000000000000002,0.90000000000000002)
 (-1.7000000000000002,1.1000000000000001)
 (-1.7000000000000002,1.3000000000000003)
 (-1.7000000000000002,1.5000000000000002)
 (-1.7000000000000002,1.7000000000000002)
 (-1.7000000000000002,1.9000000000000001)
 (-1.7000000000000002,2.1000000000000001)
 (-1.7000000000000002,2.3000000000000003)
 (-1.7000000000000002,2.5000000000000004)
 (-1.7000000000000002,2.7000000000000002)
 (-1.7000000000000002,2.9000000000000004)
 (-1.7000000000000002,3.1000000000000001)
 (-1.7000000000000002,3.3000000000000003)
 (-1.7000000000000002,3.5000000000000004)
 (-1.7000000000000002,3.7000000000000002)
 (-1.7000000000000002,3.9000000000000004)
 (-1.7000000000000002,4.0999999999999996)
 (-1.7000000000000002,4.2999999999999998)
 (-1.7000000000000002,4.5)
 (-1.7000000000000002,4.7000000000000002)
 (-1.7000000000000002,4.9000000000000004)
 (-1.7000000000000002,5.0999999999999996)
 (-1.7000000000000002,5.2999999999999998)
 (-1.7000000000000002,5.5)
 (-1.7000000000000002,5.7000000000000002)
 (-1.7000000000000002,5.9000000000000004)
 (-1.7000000000000002,6.0999999999999996)
 (-1.7000000000000002,6.2999999999999998)
 (-1.7000000000000002,6.5)
 (-1.7000000000000002,6.7000000000000002)
 (-1.5000000000000002,-6.7000000000000002)
 (-1.5000000000000002,-6.5)
 (-1.5000000000000002,-6.2999999999999998)
 (-1.5000000000000002,-6.0999999999999996)
 (-1.5000000000000002,-5.9000000000000004)
 (-1.5000000000000002,-5.7000000000000002)
 (-1.5000000000000002,-5.5)
 (-1.5000000000000002,-5.2999999999999998)
 (-1.5000000000000002,-5.0999999999999996)
 (-1.5000000000000002,-4.9000000000000004)
 (-1.5000000000000002,-4.7000000000000002)
 (-1.5000000000000002,-4.5)
 (-1.5000000000000002,-4.2999999999999998)
 (-1.5000000000000002,-4.0999999999999996)
 (-1.5000000000000002,-3.9000000000000004)
 (-1.5000000000000002,-3.7000000000000002)
 (-1.5000000000000002,-3.5000000000000004)
 (-1.5000000000000002,-3.3000000000000003)
 (-1.5000000000000002,-3.1000000000000001)
 (-1.5000000000000002,-2.9000000000000004)
 (-1.5000000000000002,-2.7000000000000002)
 (-1.5000000000000002,-2.5000000000000004)
 (-1.5000000000000002,-2.3000000000000003)
 (-1.5000000000000002,-2.1000000000000001)
 (-1.5000000000000002,-1.9000000000000001)
 (-1.5000000000000002,-1.7000000000000002)
 (-1.5000000000000002,-1.5000000000000002)
 (-1.5000000000000002,-1.3000000000000003)
 (-1.5000000000000002,-1.1000000000000001)
 (-1.5000000000000002,-0.90000000000000002)
 (-1.5000000000000002,-0.70000000000000007)
 (-1.5000000000000002,-0.5)
 (-1.5000000000000002,-0.30000000000000004)
 (-1.5000000000000002,-0.10000000000000001)
 (-1.5000000000000002,0.10000000000000001)
 (-1.5000000000000002,0.30000000000000004)
 (-1.5000000000000002,0.5)
 (-1.5000000000000002,0.70000000000000007)
 (-1.5000000000000002,0.90000000000000002)
 (-1.5000000000000002,1.1000000000000001)
 (-1.5000000000000002,1.3000000000000003)
 (-1.5000000000000002,1.5000000000000002)
 (-1.5000000000000002,1.7000000000000002)
 (-1.5000000000000002,1.9000000000000001)
 (-1.5000000000000002,2.1000000000000001)
 (-1.5000000000000002,2.3000000000000003)
 (-1.5000000000000002,2.5000000000000004)
 (-1.5000000000000002,2.7000000000000002)
 (-1.5000000000000002,2.9000000000000004)
 (-1.5000000000000002,3.1000000000000001)
 (-1.5000000000000002,3.3000000000000003)
 (-1.5000000000000002,3.5000000000000004)
 (-1.5000000000000002,3.7000000000000002)
 (-1.5000000000000002,3.9000000000000004)
 (-1.5000000000000002,4.0999999999999996)
 (-1.5000000000000002,4.2999999999999998)
 (-1.5000000000000002,4.5)
 (-1.5000000000000002,4.7000000000000002)
 (-1.5000000000000002,4.9000000000000004)
 (-1.5000000000000002,5.0999999999999996)
 (-1.5000000000000002,5.2999999999999998)
 (-1.5000000000000002,5.5)
 (-1.5000000000000002,5.7000000000000002)
 (-1.5000000000000002,5.9000000000000004)
 (-1.5000000000000002,6.0999999999999996)
 (-1.5000000000000002,6.2999999999999998)
 (-1.5000000000000002,6.5)
 (-1.5000000000000002,6.7000000000000002)
 (-1.3000000000000003,-6.7000000000000002)
 (-1.3000000000000003,-6.5)
 (-1.3000000000000003,-6.2999999999999998)
 (-1.3000000000000003,-6.0999999999999996)
 (-1.3000000000000003,-5.9000000000000004)
 (-1.3000000000000003,-5.7000000000000002)
 (-1.3000000000000003,-5.5)
 (-1.3000000000000003,-5.2999999999999998)
 (-1.3000000000000003,-5.0999999999999996)
 (-1.3000000000000003,-4.9000000000000004)
 (-1.3000000000000003,-4.7000000000000002)
 (-1.3000000000000003,-4.5)
 (-1.3000000000000003,-4.2999999999999998)
 (-1.3000000000000003,-4.0999999999999996)
 (-1.3000000000000003,-3.9000000000000004)
 (-1.3000000000000003,-3.7000000000000002)
 (-1.3000000000000003,-3.5000000000000004)
 (-1.3000000000000003,-3.3000000000000003)
 (-1.3000000000000003,-3.1000000000000001)
 (-1.3000000000000003,-2.9000000000000004)
 (-1.3000000000000003,-2.7000000000000002)
 (-1.3000000000000003,-2.5000000000000004)
 (-1.3000000000000003,-2.3000000000000003)
 (-1.3000000000000003,-2.1000000000000001)
 (-1.3000000000000003,-1.9000000000000001)
 (-1.3000000000000003,-1.7000000000000002)
 (-1.3000000000000003,-1.5000000000000002)
 (-1.3000000000000003,-1.3000000000000003)
 (-1.3000000000000003,-1.1000000000000001)
 (-1.3000000000000003,-0.90000000000000002)
 (-1.3000000000000003,-0.70000000000000007)
 (-1.3000000000000003,-0.5)
 (-1.3000000000000003,-0.30000000000000004)
 (-1.3000000000000003,-0.10000000000000001)
 (-1.3000000000000003,0.10000000000000001)
 (-1.3000000000000003,0.30000000000000004)
 (-1.3000000000000003,0.5)
 (-1.3000000000000003,0.70000000000000007)
 (-1.3000000000000003,0.90000000000000002)
 (-1.3000000000000003,1.1000000000000001)
 (-1.3000000000000003,1.3000000000000003)
 (-1.3000000000000003,1.5000000000000002)
 (-1.3000000000000003,1.7000000000000002)
 (-1.3000000000000003,1.9000000000000001)
 (-1.3000000000000003,2.1000000000000001)
 (-1.3000000000000003,2.3000000000000003)
 (-1.3000000000000003,2.5000000000000004)
 (-1.3000000000000003,2.7000000000000002)
 (-1.3000000000000003,2.9000000000000004)
 (-1.3000000000000003,3.1000000000000001)
 (-1.3000000000000003,3.3000000000000003)
 (-1.3000000000000003,3.5000000000000004)
 (-1.3000000000000003,3.7000000000000002)
 (-1.3000000000000003,3.9000000000000004)
 (-1.3000000000000003,4.0999999999999996)
 (-1.3000000000000003,4.2999999999999998)
 (-1.3000000000000003,4.5)
 (-1.3000000000000003,4.7000000000000002)
 (-1.3000000000000003,4.9000000000000004)
 (-1.3000000000000003,5.0999999999999996)
 (-1.3000000000000003,5.2999999999999998)
 (-1.3000000000000003,5.5)
 (-1.3000000000000003,5.7000000000000002)
 (-1.3000000000000003,5.9000000000000004)
 (-1.3000000000000003,6.0999999999999996)
 (-1.3000000000000003,6.2999999999999998)
 (-1.3000000000000003,6.5)
 (-1.3000000000000003,6.7000000000000002)
 (-1.1000000000000001,-6.9000000000000004)
 (-1.1000000000000001,-6.7000000000000002)
 (-1.1000000000000001,-6.5)
 (-1.1000000000000001,-6.2999999999999998)
 (-1.1000000000000001,-6.0999999999999996)
 (-1.1000000000000001,-5.9000000000000004)
 (-1.1000000000000001,-5.7000000000000002)
 (-1.1000000000000001,-5.5)
 (-1.1000000000000001,-5.2999999999999998)
 (-1.1000000000000001,-5.0999999999999996)
 (-1.1000000000000001,-4.9000000000000004)
 (-1.1000000000000001,-4.7000000000000002)
 (-1.1000000000000001,-4.5)
 (-1.1000000000000001,-4.2999999999999998)
 (-1.1000000000000001,-4.0999999999999996)
 (-1.1000000000000001,-3.9000000000000004)
 (-1.1000000000000001,-3.7000000000000002)
 (-1.1000000000000001,-3.5000000000000004)
 (-1.1000000000000001,-3.3000000000000003)
 (-1.1000000000000001,-3.1000000000000001)
 (-1.1000000000000001,-2.9000000000000004)
 (-1.1000000000000001,-2.7000000000000002)
 (-1.1000000000000001,-2.5000000000000004)
 (-1.1000000000000001,-2.3000000000000003)
 (-1.1000000000000001,-2.1000000000000001)
 (-1.1000000000000001,-1.9000000000000001)
 (-1.1000000000000001,-1.7000000000000002)
 (-1.1000000000000001,-1.5000000000000002)
 (-1.1000000000000001,-1.3000000000000003)
 (-1.1000000000000001,-1.1000000000000001)
 (-1.1000000000000001,-0.90000000000000002)
 (-1.1000000000000001,-0.70000000000000007)
 (-1.1000000000000001,-0.5)
 (-1.1000000000000001,-0.30000000000000004)
 (-1.1000000000000001,-0.10000000000000001)
 (-1.1000000000000001,0.10000000000000001)
 (-1.1000000000000001,0.30000000000000004)
 (-1.1000000000000001,0.5)
 (-1.1000000000000001,0.70000000000000007)
 (-1.1000000000000001,0.90000000000000002)
 (-1.1000000000000001,1.1000000000000001)
 (-1.1000000000000001,1.3000000000000003)
 (-1.1000000000000001,1.5000000000000002)
 (-1.1000000000000001,1.7000000000000002)
 (-1.1000000000000001,1.9000000000000001)
 (-1.1000000000000001,2.1000000000000001)
 (-1.1000000000000001,2.3000000000000003)
 (-1.1000000000000001,2.5000000000000004)
 (-1.1000000000000001,2.7000000000000002)
 (-1.1000000000000001,2.9000000000000004)
 (-1.1000000000000001,3.1000000000000001)
 (-1.1000000000000001,3.3000000000000003)
 (-1.1000000000000001,3.5000000000000004)
 (-1.1000000000000001,3.7000000000000002)
 (-1.1000000000000001,3.9000000000000004)
 (-1.1000000000000001,4.0999999999999996)
 (-1.1000000000000001,4.2999999999999998)
 (-1.1000000000000001,4.5)
 (-1.1000000000000001,4.7000000000000002)
 (-1.1000000000000001,4.9000000000000004)
 (-1.1000000000000001,5.0999999999999996)
 (-1.1000000000000001,5.2999999999999998)
 (-1.1000000000000001,5.5)
 (-1.1000000000000001,5.7000000000000002)
 (-1.1000000000000001,5.9000000000000004)
 (-1.1000000000000001,6.0999999999999996)
 (-1.1000000000000001,6.2999999999999998)
 (-1.1000000000000001,6.5)
 (-1.1000000000000001,6.7000000000000002)
 (-1.1000000000000001,6.9000000000000004)
 (-0.90000000000000002,-6.9000000000000004)
 (-0.90000000000000002,-6.7000000000000002)
 (-0.90000000000000002,-6.5)
 (-0.90000000000000002,-6.2999999999999998)
 (-0.90000000000000002,-6.0999999999999996)
 (-0.90000000000000002,-5.9000000000000004)
 (-0.90000000000000002,-5.7000000000000002)
 (-0.90000000000000002,-5.5)
 (-0.90000000000000002,-5.2999999999999998)
 (-0.90000000000000002,-5.0999999999999996)
 (-0.90000000000000002,-4.9000000000000004)
 (-0.90000000000000002,-4.7000000000000002)
 (-0.90000000000000002,-4.5)
 (-0.90000000000000002,-4.2999999999999998)
 (-0.90000000000000002,-4.0999999999999996)
 (-0.90000000000000002,-3.9000000000000004)
 (-0.90000000000000002,-3.7000000000000002)
 (-0.90000000000000002,-3.5000000000000004)
 (-0.90000000000000002,-3.3000000000000003)
 (-0.90000000000000002,-3.1000000000000001)
 (-0.90000000000000002,-2.9000000000000004)
 (-0.90000000000000002,-2.7000000000000002)
 (-0.90000000000000002,-2.5000000000000004)
 (-0.90000000000000002,-2.3000000000000003)
 (-0.90000000000000002,-2.1000000000000001)
 (-0.90000000000000002,-1.9000000000000001)
 (-0.90000000000000002,-1.7000000000000002)
 (-0.90000000000000002,-1.5000000000000002)
 (-0.90000000000000002,-1.3000000000000003)
 (-0.90000000000000002,-1.1000000000000001)
 (-0.90000000000000002,-0.90000000000000002)
 (-0.90000000000000002,-0.70000000000000007)
 (-0.90000000000000002,-0.5)
 (-0.90000000000000002,-0.30000000000000004)
 (-0.90000000000000002,-0.10000000000000001)
 (-0.90000000000000002,0.10000000000000001)
 (-0.90000000000000002,0.30000000000000004)
 (-0.90000000000000002,0.5)
 (-0.90000000000000002,0.70000000000000007)
 (-0.90000000000000002,0.90000000000000002)
 (-0.90000000000000002,1.1000000000000001)
 (-0.90000000000000002,1.3000000000000003)
 (-0.90000000000000002,1.5000000000000002)
 (-0.90000000000000002,1.7000000000000002)
 (-0.90000000000000002,1.9000000000000001)
 (-0.90000000000000002,2.1000000000000001)
 (-0.90000000000000002,2.3000000000000003)
 (-0.90000000000000002,2.5000000000000004)
 (-0.90000000000000002,2.7000000000000002)
 (-0.90000000000000002,2.9000000000000004)
 (-0.90000000000000002,3.1000000000000001)
 (-0.90000000000000002,3.3000000000000003)
 (-0.90000000000000002,3.5000000000000004)
 (-0.90000000000000002,3.7000000000000002)
 (-0.90000000000000002,3.9000000000000004)
 (-0.90000000000000002,4.0999999999999996)
 (-0.90000000000000002,4.2999999999999998)
 (-0.90000000000000002,4.5)
 (-0.90000000000000002,4.7000000000000002)
 (-0.90000000000000002,4.9000000000000004)
 (-0.90000000000000002,5.0999999999999996)
 (-0.90000000000000002,5.2999999999999998)
 (-0.90000000000000002,5.5)
 (-0.90000000000000002,5.7000000000000002)
 (-0.90000000000000002,5.9000000000000004)
 (-0.90000000000000002,6.0999999999999996)
 (-0.90000000000000002,6.2999999999999998)
 (-0.90000000000000002,6.5)
 (-0.90000000000000002,6.7000000000000002)
 (-0.90000000000000002,6.9000000000000004)
 (-0.70000000000000007,-6.9000000000000004)
 (-0.70000000000000007,-6.7000000000000002)
 (-0.70000000000000007,-6.5)
 (-0.70000000000000007,-6.2999999999999998)
 (-0.70000000000000007,-6.0999999999999996)
 (-0.70000000000000007,-5.9000000000000004)
 (-0.70000000000000007,-5.7000000000000002)
 (-0.70000000000000007,-5.5)
 (-0.70000000000000007,-5.2999999999999998)
 (-0.70000000000000007,-5.0999999999999996)
 (-0.70000000000000007,-4.9000000000000004)
 (-0.70000000000000007,-4.7000000000000002)
 (-0.70000000000000007,-4.5)
 (-0.70000000000000007,-4.2999999999999998)
 (-0.70000000000000007,-4.0999999999999996)
 (-0.70000000000000007,-3.9000000000000004)
 (-0.70000000000000007,-3.7000000000000002)
 (-0.70000000000000007,-3.5000000000000004)
 (-0.70000000000000007,-3.3000000000000003)
 (-0.70000000000000007,-3.1000000000000001)
 (-0.70000000000000007,-2.9000000000000004)
 (-0.70000000000000007,-2.7000000000000002)
 (-0.70000000000000007,-2.5000000000000004)
 (-0.70000000000000007,-2.3000000000000003)
 (-0.70000000000000007,-2.1000000000000001)
 (-0.70000000000000007,-1.9000000000000001)
 (-0.70000000000000007,-1.7000000000000002)
 (-0.70000000000000007,-1.5000000000000002)
 (-0.70000000000000007,-1.3000000000000003)
 (-0.70000000000000007,-1.1000000000000001)
 (-0.70000000000000007,-0.90000000000000002)
 (-0.70000000000000007,-0.70000000000000007)
 (-0.70000000000000007,-0.5)
 (-0.70000000000000007,-0.30000000000000004)
 (-0.70000000000000007,-0.10000000000000001)
 (-0.70000000000000007,0.10000000000000001)
 (-0.70000000000000007,0.30000000000000004)
 (-0.70000000000000007,0.5)
 (-0.70000000000000007,0.70000000000000007)
 (-0.70000000000000007,0.90000000000000002)
 (-0.70000000000000007,1.1000000000000001)
 (-0.70000000000000007,1.3000000000000003)
 (-0.70000000000000007,1.5000000000000002)
 (-0.70000000000000007,1.7000000000000002)
 (-0.70000000000000007,1.9000000000000001)
 (-0.70000000000000007,2.1000000000000001)
 (-0.70000000000000007,2.3000000000000003)
 (-0.70000000000000007,2.5000000000000004)
 (-0.70000000000000007,2.7000000000000002)
 (-0.70000000000000007,2.9000000000000004)
 (-0.70000000000000007,3.1000000000000001)
 (-0.70000000000000007,3.3000000000000003)
 (-0.70000000000000007,3.5000000000000004)
 (-0.70000000000000007,3.7000000000000002)
 (-0.70000000000000007,3.9000000000000004)
 (-0.70000000000000007,4.0999999999999996)
 (-0.70000000000000007,4.2999999999999998)
 (-0.70000000000000007,4.5)
 (-0.70000000000000007,4.7000000000000002)
 (-0.70000000000000007,4.9000000000000004)
 (-0.70000000000000007,5.0999999999999996)
 (-0.70000000000000007,5.2999999999999998)
 (-0.70000000000000007,5.5)
 (-0.70000000000000007,5.7000000000000002)
 (-0.70000000000000007,5.9000000000000004)
 (-0.70000000000000007,6.0999999999999996)
 (-0.70000000000000007,6.2999999999999998)
 (-0.70000000000000007,6.5)
 (-0.70000000000000007,6.7000000000000002)
 (-0.70000000000000007,6.9000000000000004)
 (-0.5,-6.9000000000000004)
 (-0.5,-6.7000000000000002)
 (-0.5,-6.5)
 (-0.5,-6.2999999999999998)
 (-0.5,-6.0999999999999996)
 (-0.5,-5.9000000000000004)
 (-0.5,-5.7000000000000002)
 (-0.5,-5.5)
 (-0.5,-5.2999999999999998)
 (-0.5,-5.0999999999999996)
 (-0.5,-4.9000000000000004)
 (-0.5,-4.7000000000000002)
 (-0.5,-4.5)
 (-0.5,-4.2999999999999998)
 (-0.5,-4.0999999999999996)
 (-0.5,-3.9000000000000004)
 (-0.5,-3.7000000000000002)
 (-0.5,-3.5000000000000004)
 (-0.5,-3.3000000000000003)
 (-0.5,-3.1000000000000001)
 (-0.5,-2.9000000000000004)
 (-0.5,-2.7000000000000002)
 (-0.5,-2.5000000000000004)
 (-0.5,-2.3000000000000003)
 (-0.5,-2.1000000000000001)
 (-0.5,-1.9000000000000001)
 (-0.5,-1.7000000000000002)
 (-0.5,-1.5000000000000002)
 (-0.5,-1.3000000000000003)
 (-0.5,-1.1000000000000001)
 (-0.5,-0.90000000000000002)
 (-0.5,-0.70000000000000007)
 (-0.5,-0.5)
 (-0.5,-0.30000000000000004)
 (-0.5,-0.10000000000000001)
 (-0.5,0.10000000000000001)
 (-0.5,0.30000000000000004)
 (-0.5,0.5)
 (-0.5,0.70000000000000007)
 (-0.5,0.90000000000000002)
 (-0.5,1.1000000000000001)
 (-0.5,1.3000000000000003)
 (-0.5,1.5000000000000002)
 (-0.5,1.7000000000000002)
 (-0.5,1.9000000000000001)
 (-0.5,2.1000000000000001)
 (-0.5,2.3000000000000003)
 (-0.5,2.5000000000000004)
 (-0.5,2.7000000000000002)
 (-0.5,2.9000000000000004)
 (-0.5,3.1000000000000001)
 (-0.5,3.3000000000000003)
 (-0.5,3.5000000000000004)
 (-0.5,3.7000000000000002)
 (-0.5,3.9000000000000004)
 (-0.5,4.0999999999999996)
 (-0.5,4.2999999999999998)
 (-0.5,4.5)
 (-0.5,4.7000000000000002)
 (-0.5,4.9000000000000004)
 (-0.5,5.0999999999999996)
 (-0.5,5.2999999999999998)
 (-0.5,5.5)
 (-0.5,5.7000000000000002)
 (-0.5,5.9000000000000004)
 (-0.5,6.0999999999999996)
 (-0.5,6.2999999999999998)
 (-0.5,6.5)
 (-0.5,6.7000000000000002)
 (-0.5,6.9000000000000004)
 (-0.30000000000000004,-6.9000000000000004)
 (-0.30000000000000004,-6.7000000000000002)
 (-0.30000000000000004,-6.5)
 (-0.30000000000000004,-6.2999999999999998)
 (-0.30000000000000004,-6.0999999999999996)
 (-0.30000000000000004,-5.9000000000000004)
 (-0.30000000000000004,-5.7000000000000002)
 (-0.30000000000000004,-5.5)
 (-0.30000000000000004,-5.2999999999999998)
 (-0.30000000000000004,-5.0999999999999996)
 (-0.30000000000000004,-4.9000000000000004)
 (-0.30000000000000004,-4.7000000000000002)
 (-0.30000000000000004,-4.5)
 (-0.30000000000000004,-4.2999999999999998)
 (-0.30000000000000004,-4.0999999999999996)
 (-0.30000000000000004,-3.9000000000000004)
 (-0.30000000000000004,-3.7000000000000002)
 (-0.30000000000000004,-3.5000000000000004)
 (-0.30000000000000004,-3.3000000000000003)
 (-0.30000000000000004,-3.1000000000000001)
 (-0.30000000000000004,-2.9000000000000004)
 (-0.30000000000000004,-2.7000000000000002)
 (-0.30000000000000004,-2.5000000000000004)
 (-0.30000000000000004,-2.3000000000000003)
 (-0.30000000000000004,-2.1000000000000001)
 (-0.30000000000000004,-1.9000000000000001)
 (-0.30000000000000004,-1.7000000000000002)
 (-0.30000000000000004,-1.5000000000000002)
 (-0.30000000000000004,-1.3000000000000003)
 (-0.30000000000000004,-1.1000000000000001)
 (-0.30000000000000004,-0.90000000000000002)
 (-0.30000000000000004,-0.70000000000000007)
 (-0.30000000000000004,-0.5)
 (-0.30000000000000004,-0.30000000000000004)
 (-0.30000000000000004,-0.10000000000000001)
 (-0.30000000000000004,0.10000000000000001)
 (-0.30000000000000004,0.30000000000000004)
 (-0.30000000000000004,0.5)
 (-0.30000000000000004,0.70000000000000007)
 (-0.30000000000000004,0.90000000000000002)
 (-0.30000000000000004,1.1000000000000001)
 (-0.30000000000000004,1.3000000000000003)
 (-0.30000000000000004,1.5000000000000002)
 (-0.30000000000000004,1.7000000000000002)
 (-0.30000000000000004,1.9000000000000001)
 (-0.30000000000000004,2.1000000000000001)
 (-0.30000000000000004,2.3000000000000003)
 (-0.30000000000000004,2.5000000000000004)
 (-0.30000000000000004,2.7000000000000002)
 (-0.30000000000000004,2.9000000000000004)
 (-0.30000000000000004,3.1000000000000001)
 (-0.30000000000000004,3.3000000000000003)
 (-0.30000000000000004,3.5000000000000004)
 (-0.30000000000000004,3.7000000000000002)
 (-0.30000000000000004,3.9000000000000004)
 (-0.30000000000000004,4.0999999999999996)
 (-0.30000000000000004,4.2999999999999998)
 (-0.30000000000000004,4.5)
 (-0.30000000000000004,4.7000000000000002)
 (-0.30000000000000004,4.9000000000000004)
 (-0.30000000000000004,5.0999999999999996)
 (-0.30000000000000004,5.2999999999999998)
 (-0.30000000000000004,5.5)
 (-0.30000000000000004,5.7000000000000002)
 (-0.30000000000000004,5.9000000000000004)
 (-0.30000000000000004,6.0999999999999996)
 (-0.30000000000000004,6.2999999999999998)
 (-0.30000000000000004,6.5)
 (-0.30000000000000004,6.7000000000000002)
 (-0.30000000000000004,6.9000000000000004)
 (-0.10000000000000001,-6.9000000000000004)
 (-0.10000000000000001,-6.7000000000000002)
 (-0.10000000000000001,-6.5)
 (-0.10000000000000001,-6.2999999999999998)
 (-0.10000000000000001,-6.0999999999999996)
 (-0.10000000000000001,-5.9000000000000004)
 (-0.10000000000000001,-5.7000000000000002)
 (-0.10000000000000001,-5.5)
 (-0.10000000000000001,-5.2999999999999998)
 (-0.10000000000000001,-5.0999999999999996)
 (-0.10000000000000001,-4.9000000000000004)
 (-0.10000000000000001,-4.7000000000000002)
 (-0.10000000000000001,-4.5)
 (-0.10000000000000001,-4.2999999999999998)
 (-0.10000000000000001,-4.0999999999999996)
 (-0.10000000000000001,-3.9000000000000004)
 (-0.10000000000000001,-3.7000000000000002)
 (-0.10000000000000001,-3.5000000000000004)
 (-0.10000000000000001,-3.3000000000000003)
 (-0.10000000000000001,-3.1000000000000001)
 (-0.10000000000000001,-2.9000000000000004)
 (-0.10000000000000001,-2.7000000000000002)
 (-0.10000000000000001,-2.5000000000000004)
 (-0.10000000000000001,-2.3000000000000003)
 (-0.10000000000000001,-2.1000000000000001)
 (-0.10000000000000001,-1.9000000000000001)
 (-0.10000000000000001,-1.7000000000000002)
 (-0.10000000000000001,-1.5000000000000002)
 (-0.10000000000000001,-1.3000000000000003)
 (-0.10000000000000001,-1.1000000000000001)
 (-0.10000000000000001,-0.90000000000000002)
 (-0.10000000000000001,-0.70000000000000007)
 (-0.10000000000000001,-0.5)
 (-0.10000000000000001,-0.30000000000000004)
 (-0.10000000000000001,-0.10000000000000001)
 (-0.10000000000000001,0.10000000000000001)
 (-0.10000000000000001,0.30000000000000004)
 (-0.10000000000000001,0.5)
 (-0.10000000000000001,0.70000000000000007)
 (-0.10000000000000001,0.90000000000000002)
 (-0.10000000000000001,1.1000000000000001)
 (-0.10000000000000001,1.3000000000000003)
 (-0.10000000000000001,1.5000000000000002)
 (-0.10000000000000001,1.7000000000000002)
 (-0.10000000000000001,1.9000000000000001)
 (-0.10000000000000001,2.1000000000000001)
 (-0.10000000000000001,2.3000000000000003)
 (-0.10000000000000001,2.5000000000000004)
 (-0.10000000000000001,2.7000000000000002)
 (-0.10000000000000001,2.9000000000000004)
 (-0.10000000000000001,3.1000000000000001)
 (-0.10000000000000001,3.3000000000000003)
 (-0.10000000000000001,3.5000000000000004)
 (-0.10000000000000001,3.7000000000000002)
 (-0.10000000000000001,3.9000000000000004)
 (-0.10000000000000001,4.0999999999999996)
 (-0.10000000000000001,4.2999999999999998)
 (-0.10000000000000001,4.5)
 (-0.10000000000000001,4.7000000000000002)
 (-0.10000000000000001,4.9000000000000004)
 (-0.10000000000000001,5.0999999999999996)
 (-0.10000000000000001,5.2999999999999998)
 (-0.10000000000000001,5.5)
 (-0.10000000000000001,5.7000000000000002)
 (-0.10000000000000001,5.9000000000000004)
 (-0.10000000000000001,6.0999999999999996)
 (-0.10000000000000001,6.2999999999999998)
 (-0.10000000000000001,6.5)
 (-0.10000000000000001,6.7000000000000002)
 (-0.10000000000000001,6.9000000000000004)
 (0.10000000000000001,-6.9000000000000004)
 (0.10000000000000001,-6.7000000000000002)
 (0.10000000000000001,-6.5)
 (0.10000000000000001,-6.2999999999999998)
 (0.10000000000000001,-6.0999999999999996)
 (0.10000000000000001,-5.9000000000000004)
 (0.10000000000000001,-5.7000000000000002)
 (0.10000000000000001,-5.5)
 (0.10000000000000001,-5.2999999999999998)
 (0.10000000000000001,-5.0999999999999996)
 (0.10000000000000001,-4.9000000000000004)
 (0.10000000000000001,-4.7000000000000002)
 (0.10000000000000001,-4.5)
 (0.10000000000000001,-4.2999999999999998)
 (0.10000000000000001,-4.0999999999999996)
 (0.10000000000000001,-3.9000000000000004)
 (0.10000000000000001,-3.7000000000000002)
 (0.10000000000000001,-3.5000000000000004)
 (0.10000000000000001,-3.3000000000000003)
 (0.10000000000000001,-3.1000000000000001)
 (0.10000000000000001,-2.9000000000000004)
 (0.10000000000000001,-2.7000000000000002)
 (0.10000000000000001,-2.5000000000000004)
 (0.10000000000000001,-2.3000000000000003)
 (0.10000000000000001,-2.1000000000000001)
 (0.10000000000000001,-1.9000000000000001)
 (0.10000000000000001,-1.7000000000000002)
 (0.10000000000000001,-1.5000000000000002)
 (0.10000000000000001,-1.3000000000000003)
 (0.10000000000000001,-1.1000000000000001)
 (0.10000000000000001,-0.90000000000000002)
 (0.10000000000000001,-0.70000000000000007)
 (0.10000000000000001,-0.5)
 (0.10000000000000001,-0.30000000000000004)
 (0.10000000000000001,-0.10000000000000001)
 (0.10000000000000001,0.10000000000000001)
 (0.10000000000000001,0.30000000000000004)
 (0.10000000000000001,0.5)
 (0.10000000000000001,0.70000000000000007)
 (0.10000000000000001,0.90000000000000002)
 (0.10000000000000001,1.1000000000000001)
 (0.10000000000000001,1.3000000000000003)
 (0.10000000000000001,1.5000000000000002)
 (0.10000000000000001,1.7000000000000002)
 (0.10000000000000001,1.9000000000000001)
 (0.10000000000000001,2.1000000000000001)
 (0.10000000000000001,2.3000000000000003)
 (0.10000000000000001,2.5000000000000004)
 (0.10000000000000001,2.7000000000000002)
 (0.10000000000000001,2.9000000000000004)
 (0.10000000000000001,3.1000000000000001)
 (0.10000000000000001,3.3000000000000003)
 (0.10000000000000001,3.5000000000000004)
 (0.10000000000000001,3.7000000000000002)
 (0.10000000000000001,3.9000000000000004)
 (0.10000000000000001,4.0999999999999996)
 (0.10000000000000001,4.2999999999999998)
 (0.10000000000000001,4.5)
 (0.10000000000000001,4.7000000000000002)
 (0.10000000000000001,4.9000000000000004)
 (0.10000000000000001,5.0999999999999996)
 (0.10000000000000001,5.2999999999999998)
 (0.10000000000000001,5.5)
 (0.10000000000000001,5.7000000000000002)
 (0.10000000000000001,5.9000000000000004)
 (0.10000000000000001,6.0999999999999996)
 (0.10000000000000001,6.2999999999999998)
 (0.10000000000000001,6.5)
 (0.10000000000000001,6.7000000000000002)
 (0.10000000000000001,6.9000000000000004)
 (0.30000000000000004,-6.9000000000000004)
 (0.30000000000000004,-6.7000000000000002)
 (0.30000000000000004,-6.5)
 (0.30000000000000004,-6.2999999999999998)
 (0.30000000000000004,-6.0999999999999996)
 (0.30000000000000004,-5.9000000000000004)
 (0.30000000000000004,-5.7000000000000002)
 (0.30000000000000004,-5.5)
 (0.30000000000000004,-5.2999999999999998)
 (0.30000000000000004,-5.0999999999999996)
 (0.30000000000000004,-4.9000000000000004)
 (0.30000000000000004,-4.7000000000000002)
 (0.30000000000000004,-4.5)
 (0.30000000000000004,-4.2999999999999998)
 (0.30000000000000004,-4.0999999999999996)
 (0.30000000000000004,-3.9000000000000004)
 (0.30000000000000004,-3.7000000000000002)
 (0.30000000000000004,-3.5000000000000004)
 (0.30000000000000004,-3.3000000000000003)
 (0.30000000000000004,-3.1000000000000001)
 (0.30000000000000004,-2.9000000000000004)
 (0.30000000000000004,-2.7000000000000002)
 (0.30000000000000004,-2.5000000000000004)
 (0.30000000000000004,-2.3000000000000003)
 (0.30000000000000004,-2.1000000000000001)
 (0.30000000000000004,-1.9000000000000001)
 (0.30000000000000004,-1.7000000000000002)
 (0.30000000000000004,-1.5000000000000002)
 (0.30000000000000004,-1.3000000000000003)
 (0.30000000000000004,-1.1000000000000001)
 (0.30000000000000004,-0.90000000000000002)
 (0.30000000000000004,-0.70000000000000007)
 (0.30000000000000004,-0.5)
 (0.30000000000000004,-0.30000000000000004)
 (0.30000000000000004,-0.10000000000000001)
 (0.30000000000000004,0.10000000000000001)
 (0.30000000000000004,0.30000000000000004)
 (0.30000000000000004,0.5)
 (0.30000000000000004,0.70000000000000007)
 (0.30000000000000004,0.90000000000000002)
 (0.30000000000000004,1.1000000000000001)
 (0.30000000000000004,1.3000000000000003)
 (0.30000000000000004,1.5000000000000002)
 (0.30000000000000004,1.7000000000000002)
 (0.30000000000000004,1.9000000000000001)
 (0.30000000000000004,2.1000000000000001)
 (0.30000000000000004,2.3000000000000003)
 (0.30000000000000004,2.5000000000000004)
 (0.30000000000000004,2.7000000000000002)
 (0.30000000000000004,2.9000000000000004)
 (0.30000000000000004,3.1000000000000001)
 (0.30000000000000004,3.3000000000000003)
 (0.30000000000000004,3.5000000000000004)
 (0.30000000000000004,3.7000000000000002)
 (0.30000000000000004,3.9000000000000004)
 (0.30000000000000004,4.0999999999999996)
 (0.30000000000000004,4.2999999999999998)
 (0.30000000000000004,4.5)
 (0.30000000000000004,4.7000000000000002)
 (0.30000000000000004,4.9000000000000004)
 (0.30000000000000004,5.0999999999999996)
 (0.30000000000000004,5.2999999999999998)
 (0.30000000000000004,5.5)
 (0.30000000000000004,5.7000000000000002)
 (0.30000000000000004,5.9000000000000004)
 (0.30000000000000004,6.0999999999999996)
 (0.30000000000000004,6.2999999999999998)
 (0.30000000000000004,6.5)
 (0.30000000000000004,6.7000000000000002)
 (0.30000000000000004,6.9000000000000004)
 (0.5,-6.9000000000000004)
 (0.5,-6.7000000000000002)
 (0.5,-6.5)
 (0.5,-6.2999999999999998)
 (0.5,-6.0999999999999996)
 (0.5,-5.9000000000000004)
 (0.5,-5.7000000000000002)
 (0.5,-5.5)
 (0.5,-5.2999999999999998)
 (0.5,-5.0999999999999996)
 (0.5,-4.9000000000000004)
 (0.5,-4.7000000000000002)
 (0.5,-4.5)
 (0.5,-4.2999999999999998)
 (0.5,-4.0999999999999996)
 (0.5,-3.9000000000000004)
 (0.5,-3.7000000000000002)
 (0.5,-3.5000000000000004)
 (0.5,-3.3000000000000003)
 (0.5,-3.1000000000000001)
 (0.5,-2.9000000000000004)
 (0.5,-2.7000000000000002)
 (0.5,-2.5000000000000004)
 (0.5,-2.3000000000000003)
 (0.5,-2.1000000000000001)
 (0.5,-1.9000000000000001)
 (0.5,-1.7000000000000002)
 (0.5,-1.5000000000000002)
 (0.5,-1.3000000000000003)
 (0.5,-1.1000000000000001)
 (0.5,-0.90000000000000002)
 (0.5,-0.70000000000000007)
 (0.5,-0.5)
 (0.5,-0.30000000000000004)
 (0.5,-0.10000000000000001)
 (0.5,0.10000000000000001)
 (0.5,0.30000000000000004)
 (0.5,0.5)
 (0.5,0.70000000000000007)
 (0.5,0.90000000000000002)
 (0.5,1.1000000000000001)
 (0.5,1.3000000000000003)
 (0.5,1.5000000000000002)
 (0.5,1.7000000000000002)
 (0.5,1.9000000000000001)
 (0.5,2.1000000000000001)
 (0.5,2.3000000000000003)
 (0.5,2.5000000000000004)
 (0.5,2.7000000000000002)
 (0.5,2.9000000000000004)
 (0.5,3.1000000000000001)
 (0.5,3.3000000000000003)
 (0.5,3.5000000000000004)
 (0.5,3.7000000000000002)
 (0.5,3.9000000000000004)
 (0.5,4.0999999999999996)
 (0.5,4.2999999999999998)
 (0.5,4.5)
 (0.5,4.7000000000000002)
 (0.5,4.9000000000000004)
 (0.5,5.0999999999999996)
 (0.5,5.2999999999999998)
 (0.5,5.5)
 (0.5,5.7000000000000002)
 (0.5,5.9000000000000004)
 (0.5,6.0999999999999996)
 (0.5,6.2999999999999998)
 (0.5,6.5)
 (0.5,6.7000000000000002)
 (0.5,6.9000000000000004)
 (0.70000000000000007,-6.9000000000000004)
 (0.70000000000000007,-6.7000000000000002)
 (0.70000000000000007,-6.5)
 (0.70000000000000007,-6.2999999999999998)
 (0.70000000000000007,-6.0999999999999996)
 (0.70000000000000007,-5.9000000000000004)
 (0.70000000000000007,-5.7000000000000002)
 (0.70000000000000007,-5.5)
 (0.70000000000000007,-5.2999999999999998)
 (0.70000000000000007,-5.0999999999999996)
 (0.70000000000000007,-4.9000000000000004)
 (0.70000000000000007,-4.7000000000000002)
 (0.70000000000000007,-4.5)
 (0.70000000000000007,-4.2999999999999998)
 (0.70000000000000007,-4.0999999999999996)
 (0.70000000000000007,-3.9000000000000004)
 (0.70000000000000007,-3.7000000000000002)
 (0.70000000000000007,-3.5000000000000004)
 (0.70000000000000007,-3.3000000000000003)
 (0.70000000000000007,-3.1000000000000001)
 (0.70000000000000007,-2.9000000000000004)
 (0.70000000000000007,-2.7000000000000002)
 (0.70000000000000007,-2.5000000000000004)
 (0.70000000000000007,-2.3000000000000003)
 (0.70000000000000007,-2.1000000000000001)
 (0.70000000000000007,-1.9000000000000001)
 (0.70000000000000007,-1.7000000000000002)
 (0.70000000000000007,-1.5000000000000002)
 (0.70000000000000007,-1.3000000000000003)
 (0.70000000000000007,-1.1000000000000001)
 (0.70000000000000007,-0.90000000000000002)
 (0.70000000000000007,-0.70000000000000007)
 (0.70000000000000007,-0.5)
 (0.70000000000000007,-0.30000000000000004)
 (0.70000000000000007,-0.10000000000000001)
 (0.70000000000000007,0.10000000000000001)
 (0.70000000000000007,0.30000000000000004)
 (0.70000000000000007,0.5)
 (0.70000000000000007,0.70000000000000007)
 (0.70000000000000007,0.90000000000000002)
 (0.70000000000000007,1.1000000000000001)
 (0.70000000000000007,1.3000000000000003)
 (0.70000000000000007,1.5000000000000002)
 (0.70000000000000007,1.7000000000000002)
 (0.70000000000000007,1.9000000000000001)
 (0.70000000000000007,2.1000000000000001)
 (0.70000000000000007,2.3000000000000003)
 (0.70000000000000007,2.5000000000000004)
 (0.70000000000000007,2.7000000000000002)
 (0.70000000000000007,2.9000000000000004)
 (0.70000000000000007,3.1000000000000001)
 (0.70000000000000007,3.3000000000000003)
 (0.70000000000000007,3.5000000000000004)
 (0.70000000000000007,3.7000000000000002)
 (0.70000000000000007,3.9000000000000004)
 (0.70000000000000007,4.0999999999999996)
 (0.70000000000000007,4.2999999999999998)
 (0.70000000000000007,4.5)
 (0.70000000000000007,4.7000000000000002)
 (0.70000000000000007,4.9000000000000004)
 (0.70000000000000007,5.0999999999999996)
 (0.70000000000000007,5.2999999999999998)
 (0.70000000000000007,5.5)
 (0.70000000000000007,5.7000000000000002)
 (0.70000000000000007,5.9000000000000004)
 (0.70000000000000007,6.0999999999999996)
 (0.70000000000000007,6.2999999999999998)
 (0.70000000000000007,6.5)
 (0.70000000000000007,6.7000000000000002)
 (0.70000000000000007,6.9000000000000004)
 (0.90000000000000002,-6.9000000000000004)
 (0.90000000000000002,-6.7000000000000002)
 (0.90000000000000002,-6.5)
 (0.90000000000000002,-6.2999999999999998)
 (0.90000000000000002,-6.0999999999999996)
 (0.90000000000000002,-5.9000000000000004)
 (0.90000000000000002,-5.7000000000000002)
 (0.90000000000000002,-5.5)
 (0.90000000000000002,-5.2999999999999998)
 (0.90000000000000002,-5.0999999999999996)
 (0.90000000000000002,-4.9000000000000004)
 (0.90000000000000002,-4.7000000000000002)
 (0.90000000000000002,-4.5)
 (0.90000000000000002,-4.2999999999999998)
 (0.90000000000000002,-4.0999999999999996)
 (0.90000000000000002,-3.9000000000000004)
 (0.90000000000000002,-3.7000000000000002)
 (0.90000000000000002,-3.5000000000000004)
 (0.90000000000000002,-3.3000000000000003)
 (0.90000000000000002,-3.1000000000000001)
 (0.90000000000000002,-2.9000000000000004)
 (0.90000000000000002,-2.7000000000000002)
 (0.90000000000000002,-2.5000000000000004)
 (0.90000000000000002,-2.3000000000000003)
 (0.90000000000000002,-2.1000000000000001)
 (0.90000000000000002,-1.9000000000000001)
 (0.90000000000000002,-1.7000000000000002)
 (0.90000000000000002,-1.5000000000000002)
 (0.90000000000000002,-1.3000000000000003)
 (0.90000000000000002,-1.1000000000000001)
 (0.90000000000000002,-0.90000000000000002)
 (0.90000000000000002,-0.70000000000000007)
 (0.90000000000000002,-0.5)
 (0.90000000000000002,-0.30000000000000004)
 (0.90000000000000002,-0.10000000000000001)
 (0.90000000000000002,0.10000000000000001)
 (0.90000000000000002,0.30000000000000004)
 (0.90000000000000002,0.5)
 (0.90000000000000002,0.70000000000000007)
 (0.90000000000000002,0.90000000000000002)
 (0.90000000000000002,1.1000000000000001)
 (0.90000000000000002,1.3000000000000003)
 (0.90000000000000002,1.5000000000000002)
 (0.90000000000000002,1.7000000000000002)
 (0.90000000000000002,1.9000000000000001)
 (0.90000000000000002,2.1000000000000001)
 (0.90000000000000002,2.3000000000000003)
 (0.90000000000000002,2.5000000000000004)
 (0.90000000000000002,2.7000000000000002)
 (0.90000000000000002,2.9000000000000004)
 (0.90000000000000002,3.1000000000000001)
 (0.90000000000000002,3.3000000000000003)
 (0.90000000000000002,3.5000000000000004)
 (0.90000000000000002,3.7000000000000002)
 (0.90000000000000002,3.9000000000000004)
 (0.90000000000000002,4.0999999999999996)
 (0.90000000000000002,4.2999999999999998)
 (0.90000000000000002,4.5)
 (0.90000000000000002,4.7000000000000002)
 (0.90000000000000002,4.9000000000000004)
 (0.90000000000000002,5.0999999999999996)
 (0.90000000000000002,5.2999999999999998)
 (0.90000000000000002,5.5)
 (0.90000000000000002,5.7000000000000002)
 (0.90000000000000002,5.9000000000000004)
 (0.90000000000000002,6.0999999999999996)
 (0.90000000000000002,6.2999999999999998)
 (0.90000000000000002,6.5)
 (0.90000000000000002,6.7000000000000002)
 (0.90000000000000002,6.9000000000000004)
 (1.1000000000000001,-6.9000000000000004)
 (1.1000000000000001,-6.7000000000000002)
 (1.1000000000000001,-6.5)
 (1.1000000000000001,-6.2999999999999998)
 (1.1000000000000001,-6.0999999999999996)
 (1.1000000000000001,-5.9000000000000004)
 (1.1000000000000001,-5.7000000000000002)
 (1.1000000000000001,-5.5)
 (1.1000000000000001,-5.2999999999999998)
 (1.1000000000000001,-5.0999999999999996)
 (1.1000000000000001,-4.9000000000000004)
 (1.1000000000000001,-4.7000000000000002)
 (1.1000000000000001,-4.5)
 (1.1000000000000001,-4.2999999999999998)
 (1.1000000000000001,-4.0999999999999996)
 (1.1000000000000001,-3.9000000000000004)
 (1.1000000000000001,-3.7000000000000002)
 (1.1000000000000001,-3.5000000000000004)
 (1.1000000000000001,-3.3000000000000003)
 (1.1000000000000001,-3.1000000000000001)
 (1.1000000000000001,-2.9000000000000004)
 (1.1000000000000001,-2.7000000000000002)
 (1.1000000000000001,-2.5000000000000004)
 (1.1000000000000001,-2.3000000000000003)
 (1.1000000000000001,-2.1000000000000001)
 (1.1000000000000001,-1.9000000000000001)
 (1.1000000000000001,-1.7000000000000002)
 (1.1000000000000001,-1.5000000000000002)
 (1.1000000000000001,-1.3000000000000003)
 (1.1000000000000001,-1.1000000000000001)
 (1.1000000000000001,-0.90000000000000002)
 (1.1000000000000001,-0.70000000000000007)
 (1.1000000000000001,-0.5)
 (1.1000000000000001,-0.30000000000000004)
 (1.1000000000000001,-0.10000000000000001)
 (1.1000000000000001,0.10000000000000001)
 (1.1000000000000001,0.30000000000000004)
 (1.1000000000000001,0.5)
 (1.1000000000000001,0.70000000000000007)
 (1.1000000000000001,0.90000000000000002)
 (1.1000000000000001,1.1000000000000001)
 (1.1000000000000001,1.3000000000000003)
 (1.1000000000000001,1.5000000000000002)
 (1.1000000000000001,1.7000000000000002)
 (1.1000000000000001,1.9000000000000001)
 (1.1000000000000001,2.1000000000000001)
 (1.1000000000000001,2.3000000000000003)
 (1.1000000000000001,2.5000000000000004)
 (1.1000000000000001,2.7000000000000002)
 (1.1000000000000001,2.9000000000000004)
 (1.1000000000000001,3.1000000000000001)
 (1.1000000000000001,3.3000000000000003)
 (1.1000000000000001,3.5000000000000004)
 (1.1000000000000001,3.7000000000000002)
 (1.1000000000000001,3.9000000000000004)
 (1.1000000000000001,4.0999999999999996)
 (1.1000000000000001,4.2999999999999998)
 (1.1000000000000001,4.5)
 (1.1000000000000001,4.7000000000000002)
 (1.1000000000000001,4.9000000000000004)
 (1.1000000000000001,5.0999999999999996)
 (1.1000000000000001,5.2999999999999998)
 (1.1000000000000001,5.5)
 (1.1000000000000001,5.7000000000000002)
 (1.1000000000000001,5.9000000000000004)
 (1.1000000000000001,6.0999999999999996)
 (1.1000000000000001,6.2999999999999998)
 (1.1000000000000001,6.5)
 (1.1000000000000001,6.7000000000000002)
 (1.1000000000000001,6.9000000000000004)
 (1.3000000000000003,-6.7000000000000002)
 (1.3000000000000003,-6.5)
 (1.3000000000000003,-6.2999999999999998)
 (1.3000000000000003,-6.0999999999999996)
 (1.3000000000000003,-5.9000000000000004)
 (1.3000000000000003,-5.7000000000000002)
 (1.3000000000000003,-5.5)
 (1.3000000000000003,-5.2999999999999998)
 (1.3000000000000003,-5.0999999999999996)
 (1.3000000000000003,-4.9000000000000004)
 (1.3000000000000003,-4.7000000000000002)
 (1.3000000000000003,-4.5)
 (1.3000000000000003,-4.2999999999999998)
 (1.3000000000000003,-4.0999999999999996)
 (1.3000000000000003,-3.9000000000000004)
 (1.3000000000000003,-3.7000000000000002)
 (1.3000000000000003,-3.5000000000000004)
 (1.3000000000000003,-3.3000000000000003)
 (1.3000000000000003,-3.1000000000000001)
 (1.3000000000000003,-2.9000000000000004)
 (1.3000000000000003,-2.7000000000000002)
 (1.3000000000000003,-2.5000000000000004)
 (1.3000000000000003,-2.3000000000000003)
 (1.3000000000000003,-2.1000000000000001)
 (1.3000000000000003,-1.9000000000000001)
 (1.3000000000000003,-1.7000000000000002)
 (1.3000000000000003,-1.5000000000000002)
 (1.3000000000000003,-1.3000000000000003)
 (1.3000000000000003,-1.1000000000000001)
 (1.3000000000000003,-0.90000000000000002)
 (1.3000000000000003,-0.70000000000000007)
 (1.3000000000000003,-0.5)
 (1.3000000000000003,-0.30000000000000004)
 (1.3000000000000003,-0.10000000000000001)
 (1.3000000000000003,0.10000000000000001)
 (1.3000000000000003,0.30000000000000004)
 (1.3000000000000003,0.5)
 (1.3000000000000003,0.70000000000000007)
 (1.3000000000000003,0.90000000000000002)
 (1.3000000000000003,1.1000000000000001)
 (1.3000000000000003,1.3000000000000003)
 (1.3000000000000003,1.5000000000000002)
 (1.3000000000000003,1.7000000000000002)
 (1.3000000000000003,1.9000000000000001)
 (1.3000000000000003,2.1000000000000001)
 (1.3000000000000003,2.3000000000000003)
 (1.3000000000000003,2.5000000000000004)
 (1.3000000000000003,2.7000000000000002)
 (1.3000000000000003,2.9000000000000004)
 (1.3000000000000003,3.1000000000000001)
 (1.3000000000000003,3.3000000000000003)
 (1.3000000000000003,3.5000000000000004)
 (1.3000000000000003,3.7000000000000002)
 (1.3000000000000003,3.9000000000000004)
 (1.3000000000000003,4.0999999999999996)
 (1.3000000000000003,4.2999999999999998)
 (1.3000000000000003,4.5)
 (1.3000000000000003,4.7000000000000002)
 (1.3000000000000003,4.9000000000000004)
 (1.3000000000000003,5.0999999999999996)
 (1.3000000000000003,5.2999999999999998)
 (1.3000000000000003,5.5)
 (1.3000000000000003,5.7000000000000002)
 (1.3000000000000003,5.9000000000000004)
 (1.3000000000000003,6.0999999999999996)
 (1.3000000000000003,6.2999999999999998)
 (1.3000000000000003,6.5)
 (1.3000000000000003,6.7000000000000002)
 (1.5000000000000002,-6.7000000000000002)
 (1.5000000000000002,-6.5)
 (1.5000000000000002,-6.2999999999999998)
 (1.5000000000000002,-6.0999999999999996)
 (1.5000000000000002,-5.9000000000000004)
 (1.5000000000000002,-5.7000000000000002)
 (1.5000000000000002,-5.5)
 (1.5000000000000002,-5.2999999999999998)
 (1.5000000000000002,-5.0999999999999996)
 (1.5000000000000002,-4.9000000000000004)
 (1.5000000000000002,-4.7000000000000002)
 (1.5000000000000002,-4.5)
 (1.5000000000000002,-4.2999999999999998)
 (1.5000000000000002,-4.0999999999999996)
 (1.5000000000000002,-3.9000000000000004)
 (1.5000000000000002,-3.7000000000000002)
 (1.5000000000000002,-3.5000000000000004)
 (1.5000000000000002,-3.3000000000000003)
 (1.5000000000000002,-3.1000000000000001)
 (1.5000000000000002,-2.9000000000000004)
 (1.5000000000000002,-2.7000000000000002)
 (1.5000000000000002,-2.5000000000000004)
 (1.5000000000000002,-2.3000000000000003)
 (1.5000000000000002,-2.1000000000000001)
 (1.5000000000000002,-1.9000000000000001)
 (1.5000000000000002,-1.7000000000000002)
 (1.5000000000000002,-1.5000000000000002)
 (1.5000000000000002,-1.3000000000000003)
 (1.5000000000000002,-1.1000000000000001)
 (1.5000000000000002,-0.90000000000000002)
 (1.5000000000000002,-0.70000000000000007)
 (1.5000000000000002,-0.5)
 (1.5000000000000002,-0.30000000000000004)
 (1.5000000000000002,-0.10000000000000001)
 (1.5000000000000002,0.10000000000000001)
 (1.5000000000000002,0.30000000000000004)
 (1.5000000000000002,0.5)
 (1.5000000000000002,0.70000000000000007)
 (1.5000000000000002,0.90000000000000002)
 (1.5000000000000002,1.1000000000000001)
 (1.5000000000000002,1.3000000000000003)
 (1.5000000000000002,1.5000000000000002)
 (1.5000000000000002,1.7000000000000002)
 (1.5000000000000002,1.9000000000000001)
 (1.5000000000000002,2.1000000000000001)
 (1.5000000000000002,2.3000000000000003)
 (1.5000000000000002,2.5000000000000004)
 (1.5000000000000002,2.7000000000000002)
 (1.5000000000000002,2.9000000000000004)
 (1.5000000000000002,3.1000000000000001)
 (1.5000000000000002,3.3000000000000003)
 (1.5000000000000002,3.5000000000000004)
 (1.5000000000000002,3.7000000000000002)
 (1.5000000000000002,3.9000000000000004)
 (1.5000000000000002,4.0999999999999996)
 (1.5000000000000002,4.2999999999999998)
 (1.5000000000000002,4.5)
 (1.5000000000000002,4.7000000000000002)
 (1.5000000000000002,4.9000000000000004)
 (1.5000000000000002,5.0999999999999996)
 (1.5000000000000002,5.2999999999999998)
 (1.5000000000000002,5.5)
 (1.5000000000000002,5.7000000000000002)
 (1.5000000000000002,5.9000000000000004)
 (1.5000000000000002,6.0999999999999996)
 (1.5000000000000002,6.2999999999999998)
 (1.5000000000000002,6.5)
 (1.5000000000000002,6.7000000000000002)
 (1.7000000000000002,-6.7000000000000002)
 (1.7000000000000002,-6.5)
 (1.7000000000000002,-6.2999999999999998)
 (1.7000000000000002,-6.0999999999999996)
 (1.7000000000000002,-5.9000000000000004)
 (1.7000000000000002,-5.7000000000000002)
 (1.7000000000000002,-5.5)
 (1.7000000000000002,-5.2999999999999998)
 (1.7000000000000002,-5.0999999999999996)
 (1.7000000000000002,-4.9000000000000004)
 (1.7000000000000002,-4.7000000000000002)
 (1.7000000000000002,-4.5)
 (1.7000000000000002,-4.2999999999999998)
 (1.7000000000000002,-4.0999999999999996)
 (1.7000000000000002,-3.9000000000000004)
 (1.7000000000000002,-3.7000000000000002)
 (1.7000000000000002,-3.5000000000000004)
 (1.7000000000000002,-3.3000000000000003)
 (1.7000000000000002,-3.1000000000000001)
 (1.7000000000000002,-2.9000000000000004)
 (1.7000000000000002,-2.7000000000000002)
 (1.7000000000000002,-2.5000000000000004)
 (1.7000000000000002,-2.3000000000000003)
 (1.7000000000000002,-2.1000000000000001)
 (1.7000000000000002,-1.9000000000000001)
 (1.7000000000000002,-1.7000000000000002)
 (1.7000000000000002,-1.5000000000000002)
 (1.7000000000000002,-1.3000000000000003)
 (1.7000000000000002,-1.1000000000000001)
 (1.7000000000000002,-0.90000000000000002)
 (1.7000000000000002,-0.70000000000000007)
 (1.7000000000000002,-0.5)
 (1.7000000000000002,-0.30000000000000004)
 (1.7000000000000002,-0.10000000000000001)
 (1.7000000000000002,0.10000000000000001)
 (1.7000000000000002,0.30000000000000004)
 (1.7000000000000002,0.5)
 (1.7000000000000002,0.70000000000000007)
 (1.7000000000000002,0.90000000000000002)
 (1.7000000000000002,1.1000000000000001)
 (1.7000000000000002,1.3000000000000003)
 (1.7000000000000002,1.5000000000000002)
 (1.7000000000000002,1.7000000000000002)
 (1.7000000000000002,1.9000000000000001)
 (1.7000000000000002,2.1000000000000001)
 (1.7000000000000002,2.3000000000000003)
 (1.7000000000000002,2.5000000000000004)
 (1.7000000000000002,2.7000000000000002)
 (1.7000000000000002,2.9000000000000004)
 (1.7000000000000002,3.1000000000000001)
 (1.7000000000000002,3.3000000000000003)
 (1.7000000000000002,3.5000000000000004)
 (1.7000000000000002,3.7000000000000002)
 (1.7000000000000002,3.9000000000000004)
 (1.7000000000000002,4.0999999999999996)
 (1.7000000000000002,4.2999999999999998)
 (1.7000000000000002,4.5)
 (1.7000000000000002,4.7000000000000002)
 (1.7000000000000002,4.9000000000000004)
 (1.7000000000000002,5.0999999999999996)
 (1.7000000000000002,5.2999999999999998)
 (1.7000000000000002,5.5)
 (1.7000000000000002,5.7000000000000002)
 (1.7000000000000002,5.9000000000000004)
 (1.7000000000000002,6.0999999999999996)
 (1.7000000000000002,6.2999999999999998)
 (1.7000000000000002,6.5)
 (1.7000000000000002,6.7000000000000002)
 (1.9000000000000001,-6.7000000000000002)
 (1.9000000000000001,-6.5)
 (1.9000000000000001,-6.2999999999999998)
 (1.9000000000000001,-6.0999999999999996)
 (1.9000000000000001,-5.9000000000000004)
 (1.9000000000000001,-5.7000000000000002)
 (1.9000000000000001,-5.5)
 (1.9000000000000001,-5.2999999999999998)
 (1.9000000000000001,-5.0999999999999996)
 (1.9000000000000001,-4.9000000000000004)
 (1.9000000000000001,-4.7000000000000002)
 (1.9000000000000001,-4.5)
 (1.9000000000000001,-4.2999999999999998)
 (1.9000000000000001,-4.0999999999999996)
 (1.9000000000000001,-3.9000000000000004)
 (1.9000000000000001,-3.7000000000000002)
 (1.9000000000000001,-3.5000000000000004)
 (1.9000000000000001,-3.3000000000000003)
 (1.9000000000000001,-3.1000000000000001)
 (1.9000000000000001,-2.9000000000000004)
 (1.9000000000000001,-2.7000000000000002)
 (1.9000000000000001,-2.5000000000000004)
 (1.9000000000000001,-2.3000000000000003)
 (1.9000000000000001,-2.1000000000000001)
 (1.9000000000000001,-1.9000000000000001)
 (1.9000000000000001,-1.7000000000000002)
 (1.9000000000000001,-1.5000000000000002)
 (1.9000000000000001,-1.3000000000000003)
 (1.9000000000000001,-1.1000000000000001)
 (1.9000000000000001,-0.90000000000000002)
 (1.9000000000000001,-0.70000000000000007)
 (1.9000000000000001,-0.5)
 (1.9000000000000001,-0.30000000000000004)
 (1.9000000000000001,-0.10000000000000001)
 (1.9000000000000001,0.10000000000000001)
 (1.9000000000000001,0.30000000000000004)
 (1.9000000000000001,0.5)
 (1.9000000000000001,0.70000000000000007)
 (1.9000000000000001,0.90000000000000002)
 (1.9000000000000001,1.1000000000000001)
 (1.9000000000000001,1.3000000000000003)
 (1.9000000000000001,1.5000000000000002)
 (1.9000000000000001,1.7000000000000002)
 (1.9000000000000001,1.9000000000000001)
 (1.9000000000000001,2.1000000000000001)
 (1.9000000000000001,2.3000000000000003)
 (1.9000000000000001,2.5000000000000004)
 (1.9000000000000001,2.7000000000000002)
 (1.9000000000000001,2.9000000000000004)
 (1.9000000000000001,3.1000000000000001)
 (1.9000000000000001,3.3000000000000003)
 (1.9000000000000001,3.5000000000000004)
 (1.9000000000000001,3.7000000000000002)
 (1.9000000000000001,3.9000000000000004)
 (1.9000000000000001,4.0999999999999996)
 (1.9000000000000001,4.2999999999999998)
 (1.9000000000000001,4.5)
 (1.9000000000000001,4.7000000000000002)
 (1.9000000000000001,4.9000000000000004)
 (1.9000000000000001,5.0999999999999996)
 (1.9000000000000001,5.2999999999999998)
 (1.9000000000000001,5.5)
 (1.9000000000000001,5.7000000000000002)
 (1.9000000000000001,5.9000000000000004)
 (1.9000000000000001,6.0999999999999996)
 (1.9000000000000001,6.2999999999999998)
 (1.9000000000000001,6.5)
 (1.9000000000000001,6.7000000000000002)
 (2.1000000000000001,-6.5)
 (2.1000000000000001,-6.2999999999999998)
 (2.1000000000000001,-6.0999999999999996)
 (2.1000000000000001,-5.9000000000000004)
 (2.1000000000000001,-5.7000000000000002)
 (2.1000000000000001,-5.5)
 (2.1000000000000001,-5.2999999999999998)
 (2.1000000000000001,-5.0999999999999996)
 (2.1000000000000001,-4.9000000000000004)
 (2.1000000000000001,-4.7000000000000002)
 (2.1000000000000001,-4.5)
 (2.1000000000000001,-4.2999999999999998)
 (2.1000000000000001,-4.0999999999999996)
 (2.1000000000000001,-3.9000000000000004)
 (2.1000000000000001,-3.7000000000000002)
 (2.1000000000000001,-3.5000000000000004)
 (2.1000000000000001,-3.3000000000000003)
 (2.1000000000000001,-3.1000000000000001)
 (2.1000000000000001,-2.9000000000000004)
 (2.1000000000000001,-2.7000000000000002)
 (2.1000000000000001,-2.5000000000000004)
 (2.1000000000000001,-2.3000000000000003)
 (2.1000000000000001,-2.1000000000000001)
 (2.1000000000000001,-1.9000000000000001)
 (2.1000000000000001,-1.7000000000000002)
 (2.1000000000000001,-1.5000000000000002)
 (2.1000000000000001,-1.3000000000000003)
 (2.1000000000000001,-1.1000000000000001)
 (2.1000000000000001,-0.90000000000000002)
 (2.1000000000000001,-0.70000000000000007)
 (2.1000000000000001,-0.5)
 (2.1000000000000001,-0.30000000000000004)
 (2.1000000000000001,-0.10000000000000001)
 (2.1000000000000001,0.10000000000000001)
 (2.1000000000000001,0.30000000000000004)
 (2.1000000000000001,0.5)
 (2.1000000000000001,0.70000000000000007)
 (2.1000000000000001,0.90000000000000002)
 (2.1000000000000001,1.1000000000000001)
 (2.1000000000000001,1.3000000000000003)
 (2.1000000000000001,1.5000000000000002)
 (2.1000000000000001,1.7000000000000002)
 (2.1000000000000001,1.9000000000000001)
 (2.1000000000000001,2.1000000000000001)
 (2.1000000000000001,2.3000000000000003)
 (2.1000000000000001,2.5000000000000004)
 (2.1000000000000001,2.7000000000000002)
 (2.1000000000000001,2.9000000000000004)
 (2.1000000000000001,3.1000000000000001)
 (2.1000000000000001,3.3000000000000003)
 (2.1000000000000001,3.5000000000000004)
 (2.1000000000000001,3.7000000000000002)
 (2.1000000000000001,3.9000000000000004)
 (2.1000000000000001,4.0999999999999996)
 (2.1000000000000001,4.2999999999999998)
 (2.1000000000000001,4.5)
 (2.1000000000000001,4.7000000000000002)
 (2.1000000000000001,4.9000000000000004)
 (2.1000000000000001,5.0999999999999996)
 (2.1000000000000001,5.2999999999999998)
 (2.1000000000000001,5.5)
 (2.1000000000000001,5.7000000000000002)
 (2.1000000000000001,5.9000000000000004)
 (2.1000000000000001,6.0999999999999996)
 (2.1000000000000001,6.2999999999999998)
 (2.1000000000000001,6.5)
 (2.3000000000000003,-6.5)
 (2.3000000000000003,-6.2999999999999998)
 (2.3000000000000003,-6.0999999999999996)
 (2.3000000000000003,-5.9000000000000004)
 (2.3000000000000003,-5.7000000000000002)
 (2.3000000000000003,-5.5)
 (2.3000000000000003,-5.2999999999999998)
 (2.3000000000000003,-5.0999999999999996)
 (2.3000000000000003,-4.9000000000000004)
 (2.3000000000000003,-4.7000000000000002)
 (2.3000000000000003,-4.5)
 (2.3000000000000003,-4.2999999999999998)
 (2.3000000000000003,-4.0999999999999996)
 (2.3000000000000003,-3.9000000000000004)
 (2.3000000000000003,-3.7000000000000002)
 (2.3000000000000003,-3.5000000000000004)
 (2.3000000000000003,-3.3000000000000003)
 (2.3000000000000003,-3.1000000000000001)
 (2.3000000000000003,-2.9000000000000004)
 (2.3000000000000003,-2.7000000000000002)
 (2.3000000000000003,-2.5000000000000004)
 (2.3000000000000003,-2.3000000000000003)
 (2.3000000000000003,-2.1000000000000001)
 (2.3000000000000003,-1.9000000000000001)
 (2.3000000000000003,-1.7000000000000002)
 (2.3000000000000003,-1.5000000000000002)
 (2.3000000000000003,-1.3000000000000003)
 (2.3000000000000003,-1.1000000000000001)
 (2.3000000000000003,-0.90000000000000002)
 (2.3000000000000003,-0.70000000000000007)
 (2.3000000000000003,-0.5)
 (2.3000000000000003,-0.30000000000000004)
 (2.3000000000000003,-0.10000000000000001)
 (2.3000000000000003,0.10000000000000001)
 (2.3000000000000003,0.30000000000000004)
 (2.3000000000000003,0.5)
 (2.3000000000000003,0.70000000000000007)
 (2.3000000000000003,0.90000000000000002)
 (2.3000000000000003,1.1000000000000001)
 (2.3000000000000003,1.3000000000000003)
 (2.3000000000000003,1.5000000000000002)
 (2.3000000000000003,1.7000000000000002)
 (2.3000000000000003,1.9000000000000001)
 (2.3000000000000003,2.1000000000000001)
 (2.3000000000000003,2.3000000000000003)
 (2.3000000000000003,2.5000000000000004)
 (2.3000000000000003,2.7000000000000002)
 (2.3000000000000003,2.9000000000000004)
 (2.3000000000000003,3.1000000000000001)
 (2.3000000000000003,3.3000000000000003)
 (2.3000000000000003,3.5000000000000004)
 (2.3000000000000003,3.7000000000000002)
 (2.3000000000000003,3.9000000000000004)
 (2.3000000000000003,4.0999999999999996)
 (2.3000000000000003,4.2999999999999998)
 (2.3000000000000003,4.5)
 (2.3000000000000003,4.7000000000000002)
 (2.3000000000000003,4.9000000000000004)
 (2.3000000000000003,5.0999999999999996)
 (2.3000000000000003,5.2999999999999998)
 (2.3000000000000003,5.5)
 (2.3000000000000003,5.7000000000000002)
 (2.3000000000000003,5.9000000000000004)
 (2.3000000000000003,6.0999999999999996)
 (2.3000000000000003,6.2999999999999998)
 (2.3000000000000003,6.5)
 (2.5000000000000004,-6.5)
 (2.5000000000000004,-6.2999999999999998)
 (2.5000000000000004,-6.0999999999999996)
 (2.5000000000000004,-5.9000000000000004)
 (2.5000000000000004,-5.7000000000000002)
 (2.5000000000000004,-5.5)
 (2.5000000000000004,-5.2999999999999998)
 (2.5000000000000004,-5.0999999999999996)
 (2.5000000000000004,-4.9000000000000004)
 (2.5000000000000004,-4.7000000000000002)
 (2.5000000000000004,-4.5)
 (2.5000000000000004,-4.2999999999999998)
 (2.5000000000000004,-4.0999999999999996)
 (2.5000000000000004,-3.9000000000000004)
 (2.5000000000000004,-3.7000000000000002)
 (2.5000000000000004,-3.5000000000000004)
 (2.5000000000000004,-3.3000000000000003)
 (2.5000000000000004,-3.1000000000000001)
 (2.5000000000000004,-2.9000000000000004)
 (2.5000000000000004,-2.7000000000000002)
 (2.5000000000000004,-2.5000000000000004)
 (2.5000000000000004,-2.3000000000000003)
 (2.5000000000000004,-2.1000000000000001)
 (2.5000000000000004,-1.9000000000000001)
 (2.5000000000000004,-1.7000000000000002)
 (2.5000000000000004,-1.5000000000000002)
 (2.5000000000000004,-1.3000000000000003)
 (2.5000000000000004,-1.1000000000000001)
 (2.5000000000000004,-0.90000000000000002)
 (2.5000000000000004,-0.70000000000000007)
 (2.5000000000000004,-0.5)
 (2.5000000000000004,-0.30000000000000004)
 (2.5000000000000004,-0.10000000000000001)
 (2.5000000000000004,0.10000000000000001)
 (2.5000000000000004,0.30000000000000004)
 (2.5000000000000004,0.5)
 (2.5000000000000004,0.70000000000000007)
 (2.5000000000000004,0.90000000000000002)
 (2.5000000000000004,1.1000000000000001)
 (2.5000000000000004,1.3000000000000003)
 (2.5000000000000004,1.5000000000000002)
 (2.5000000000000004,1.7000000000000002)
 (2.5000000000000004,1.9000000000000001)
 (2.5000000000000004,2.1000000000000001)
 (2.5000000000000004,2.3000000000000003)
 (2.5000000000000004,2.5000000000000004)
 (2.5000000000000004,2.7000000000000002)
 (2.5000000000000004,2.9000000000000004)
 (2.5000000000000004,3.1000000000000001)
 (2.5000000000000004,3.3000000000000003)
 (2.5000000000000004,3.5000000000000004)
 (2.5000000000000004,3.7000000000000002)
 (2.5000000000000004,3.9000000000000004)
 (2.5000000000000004,4.0999999999999996)
 (2.5000000000000004,4.2999999999999998)
 (2.5000000000000004,4.5)
 (2.5000000000000004,4.7000000000000002)
 (2.5000000000000004,4.9000000000000004)
 (2.5000000000000004,5.0999999999999996)
 (2.5000000000000004,5.2999999999999998)
 (2.5000000000000004,5.5)
 (2.5000000000000004,5.7000000000000002)
 (2.5000000000000004,5.9000000000000004)
 (2.5000000000000004,6.0999999999999996)
 (2.5000000000000004,6.2999999999999998)
 (2.5000000000000004,6.5)
 (2.7000000000000002,-6.2999999999999998)
 (2.7000000000000002,-6.0999999999999996)
 (2.7000000000000002,-5.9000000000000004)
 (2.7000000000000002,-5.7000000000000002)
 (2.7000000000000002,-5.5)
 (2.7000000000000002,-5.2999999999999998)
 (2.7000000000000002,-5.0999999999999996)
 (2.7000000000000002,-4.9000000000000004)
 (2.7000000000000002,-4.7000000000000002)
 (2.7000000000000002,-4.5)
 (2.7000000000000002,-4.2999999999999998)
 (2.7000000000000002,-4.0999999999999996)
 (2.7000000000000002,-3.9000000000000004)
 (2.7000000000000002,-3.7000000000000002)
 (2.7000000000000002,-3.5000000000000004)
 (2.7000000000000002,-3.3000000000000003)
 (2.7000000000000002,-3.1000000000000001)
 (2.7000000000000002,-2.9000000000000004)
 (2.7000000000000002,-2.7000000000000002)
 (2.7000000000000002,-2.5000000000000004)
 (2.7000000000000002,-2.3000000000000003)
 (2.7000000000000002,-2.1000000000000001)
 (2.7000000000000002,-1.9000000000000001)
 (2.7000000000000002,-1.7000000000000002)
 (2.7000000000000002,-1.5000000000000002)
 (2.7000000000000002,-1.3000000000000003)
 (2.7000000000000002,-1.1000000000000001)
 (2.7000000000000002,-0.90000000000000002)
 (2.7000000000000002,-0.70000000000000007)
 (2.7000000000000002,-0.5)
 (2.7000000000000002,-0.30000000000000004)
 (2.7000000000000002,-0.10000000000000001)
 (2.7000000000000002,0.10000000000000001)
 (2.7000000000000002,0.30000000000000004)
 (2.7000000000000002,0.5)
 (2.7000000000000002,0.70000000000000007)
 (2.7000000000000002,0.90000000000000002)
 (2.7000000000000002,1.1000000000000001)
 (2.7000000000000002,1.3000000000000003)
 (2.7000000000000002,1.5000000000000002)
 (2.7000000000000002,1.7000000000000002)
 (2.7000000000000002,1.9000000000000001)
 (2.7000000000000002,2.1000000000000001)
 (2.7000000000000002,2.3000000000000003)
 (2.7000000000000002,2.5000000000000004)
 (2.7000000000000002,2.7000000000000002)
 (2.7000000000000002,2.9000000000000004)
 (2.7000000000000002,3.1000000000000001)
 (2.7000000000000002,3.3000000000000003)
 (2.7000000000000002,3.5000000000000004)
 (2.7000000000000002,3.7000000000000002)
 (2.7000000000000002,3.9000000000000004)
 (2.7000000000000002,4.0999999999999996)
 (2.7000000000000002,4.2999999999999998)
 (2.7000000000000002,4.5)
 (2.7000000000000002,4.7000000000000002)
 (2.7000000000000002,4.9000000000000004)
 (2.7000000000000002,5.0999999999999996)
 (2.7000000000000002,5.2999999999999998)
 (2.7000000000000002,5.5)
 (2.7000000000000002,5.7000000000000002)
 (2.7000000000000002,5.9000000000000004)
 (2.7000000000000002,6.0999999999999996)
 (2.7000000000000002,6.2999999999999998)
 (2.9000000000000004,-6.2999999999999998)
 (2.9000000000000004,-6.0999999999999996)
 (2.9000000000000004,-5.9000000000000004)
 (2.9000000000000004,-5.7000000000000002)
 (2.9000000000000004,-5.5)
 (2.9000000000000004,-5.2999999999999998)
 (2.9000000000000004,-5.0999999999999996)
 (2.9000000000000004,-4.9000000000000004)
 (2.9000000000000004,-4.7000000000000002)
 (2.9000000000000004,-4.5)
 (2.9000000000000004,-4.2999999999999998)
 (2.9000000000000004,-4.0999999999999996)
 (2.9000000000000004,-3.9000000000000004)
 (2.9000000000000004,-3.7000000000000002)
 (2.9000000000000004,-3.5000000000000004)
 (2.9000000000000004,-3.3000000000000003)
 (2.9000000000000004,-3.1000000000000001)
 (2.9000000000000004,-2.9000000000000004)
 (2.9000000000000004,-2.7000000000000002)
 (2.9000000000000004,-2.5000000000000004)
 (2.9000000000000004,-2.3000000000000003)
 (2.9000000000000004,-2.1000000000000001)
 (2.9000000000000004,-1.9000000000000001)
 (2.9000000000000004,-1.7000000000000002)
 (2.9000000000000004,-1.5000000000000002)
 (2.9000000000000004,-1.3000000000000003)
 (2.9000000000000004,-1.1000000000000001)
 (2.9000000000000004,-0.90000000000000002)
 (2.9000000000000004,-0.70000000000000007)
 (2.9000000000000004,-0.5)
 (2.9000000000000004,-0.30000000000000004)
 (2.9000000000000004,-0.10000000000000001)
 (2.9000000000000004,0.10000000000000001)
 (2.9000000000000004,0.30000000000000004)
 (2.9000000000000004,0.5)
 (2.9000000000000004,0.70000000000000007)
 (2.9000000000000004,0.90000000000000002)
 (2.9000000000000004,1.1000000000000001)
 (2.9000000000000004,1.3000000000000003)
 (2.9000000000000004,1.5000000000000002)
 (2.9000000000000004,1.7000000000000002)
 (2.9000000000000004,1.9000000000000001)
 (2.9000000000000004,2.1000000000000001)
 (2.9000000000000004,2.3000000000000003)
 (2.9000000000000004,2.5000000000000004)
 (2.9000000000000004,2.7000000000000002)
 (2.9000000000000004,2.9000000000000004)
 (2.9000000000000004,3.1000000000000001)
 (2.9000000000000004,3.3000000000000003)
 (2.9000000000000004,3.5000000000000004)
 (2.9000000000000004,3.7000000000000002)
 (2.9000000000000004,3.9000000000000004)
 (2.9000000000000004,4.0999999999999996)
 (2.9000000000000004,4.2999999999999998)
 (2.9000000000000004,4.5)
 (2.9000000000000004,4.7000000000000002)
 (2.9000000000000004,4.9000000000000004)
 (2.9000000000000004,5.0999999999999996)
 (2.9000000000000004,5.2999999999999998)
 (2.9000000000000004,5.5)
 (2.9000000000000004,5.7000000000000002)
 (2.9000000000000004,5.9000000000000004)
 (2.9000000000000004,6.0999999999999996)
 (2.9000000000000004,6.2999999999999998)
 (3.1000000000000001,-6.0999999999999996)
 (3.1000000000000001,-5.9000000000000004)
 (3.1000000000000001,-5.7000000000000002)
 (3.1000000000000001,-5.5)
 (3.1000000000000001,-5.2999999999999998)
 (3.1000000000000001,-5.0999999999999996)
 (3.1000000000000001,-4.9000000000000004)
 (3.1000000000000001,-4.7000000000000002)
 (3.1000000000000001,-4.5)
 (3.1000000000000001,-4.2999999999999998)
 (3.1000000000000001,-4.0999999999999996)
 (3.1000000000000001,-3.9000000000000004)
 (3.1000000000000001,-3.7000000000000002)
 (3.1000000000000001,-3.5000000000000004)
 (3.1000000000000001,-3.3000000000000003)
 (3.1000000000000001,-3.1000000000000001)
 (3.1000000000000001,-2.9000000000000004)
 (3.1000000000000001,-2.7000000000000002)
 (3.1000000000000001,-2.5000000000000004)
 (3.1000000000000001,-2.3000000000000003)
 (3.1000000000000001,-2.1000000000000001)
 (3.1000000000000001,-1.9000000000000001)
 (3.1000000000000001,-1.7000000000000002)
 (3.1000000000000001,-1.5000000000000002)
 (3.1000000000000001,-1.3000000000000003)
 (3.1000000000000001,-1.1000000000000001)
 (3.1000000000000001,-0.90000000000000002)
 (3.1000000000000001,-0.70000000000000007)
 (3.1000000000000001,-0.5)
 (3.1000000000000001,-0.30000000000000004)
 (3.1000000000000001,-0.10000000000000001)
 (3.1000000000000001,0.10000000000000001)
 (3.1000000000000001,0.30000000000000004)
 (3.1000000000000001,0.5)
 (3.1000000000000001,0.70000000000000007)
 (3.1000000000000001,0.90000000000000002)
 (3.1000000000000001,1.1000000000000001)
 (3.1000000000000001,1.3000000000000003)
 (3.1000000000000001,1.5000000000000002)
 (3.1000000000000001,1.7000000000000002)
 (3.1000000000000001,1.9000000000000001)
 (3.1000000000000001,2.1000000000000001)
 (3.1000000000000001,2.3000000000000003)
 (3.1000000000000001,2.5000000000000004)
 (3.1000000000000001,2.7000000000000002)
 (3.1000000000000001,2.9000000000000004)
 (3.1000000000000001,3.1000000000000001)
 (3.1000000000000001,3.3000000000000003)
 (3.1000000000000001,3.5000000000000004)
 (3.1000000000000001,3.7000000000000002)
 (3.1000000000000001,3.9000000000000004)
 (3.1000000000000001,4.0999999999999996)
 (3.1000000000000001,4.2999999999999998)
 (3.1000000000000001,4.5)
 (3.1000000000000001,4.7000000000000002)
 (3.1000000000000001,4.9000000000000004)
 (3.1000000000000001,5.0999999999999996)
 (3.1000000000000001,5.2999999999999998)
 (3.1000000000000001,5.5)
 (3.1000000000000001,5.7000000000000002)
 (3.1000000000000001,5.9000000000000004)
 (3.1000000000000001,6.0999999999999996)
 (3.3000000000000003,-6.0999999999999996)
 (3.3000000000000003,-5.9000000000000004)
 (3.3000000000000003,-5.7000000000000002)
 (3.3000000000000003,-5.5)
 (3.3000000000000003,-5.2999999999999998)
 (3.3000000000000003,-5.0999999999999996)
 (3.3000000000000003,-4.9000000000000004)
 (3.3000000000000003,-4.7000000000000002)
 (3.3000000000000003,-4.5)
 (3.3000000000000003,-4.2999999999999998)
 (3.3000000000000003,-4.0999999999999996)
 (3.3000000000000003,-3.9000000000000004)
 (3.3000000000000003,-3.7000000000000002)
 (3.3000000000000003,-3.5000000000000004)
 (3.3000000000000003,-3.3000000000000003)
 (3.3000000000000003,-3.1000000000000001)
 (3.3000000000000003,-2.9000000000000004)
 (3.3000000000000003,-2.7000000000000002)
 (3.3000000000000003,-2.5000000000000004)
 (3.3000000000000003,-2.3000000000000003)
 (3.3000000000000003,-2.1000000000000001)
 (3.3000000000000003,-1.9000000000000001)
 (3.3000000000000003,-1.7000000000000002)
 (3.3000000000000003,-1.5000000000000002)
 (3.3000000000000003,-1.3000000000000003)
 (3.3000000000000003,-1.1000000000000001)
 (3.3000000000000003,-0.90000000000000002)
 (3.3000000000000003,-0.70000000000000007)
 (3.3000000000000003,-0.5)
 (3.3000000000000003,-0.30000000000000004)
 (3.3000000000000003,-0.10000000000000001)
 (3.3000000000000003,0.10000000000000001)
 (3.3000000000000003,0.30000000000000004)
 (3.3000000000000003,0.5)
 (3.3000000000000003,0.70000000000000007)
 (3.3000000000000003,0.90000000000000002)
 (3.3000000000000003,1.1000000000000001)
 (3.3000000000000003,1.3000000000000003)
 (3.3000000000000003,1.5000000000000002)
 (3.3000000000000003,1.7000000000000002)
 (3.3000000000000003,1.9000000000000001)
 (3.3000000000000003,2.1000000000000001)
 (3.3000000000000003,2.3000000000000003)
 (3.3000000000000003,2.5000000000000004)
 (3.3000000000000003,2.7000000000000002)
 (3.3000000000000003,2.9000000000000004)
 (3.3000000000000003,3.1000000000000001)
 (3.3000000000000003,3.3000000000000003)
 (3.3000000000000003,3.5000000000000004)
 (3.3000000000000003,3.7000000000000002)
 (3.3000000000000003,3.9000000000000004)
 (3.3000000000000003,4.0999999999999996)
 (3.3000000000000003,4.2999999999999998)
 (3.3000000000000003,4.5)
 (3.3000000000000003,4.7000000000000002)
 (3.3000000000000003,4.9000000000000004)
 (3.3000000000000003,5.0999999999999996)
 (3.3000000000000003,5.2999999999999998)
 (3.3000000000000003,5.5)
 (3.3000000000000003,5.7000000000000002)
 (3.3000000000000003,5.9000000000000004)
 (3.3000000000000003,6.0999999999999996)
 (3.5000000000000004,-5.9000000000000004)
 (3.5000000000000004,-5.7000000000000002)
 (3.5000000000000004,-5.5)
 (3.5000000000000004,-5.2999999999999998)
 (3.5000000000000004,-5.0999999999999996)
 (3.5000000000000004,-4.9000000000000004)
 (3.5000000000000004,-4.7000000000000002)
 (3.5000000000000004,-4.5)
 (3.5000000000000004,-4.2999999999999998)
 (3.5000000000000004,-4.0999999999999996)
 (3.5000000000000004,-3.9000000000000004)
 (3.5000000000000004,-3.7000000000000002)
 (3.5000000000000004,-3.5000000000000004)
 (3.5000000000000004,-3.3000000000000003)
 (3.5000000000000004,-3.1000000000000001)
 (3.5000000000000004,-2.9000000000000004)
 (3.5000000000000004,-2.7000000000000002)
 (3.5000000000000004,-2.5000000000000004)
 (3.5000000000000004,-2.3000000000000003)
 (3.5000000000000004,-2.1000000000000001)
 (3.5000000000000004,-1.9000000000000001)
 (3.5000000000000004,-1.7000000000000002)
 (3.5000000000000004,-1.5000000000000002)
 (3.5000000000000004,-1.3000000000000003)
 (3.5000000000000004,-1.1000000000000001)
 (3.5000000000000004,-0.90000000000000002)
 (3.5000000000000004,-0.70000000000000007)
 (3.5000000000000004,-0.5)
 (3.5000000000000004,-0.30000000000000004)
 (3.5000000000000004,-0.10000000000000001)
 (3.5000000000000004,0.10000000000000001)
 (3.5000000000000004,0.30000000000000004)
 (3.5000000000000004,0.5)
 (3.5000000000000004,0.70000000000000007)
 (3.5000000000000004,0.90000000000000002)
 (3.5000000000000004,1.1000000000000001)
 (3.5000000000000004,1.3000000000000003)
 (3.5000000000000004,1.5000000000000002)
 (3.5000000000000004,1.7000000000000002)
 (3.5000000000000004,1.9000000000000001)
 (3.5000000000000004,2.1000000000000001)
 (3.5000000000000004,2.3000000000000003)
 (3.5000000000000004,2.5000000000000004)
 (3.5000000000000004,2.7000000000000002)
 (3.5000000000000004,2.9000000000000004)
 (3.5000000000000004,3.1000000000000001)
 (3.5000000000000004,3.3000000000000003)
 (3.5000000000000004,3.5000000000000004)
 (3.5000000000000004,3.7000000000000002)
 (3.5000000000000004,3.9000000000000004)
 (3.5000000000000004,4.0999999999999996)
 (3.5000000000000004,4.2999999999999998)
 (3.5000000000000004,4.5)
 (3.5000000000000004,4.7000000000000002)
 (3.5000000000000004,4.9000000000000004)
 (3.5000000000000004,5.0999999999999996)
 (3.5000000000000004,5.2999999999999998)
 (3.5000000000000004,5.5)
 (3.5000000000000004,5.7000000000000002)
 (3.5000000000000004,5.9000000000000004)
 (3.7000000000000002,-5.9000000000000004)
 (3.7000000000000002,-5.7000000000000002)
 (3.7000000000000002,-5.5)
 (3.7000000000000002,-5.2999999999999998)
 (3.7000000000000002,-5.0999999999999996)
 (3.7000000000000002,-4.9000000000000004)
 (3.7000000000000002,-4.7000000000000002)
 (3.7000000000000002,-4.5)
 (3.7000000000000002,-4.2999999999999998)
 (3.7000000000000002,-4.0999999999999996)
 (3.7000000000000002,-3.9000000000000004)
 (3.7000000000000002,-3.7000000000000002)
 (3.7000000000000002,-3.5000000000000004)
 (3.7000000000000002,-3.3000000000000003)
 (3.7000000000000002,-3.1000000000000001)
 (3.7000000000000002,-2.9000000000000004)
 (3.7000000000000002,-2.7000000000000002)
 (3.7000000000000002,-2.5000000000000004)
 (3.7000000000000002,-2.3000000000000003)
 (3.7000000000000002,-2.1000000000000001)
 (3.7000000000000002,-1.9000000000000001)
 (3.7000000000000002,-1.7000000000000002)
 (3.7000000000000002,-1.5000000000000002)
 (3.7000000000000002,-1.3000000000000003)
 (3.7000000000000002,-1.1000000000000001)
 (3.7000000000000002,-0.90000000000000002)
 (3.7000000000000002,-0.70000000000000007)
 (3.7000000000000002,-0.5)
 (3.7000000000000002,-0.30000000000000004)
 (3.7000000000000002,-0.10000000000000001)
 (3.7000000000000002,0.10000000000000001)
 (3.7000000000000002,0.30000000000000004)
 (3.7000000000000002,0.5)
 (3.7000000000000002,0.70000000000000007)
 (3.7000000000000002,0.90000000000000002)
 (3.7000000000000002,1.1000000000000001)
 (3.7000000000000002,1.3000000000000003)
 (3.7000000000000002,1.5000000000000002)
 (3.7000000000000002,1.7000000000000002)
 (3.7000000000000002,1.9000000000000001)
 (3.7000000000000002,2.1000000000000001)
 (3.7000000000000002,2.3000000000000003)
 (3.7000000000000002,2.5000000000000004)
 (3.7000000000000002,2.7000000000000002)
 (3.7000000000000002,2.9000000000000004)
 (3.7000000000000002,3.1000000000000001)
 (3.7000000000000002,3.3000000000000003)
 (3.7000000000000002,3.5000000000000004)
 (3.7000000000000002,3.7000000000000002)
 (3.7000000000000002,3.9000000000000004)
 (3.7000000000000002,4.0999999999999996)
 (3.7000000000000002,4.2999999999999998)
 (3.7000000000000002,4.5)
 (3.7000000000000002,4.7000000000000002)
 (3.7000000000000002,4.9000000000000004)
 (3.7000000000000002,5.0999999999999996)
 (3.7000000000000002,5.2999999999999998)
 (3.7000000000000002,5.5)
 (3.7000000000000002,5.7000000000000002)
 (3.7000000000000002,5.9000000000000004)
 (3.9000000000000004,-5.7000000000000002)
 (3.9000000000000004,-5.5)
 (3.9000000000000004,-5.2999999999999998)
 (3.9000000000000004,-5.0999999999999996)
 (3.9000000000000004,-4.9000000000000004)
 (3.9000000000000004,-4.7000000000000002)
 (3.9000000000000004,-4.5)
 (3.9000000000000004,-4.2999999999999998)
 (3.9000000000000004,-4.0999999999999996)
 (3.9000000000000004,-3.9000000000000004)
 (3.9000000000000004,-3.7000000000000002)
 (3.9000000000000004,-3.5000000000000004)
 (3.9000000000000004,-3.3000000000000003)
 (3.9000000000000004,-3.1000000000000001)
 (3.9000000000000004,-2.9000000000000004)
 (3.9000000000000004,-2.7000000000000002)
 (3.9000000000000004,-2.5000000000000004)
 (3.9000000000000004,-2.3000000000000003)
 (3.9000000000000004,-2.1000000000000001)
 (3.9000000000000004,-1.9000000000000001)
 (3.9000000000000004,-1.7000000000000002)
 (3.9000000000000004,-1.5000000000000002)
 (3.9000000000000004,-1.3000000000000003)
 (3.9000000000000004,-1.1000000000000001)
 (3.9000000000000004,-0.90000000000000002)
 (3.9000000000000004,-0.70000000000000007)
 (3.9000000000000004,-0.5)
 (3.9000000000000004,-0.30000000000000004)
 (3.9000000000000004,-0.10000000000000001)
 (3.9000000000000004,0.10000000000000001)
 (3.9000000000000004,0.30000000000000004)
 (3.9000000000000004,0.5)
 (3.9000000000000004,0.70000000000000007)
 (3.9000000000000004,0.90000000000000002)
 (3.9000000000000004,1.1000000000000001)
 (3.9000000000000004,1.3000000000000003)
 (3.9000000000000004,1.5000000000000002)
 (3.9000000000000004,1.7000000000000002)
 (3.9000000000000004,1.9000000000000001)
 (3.9000000000000004,2.1000000000000001)
 (3.9000000000000004,2.3000000000000003)
 (3.9000000000000004,2.5000000000000004)
 (3.9000000000000004,2.7000000000000002)
 (3.9000000000000004,2.9000000000000004)
 (3.9000000000000004,3.1000000000000001)
 (3.9000000000000004,3.3000000000000003)
 (3.9000000000000004,3.5000000000000004)
 (3.9000000000000004,3.7000000000000002)
 (3.9000000000000004,3.9000000000000004)
 (3.9000000000000004,4.0999999999999996)
 (3.9000000000000004,4.2999999999999998)
 (3.9000000000000004,4.5)
 (3.9000000000000004,4.7000000000000002)
 (3.9000000000000004,4.9000000000000004)
 (3.9000000000000004,5.0999999999999996)
 (3.9000000000000004,5.2999999999999998)
 (3.9000000000000004,5.5)
 (3.9000000000000004,5.7000000000000002)
 (4.0999999999999996,-5.5)
 (4.0999999999999996,-5.2999999999999998)
 (4.0999999999999996,-5.0999999999999996)
 (4.0999999999999996,-4.9000000000000004)
 (4.0999999999999996,-4.7000000000000002)
 (4.0999999999999996,-4.5)
 (4.0999999999999996,-4.2999999999999998)
 (4.0999999999999996,-4.0999999999999996)
 (4.0999999999999996,-3.9000000000000004)
 (4.0999999999999996,-3.7000000000000002)
 (4.0999999999999996,-3.5000000000000004)
 (4.0999999999999996,-3.3000000000000003)
 (4.0999999999999996,-3.1000000000000001)
 (4.0999999999999996,-2.9000000000000004)
 (4.0999999999999996,-2.7000000000000002)
 (4.0999999999999996,-2.5000000000000004)
 (4.0999999999999996,-2.3000000000000003)
 (4.0999999999999996,-2.1000000000000001)
 (4.0999999999999996,-1.9000000000000001)
 (4.0999999999999996,-1.7000000000000002)
 (4.0999999999999996,-1.5000000000000002)
 (4.0999999999999996,-1.3000000000000003)
 (4.0999999999999996,-1.1000000000000001)
 (4.0999999999999996,-0.90000000000000002)
 (4.0999999999999996,-0.70000000000000007)
 (4.0999999999999996,-0.5)
 (4.0999999999999996,-0.30000000000000004)
 (4.0999999999999996,-0.10000000000000001)
 (4.0999999999999996,0.10000000000000001)
 (4.0999999999999996,0.30000000000000004)
 (4.0999999999999996,0.5)
 (4.0999999999999996,0.70000000000000007)
 (4.0999999999999996,0.90000000000000002)
 (4.0999999999999996,1.1000000000000001)
 (4.0999999999999996,1.3000000000000003)
 (4.0999999999999996,1.5000000000000002)
 (4.0999999999999996,1.7000000000000002)
 (4.0999999999999996,1.9000000000000001)
 (4.0999999999999996,2.1000000000000001)
 (4.0999999999999996,2.3000000000000003)
 (4.0999999999999996,2.5000000000000004)
 (4.0999999999999996,2.7000000000000002)
 (4.0999999999999996,2.9000000000000004)
 (4.0999999999999996,3.1000000000000001)
 (4.0999999999999996,3.3000000000000003)
 (4.0999999999999996,3.5000000000000004)
 (4.0999999999999996,3.7000000000000002)
 (4.0999999999999996,3.9000000000000004)
 (4.0999999999999996,4.0999999999999996)
 (4.0999999999999996,4.2999999999999998)
 (4.0999999999999996,4.5)
 (4.0999999999999996,4.7000000000000002)
 (4.0999999999999996,4.9000000000000004)
 (4.0999999999999996,5.0999999999999996)
 (4.0999999999999996,5.2999999999999998)
 (4.0999999999999996,5.5)
 (4.2999999999999998,-5.5)
 (4.2999999999999998,-5.2999999999999998)
 (4.2999999999999998,-5.0999999999999996)
 (4.2999999999999998,-4.9000000000000004)
 (4.2999999999999998,-4.7000000000000002)
 (4.2999999999999998,-4.5)
 (4.2999999999999998,-4.2999999999999998)
 (4.2999999999999998,-4.0999999999999996)
 (4.2999999999999998,-3.9000000000000004)
 (4.2999999999999998,-3.7000000000000002)
 (4.2999999999999998,-3.5000000000000004)
 (4.2999999999999998,-3.3000000000000003)
 (4.2999999999999998,-3.1000000000000001)
 (4.2999999999999998,-2.9000000000000004)
 (4.2999999999999998,-2.7000000000000002)
 (4.2999999999999998,-2.5000000000000004)
 (4.2999999999999998,-2.3000000000000003)
 (4.2999999999999998,-2.1000000000000001)
 (4.2999999999999998,-1.9000000000000001)
 (4.2999999999999998,-1.7000000000000002)
 (4.2999999999999998,-1.5000000000000002)
 (4.2999999999999998,-1.3000000000000003)
 (4.2999999999999998,-1.1000000000000001)
 (4.2999999999999998,-0.90000000000000002)
 (4.2999999999999998,-0.70000000000000007)
 (4.2999999999999998,-0.5)
 (4.2999999999999998,-0.30000000000000004)
 (4.2999999999999998,-0.10000000000000001)
 (4.2999999999999998,0.10000000000000001)
 (4.2999999999999998,0.30000000000000004)
 (4.2999999999999998,0.5)
 (4.2999999999999998,0.70000000000000007)
 (4.2999999999999998,0.90000000000000002)
 (4.2999999999999998,1.1000000000000001)
 (4.2999999999999998,1.3000000000000003)
 (4.2999999999999998,1.5000000000000002)
 (4.2999999999999998,1.7000000000000002)
 (4.2999999999999998,1.9000000000000001)
 (4.2999999999999998,2.1000000000000001)
 (4.2999999999999998,2.3000000000000003)
 (4.2999999999999998,2.5000000000000004)
 (4.2999999999999998,2.7000000000000002)
 (4.2999999999999998,2.9000000000000004)
 (4.2999999999999998,3.1000000000000001)
 (4.2999999999999998,3.3000000000000003)
 (4.2999999999999998,3.5000000000000004)
 (4.2999999999999998,3.7000000000000002)
 (4.2999999999999998,3.9000000000000004)
 (4.2999999999999998,4.0999999999999996)
 (4.2999999999999998,4.2999999999999998)
 (4.2999999999999998,4.5)
 (4.2999999999999998,4.7000000000000002)
 (4.2999999999999998,4.9000000000000004)
 (4.2999999999999998,5.0999999999999996)
 (4.2999999999999998,5.2999999999999998)
 (4.2999999999999998,5.5)
 (4.5,-5.2999999999999998)
 (4.5,-5.0999999999999996)
 (4.5,-4.9000000000000004)
 (4.5,-4.7000000000000002)
 (4.5,-4.5)
 (4.5,-4.2999999999999998)
 (4.5,-4.0999999999999996)
 (4.5,-3.9000000000000004)
 (4.5,-3.7000000000000002)
 (4.5,-3.5000000000000004)
 (4.5,-3.3000000000000003)
 (4.5,-3.1000000000000001)
 (4.5,-2.9000000000000004)
 (4.5,-2.7000000000000002)
 (4.5,-2.5000000000000004)
 (4.5,-2.3000000000000003)
 (4.5,-2.1000000000000001)
 (4.5,-1.9000000000000001)
 (4.5,-1.7000000000000002)
 (4.5,-1.5000000000000002)
 (4.5,-1.3000000000000003)
 (4.5,-1.1000000000000001)
 (4.5,-0.90000000000000002)
 (4.5,-0.70000000000000007)
 (4.5,-0.5)
 (4.5,-0.30000000000000004)
 (4.5,-0.10000000000000001)
 (4.5,0.10000000000000001)
 (4.5,0.30000000000000004)
 (4.5,0.5)
 (4.5,0.70000000000000007)
 (4.5,0.90000000000000002)
 (4.5,1.1000000000000001)
 (4.5,1.3000000000000003)
 (4.5,1.5000000000000002)
 (4.5,1.7000000000000002)
 (4.5,1.9000000000000001)
 (4.5,2.1000000000000001)
 (4.5,2.3000000000000003)
 (4.5,2.5000000000000004)
 (4.5,2.7000000000000002)
 (4.5,2.9000000000000004)
 (4.5,3.1000000000000001)
 (4.5,3.3000000000000003)
 (4.5,3.5000000000000004)
 (4.5,3.7000000000000002)
 (4.5,3.9000000000000004)
 (4.5,4.0999999999999996)
 (4.5,4.2999999999999998)
 (4.5,4.5)
 (4.5,4.7000000000000002)
 (4.5,4.9000000000000004)
 (4.5,5.0999999999999996)
 (4.5,5.2999999999999998)
 (4.7000000000000002,-5.0999999999999996)
 (4.7000000000000002,-4.9000000000000004)
 (4.7000000000000002,-4.7000000000000002)
 (4.7000000000000002,-4.5)
 (4.7000000000000002,-4.2999999999999998)
 (4.7000000000000002,-4.0999999999999996)
 (4.7000000000000002,-3.9000000000000004)
 (4.7000000000000002,-3.7000000000000002)
 (4.7000000000000002,-3.5000000000000004)
 (4.7000000000000002,-3.3000000000000003)
 (4.7000000000000002,-3.1000000000000001)
 (4.7000000000000002,-2.9000000000000004)
 (4.7000000000000002,-2.7000000000000002)
 (4.7000000000000002,-2.5000000000000004)
 (4.7000000000000002,-2.3000000000000003)
 (4.7000000000000002,-2.1000000000000001)
 (4.7000000000000002,-1.9000000000000001)
 (4.7000000000000002,-1.7000000000000002)
 (4.7000000000000002,-1.5000000000000002)
 (4.7000000000000002,-1.3000000000000003)
 (4.7000000000000002,-1.1000000000000001)
 (4.7000000000000002,-0.90000000000000002)
 (4.7000000000000002,-0.70000000000000007)
 (4.7000000000000002,-0.5)
 (4.7000000000000002,-0.30000000000000004)
 (4.7000000000000002,-0.10000000000000001)
 (4.7000000000000002,0.10000000000000001)
 (4.7000000000000002,0.30000000000000004)
 (4.7000000000000002,0.5)
 (4.7000000000000002,0.70000000000000007)
 (4.7000000000000002,0.90000000000000002)
 (4.7000000000000002,1.1000000000000001)
 (4.7000000000000002,1.3000000000000003)
 (4.7000000000000002,1.5000000000000002)
 (4.7000000000000002,1.7000000000000002)
 (4.7000000000000002,1.9000000000000001)
 (4.7000000000000002,2.1000000000000001)
 (4.7000000000000002,2.3000000000000003)
 (4.7000000000000002,2.5000000000000004)
 (4.7000000000000002,2.7000000000000002)
 (4.7000000000000002,2.9000000000000004)
 (4.7000000000000002,3.1000000000000001)
 (4.7000000000000002,3.3000000000000003)
 (4.7000000000000002,3.5000000000000004)
 (4.7000000000000002,3.7000000000000002)
 (4.7000000000000002,3.9000000000000004)
 (4.7000000000000002,4.0999999999999996)
 (4.7000000000000002,4.2999999999999998)
 (4.7000000000000002,4.5)
 (4.7000000000000002,4.7000000000000002)
 (4.7000000000000002,4.9000000000000004)
 (4.7000000000000002,5.0999999999999996)
 (4.9000000000000004,-4.9000000000000004)
 (4.9000000000000004,-4.7000000000000002)
 (4.9000000000000004,-4.5)
 (4.9000000000000004,-4.2999999999999998)
 (4.9000000000000004,-4.0999999999999996)
 (4.9000000000000004,-3.9000000000000004)
 (4.9000000000000004,-3.7000000000000002)
 (4.9000000000000004,-3.5000000000000004)
 (4.9000000000000004,-3.3000000000000003)
 (4.9000000000000004,-3.1000000000000001)
 (4.9000000000000004,-2.9000000000000004)
 (4.9000000000000004,-2.7000000000000002)
 (4.9000000000000004,-2.5000000000000004)
 (4.9000000000000004,-2.3000000000000003)
 (4.9000000000000004,-2.1000000000000001)
 (4.9000000000000004,-1.9000000000000001)
 (4.9000000000000004,-1.7000000000000002)
 (4.9000000000000004,-1.5000000000000002)
 (4.9000000000000004,-1.3000000000000003)
 (4.9000000000000004,-1.1000000000000001)
 (4.9000000000000004,-0.90000000000000002)
 (4.9000000000000004,-0.70000000000000007)
 (4.9000000000000004,-0.5)
 (4.9000000000000004,-0.30000000000000004)
 (4.9000000000000004,-0.10000000000000001)
 (4.9000000000000004,0.10000000000000001)
 (4.9000000000000004,0.30000000000000004)
 (4.9000000000000004,0.5)
 (4.9000000000000004,0.70000000000000007)
 (4.9000000000000004,0.90000000000000002)
 (4.9000000000000004,1.1000000000000001)
 (4.9000000000000004,1.3000000000000003)
 (4.9000000000000004,1.5000000000000002)
 (4.9000000000000004,1.7000000000000002)
 (4.9000000000000004,1.9000000000000001)
 (4.9000000000000004,2.1000000000000001)
 (4.9000000000000004,2.3000000000000003)
 (4.9000000000000004,2.5000000000000004)
 (4.9000000000000004,2.7000000000000002)
 (4.9000000000000004,2.9000000000000004)
 (4.9000000000000004,3.1000000000000001)
 (4.9000000000000004,3.3000000000000003)
 (4.9000000000000004,3.5000000000000004)
 (4.9000000000000004,3.7000000000000002)
 (4.9000000000000004,3.9000000000000004)
 (4.9000000000000004,4.0999999999999996)
 (4.9000000000000004,4.2999999999999998)
 (4.9000000000000004,4.5)
 (4.9000000000000004,4.7000000000000002)
 (4.9000000000000004,4.9000000000000004)
 (5.0999999999999996,-4.7000000000000002)
 (5.0999999999999996,-4.5)
 (5.0999999999999996,-4.2999999999999998)
 (5.0999999999999996,-4.0999999999999996)
 (5.0999999999999996,-3.9000000000000004)
 (5.0999999999999996,-3.7000000000000002)
 (5.0999999999999996,-3.5000000000000004)
 (5.0999999999999996,-3.3000000000000003)
 (5.0999999999999996,-3.1000000000000001)
 (5.0999999999999996,-2.9000000000000004)
 (5.0999999999999996,-2.7000000000000002)
 (5.0999999999999996,-2.5000000000000004)
 (5.0999999999999996,-2.3000000000000003)
 (5.0999999999999996,-2.1000000000000001)
 (5.0999999999999996,-1.9000000000000001)
 (5.0999999999999996,-1.7000000000000002)
 (5.0999999999999996,-1.5000000000000002)
 (5.0999999999999996,-1.3000000000000003)
 (5.0999999999999996,-1.1000000000000001)
 (5.0999999999999996,-0.90000000000000002)
 (5.0999999999999996,-0.70000000000000007)
 (5.0999999999999996,-0.5)
 (5.0999999999999996,-0.30000000000000004)
 (5.0999999999999996,-0.10000000000000001)
 (5.0999999999999996,0.10000000000000001)
 (5.0999999999999996,0.30000000000000004)
 (5.0999999999999996,0.5)
 (5.0999999999999996,0.70000000000000007)
 (5.0999999999999996,0.90000000000000002)
 (5.0999999999999996,1.1000000000000001)
 (5.0999999999999996,1.3000000000000003)
 (5.0999999999999996,1.5000000000000002)
 (5.0999999999999996,1.7000000000000002)
 (5.0999999999999996,1.9000000000000001)
 (5.0999999999999996,2.1000000000000001)
 (5.0999999999999996,2.3000000000000003)
 (5.0999999999999996,2.5000000000000004)
 (5.0999999999999996,2.7000000000000002)
 (5.0999999999999996,2.9000000000000004)
 (5.0999999999999996,3.1000000000000001)
 (5.0999999999999996,3.3000000000000003)
 (5.0999999999999996,3.5000000000000004)
 (5.0999999999999996,3.7000000000000002)
 (5.0999999999999996,3.9000000000000004)
 (5.0999999999999996,4.0999999999999996)
 (5.0999999999999996,4.2999999999999998)
 (5.0999999999999996,4.5)
 (5.0999999999999996,4.7000000000000002)
 (5.2999999999999998,-4.5)
 (5.2999999999999998,-4.2999999999999998)
 (5.2999999999999998,-4.0999999999999996)
 (5.2999999999999998,-3.9000000000000004)
 (5.2999999999999998,-3.7000000000000002)
 (5.2999999999999998,-3.5000000000000004)
 (5.2999999999999998,-3.3000000000000003)
 (5.2999999999999998,-3.1000000000000001)
 (5.2999999999999998,-2.9000000000000004)
 (5.2999999999999998,-2.7000000000000002)
 (5.2999999999999998,-2.5000000000000004)
 (5.2999999999999998,-2.3000000000000003)
 (5.2999999999999998,-2.1000000000000001)
 (5.2999999999999998,-1.9000000000000001)
 (5.2999999999999998,-1.7000000000000002)
 (5.2999999999999998,-1.5000000000000002)
 (5.2999999999999998,-1.3000000000000003)
 (5.2999999999999998,-1.1000000000000001)
 (5.2999999999999998,-0.90000000000000002)
 (5.2999999999999998,-0.70000000000000007)
 (5.2999999999999998,-0.5)
 (5.2999999999999998,-0.30000000000000004)
 (5.2999999999999998,-0.10000000000000001)
 (5.2999999999999998,0.10000000000000001)
 (5.2999999999999998,0.30000000000000004)
 (5.2999999999999998,0.5)
 (5.2999999999999998,0.70000000000000007)
 (5.2999999999999998,0.90000000000000002)
 (5.2999999999999998,1.1000000000000001)
 (5.2999999999999998,1.3000000000000003)
 (5.2999999999999998,1.5000000000000002)
 (5.2999999999999998,1.7000000000000002)
 (5.2999999999999998,1.9000000000000001)
 (5.2999999999999998,2.1000000000000001)
 (5.2999999999999998,2.3000000000000003)
 (5.2999999999999998,2.5000000000000004)
 (5.2999999999999998,2.7000000000000002)
 (5.2999999999999998,2.9000000000000004)
 (5.2999999999999998,3.1000000000000001)
 (5.2999999999999998,3.3000000000000003)
 (5.2999999999999998,3.5000000000000004)
 (5.2999999999999998,3.7000000000000002)
 (5.2999999999999998,3.9000000000000004)
 (5.2999999999999998,4.0999999999999996)
 (5.2999999999999998,4.2999999999999998)
 (5.2999999999999998,4.5)
 (5.5,-4.2999999999999998)
 (5.5,-4.0999999999999996)
 (5.5,-3.9000000000000004)
 (5.5,-3.7000000000000002)
 (5.5,-3.5000000000000004)
 (5.5,-3.3000000000000003)
 (5.5,-3.1000000000000001)
 (5.5,-2.9000000000000004)
 (5.5,-2.7000000000000002)
 (5.5,-2.5000000000000004)
 (5.5,-2.3000000000000003)
 (5.5,-2.1000000000000001)
 (5.5,-1.9000000000000001)
 (5.5,-1.7000000000000002)
 (5.5,-1.5000000000000002)
 (5.5,-1.3000000000000003)
 (5.5,-1.1000000000000001)
 (5.5,-0.90000000000000002)
 (5.5,-0.70000000000000007)
 (5.5,-0.5)
 (5.5,-0.30000000000000004)
 (5.5,-0.10000000000000001)
 (5.5,0.10000000000000001)
 (5.5,0.30000000000000004)
 (5.5,0.5)
 (5.5,0.70000000000000007)
 (5.5,0.90000000000000002)
 (5.5,1.1000000000000001)
 (5.5,1.3000000000000003)
 (5.5,1.5000000000000002)
 (5.5,1.7000000000000002)
 (5.5,1.9000000000000001)
 (5.5,2.1000000000000001)
 (5.5,2.3000000000000003)
 (5.5,2.5000000000000004)
 (5.5,2.7000000000000002)
 (5.5,2.9000000000000004)
 (5.5,3.1000000000000001)
 (5.5,3.3000000000000003)
 (5.5,3.5000000000000004)
 (5.5,3.7000000000000002)
 (5.5,3.9000000000000004)
 (5.5,4.0999999999999996)
 (5.5,4.2999999999999998)
 (5.7000000000000002,-3.9000000000000004)
 (5.7000000000000002,-3.7000000000000002)
 (5.7000000000000002,-3.5000000000000004)
 (5.7000000000000002,-3.3000000000000003)
 (5.7000000000000002,-3.1000000000000001)
 (5.7000000000000002,-2.9000000000000004)
 (5.7000000000000002,-2.7000000000000002)
 (5.7000000000000002,-2.5000000000000004)
 (5.7000000000000002,-2.3000000000000003)
 (5.7000000000000002,-2.1000000000000001)
 (5.7000000000000002,-1.9000000000000001)
 (5.7000000000000002,-1.7000000000000002)
 (5.7000000000000002,-1.5000000000000002)
 (5.7000000000000002,-1.3000000000000003)
 (5.7000000000000002,-1.1000000000000001)
 (5.7000000000000002,-0.90000000000000002)
 (5.7000000000000002,-0.70000000000000007)
 (5.7000000000000002,-0.5)
 (5.7000000000000002,-0.30000000000000004)
 (5.7000000000000002,-0.10000000000000001)
 (5.7000000000000002,0.10000000000000001)
 (5.7000000000000002,0.30000000000000004)
 (5.7000000000000002,0.5)
 (5.7000000000000002,0.70000000000000007)
 (5.7000000000000002,0.90000000000000002)
 (5.7000000000000002,1.1000000000000001)
 (5.7000000000000002,1.3000000000000003)
 (5.7000000000000002,1.5000000000000002)
 (5.7000000000000002,1.7000000000000002)
 (5.7000000000000002,1.9000000000000001)
 (5.7000000000000002,2.1000000000000001)
 (5.7000000000000002,2.3000000000000003)
 (5.7000000000000002,2.5000000000000004)
 (5.7000000000000002,2.7000000000000002)
 (5.7000000000000002,2.9000000000000004)
 (5.7000000000000002,3.1000000000000001)
 (5.7000000000000002,3.3000000000000003)
 (5.7000000000000002,3.5000000000000004)
 (5.7000000000000002,3.7000000000000002)
 (5.7000000000000002,3.9000000000000004)
 (5.9000000000000004,-3.7000000000000002)
 (5.9000000000000004,-3.5000000000000004)
 (5.9000000000000004,-3.3000000000000003)
 (5.9000000000000004,-3.1000000000000001)
 (5.9000000000000004,-2.9000000000000004)
 (5.9000000000000004,-2.7000000000000002)
 (5.9000000000000004,-2.5000000000000004)
 (5.9000000000000004,-2.3000000000000003)
 (5.9000000000000004,-2.1000000000000001)
 (5.9000000000000004,-1.9000000000000001)
 (5.9000000000000004,-1.7000000000000002)
 (5.9000000000000004,-1.5000000000000002)
 (5.9000000000000004,-1.3000000000000003)
 (5.9000000000000004,-1.1000000000000001)
 (5.9000000000000004,-0.90000000000000002)
 (5.9000000000000004,-0.70000000000000007)
 (5.9000000000000004,-0.5)
 (5.9000000000000004,-0.30000000000000004)
 (5.9000000000000004,-0.10000000000000001)
 (5.9000000000000004,0.10000000000000001)
 (5.9000000000000004,0.30000000000000004)
 (5.9000000000000004,0.5)
 (5.9000000000000004,0.70000000000000007)
 (5.9000000000000004,0.90000000000000002)
 (5.9000000000000004,1.1000000000000001)
 (5.9000000000000004,1.3000000000000003)
 (5.9000000000000004,1.5000000000000002)
 (5.9000000000000004,1.7000000000000002)
 (5.9000000000000004,1.9000000000000001)
 (5.9000000000000004,2.1000000000000001)
 (5.9000000000000004,2.3000000000000003)
 (5.9000000000000004,2.5000000000000004)
 (5.9000000000000004,2.7000000000000002)
 (5.9000000000000004,2.9000000000000004)
 (5.9000000000000004,3.1000000000000001)
 (5.9000000000000004,3.3000000000000003)
 (5.9000000000000004,3.5000000000000004)
 (5.9000000000000004,3.7000000000000002)
 (6.0999999999999996,-3.3000000000000003)
 (6.0999999999999996,-3.1000000000000001)
 (6.0999999999999996,-2.9000000000000004)
 (6.0999999999999996,-2.7000000000000002)
 (6.0999999999999996,-2.5000000000000004)
 (6.0999999999999996,-2.3000000000000003)
 (6.0999999999999996,-2.1000000000000001)
 (6.0999999999999996,-1.9000000000000001)
 (6.0999999999999996,-1.7000000000000002)
 (6.0999999999999996,-1.5000000000000002)
 (6.0999999999999996,-1.3000000000000003)
 (6.0999999999999996,-1.1000000000000001)
 (6.0999999999999996,-0.90000000000000002)
 (6.0999999999999996,-0.70000000000000007)
 (6.0999999999999996,-0.5)
 (6.0999999999999996,-0.30000000000000004)
 (6.0999999999999996,-0.10000000000000001)
 (6.0999999999999996,0.10000000000000001)
 (6.0999999999999996,0.30000000000000004)
 (6.0999999999999996,0.5)
 (6.0999999999999996,0.70000000000000007)
 (6.0999999999999996,0.90000000000000002)
 (6.0999999999999996,1.1000000000000001)
 (6.0999999999999996,1.3000000000000003)
 (6.0999999999999996,1.5000000000000002)
 (6.0999999999999996,1.7000000000000002)
 (6.0999999999999996,1.9000000000000001)
 (6.0999999999999996,2.1000000000000001)
 (6.0999999999999996,2.3000000000000003)
 (6.0999999999999996,2.5000000000000004)
 (6.0999999999999996,2.7000000000000002)
 (6.0999999999999996,2.9000000000000004)
 (6.0999999999999996,3.1000000000000001)
 (6.0999999999999996,3.3000000000000003)
 (6.2999999999999998,-2.9000000000000004)
 (6.2999999999999998,-2.7000000000000002)
 (6.2999999999999998,-2.5000000000000004)
 (6.2999999999999998,-2.3000000000000003)
 (6.2999999999999998,-2.1000000000000001)
 (6.2999999999999998,-1.9000000000000001)
 (6.2999999999999998,-1.7000000000000002)
 (6.2999999999999998,-1.5000000000000002)
 (6.2999999999999998,-1.3000000000000003)
 (6.2999999999999998,-1.1000000000000001)
 (6.2999999999999998,-0.90000000000000002)
 (6.2999999999999998,-0.70000000000000007)
 (6.2999999999999998,-0.5)
 (6.2999999999999998,-0.30000000000000004)
 (6.2999999999999998,-0.10000000000000001)
 (6.2999999999999998,0.10000000000000001)
 (6.2999999999999998,0.30000000000000004)
 (6.2999999999999998,0.5)
 (6.2999999999999998,0.70000000000000007)
 (6.2999999999999998,0.90000000000000002)
 (6.2999999999999998,1.1000000000000001)
 (6.2999999999999998,1.3000000000000003)
 (6.2999999999999998,1.5000000000000002)
 (6.2999999999999998,1.7000000000000002)
 (6.2999999999999998,1.9000000000000001)
 (6.2999999999999998,2.1000000000000001)
 (6.2999999999999998,2.3000000000000003)
 (6.2999999999999998,2.5000000000000004)
 (6.2999999999999998,2.7000000000000002)
 (6.2999999999999998,2.9000000000000004)
 (6.5,-2.5000000000000004)
 (6.5,-2.3000000000000003)
 (6.5,-2.1000000000000001)
 (6.5,-1.9000000000000001)
 (6.5,-1.7000000000000002)
 (6.5,-1.5000000000000002)
 (6.5,-1.3000000000000003)
 (6.5,-1.1000000000000001)
 (6.5,-0.90000000000000002)
 (6.5,-0.70000000000000007)
 (6.5,-0.5)
 (6.5,-0.30000000000000004)
 (6.5,-0.10000000000000001)
 (6.5,0.10000000000000001)
 (6.5,0.30000000000000004)
 (6.5,0.5)
 (6.5,0.70000000000000007)
 (6.5,0.90000000000000002)
 (6.5,1.1000000000000001)
 (6.5,1.3000000000000003)
 (6.5,1.5000000000000002)
 (6.5,1.7000000000000002)
 (6.5,1.9000000000000001)
 (6.5,2.1000000000000001)
 (6.5,2.3000000000000003)
 (6.5,2.5000000000000004)
 (6.7000000000000002,-1.9000000000000001)
 (6.7000000000000002,-1.7000000000000002)
 (6.7000000000000002,-1.5000000000000002)
 (6.7000000000000002,-1.3000000000000003)
 (6.7000000000000002,-1.1000000000000001)
 (6.7000000000000002,-0.90000000000000002)
 (6.7000000000000002,-0.70000000000000007)
 (6.7000000000000002,-0.5)
 (6.7000000000000002,-0.30000000000000004)
 (6.7000000000000002,-0.10000000000000001)
 (6.7000000000000002,0.10000000000000001)
 (6.7000000000000002,0.30000000000000004)
 (6.7000000000000002,0.5)
 (6.7000000000000002,0.70000000000000007)
 (6.7000000000000002,0.90000000000000002)
 (6.7000000000000002,1.1000000000000001)
 (6.7000000000000002,1.3000000000000003)
 (6.7000000000000002,1.5000000000000002)
 (6.7000000000000002,1.7000000000000002)
 (6.7000000000000002,1.9000000000000001)
 (6.9000000000000004,-1.1000000000000001)
 (6.9000000000000004,-0.90000000000000002)
 (6.9000000000000004,-0.70000000000000007)
 (6.9000000000000004,-0.5)
 (6.9000000000000004,-0.30000000000000004)
 (6.9000000000000004,-0.10000000000000001)
 (6.9000000000000004,0.10000000000000001)
 (6.9000000000000004,0.30000000000000004)
 (6.9000000000000004,0.5)
 (6.9000000000000004,0.70000000000000007)
 (6.9000000000000004,0.90000000000000002)
 (6.9000000000000004,1.1000000000000001)


# name: tt
# type: matrix
# rows: 1
# columns: 72
 -7.0999999999999996 -6.9000000000000004 -6.7000000000000002 -6.5 -6.2999999999999998 -6.0999999999999996 -5.9000000000000004 -5.7000000000000002 -5.5 -5.2999999999999998 -5.0999999999999996 -4.9000000000000004 -4.7000000000000002 -4.5 -4.2999999999999998 -4.0999999999999996 -3.9000000000000004 -3.7000000000000002 -3.5000000000000004 -3.3000000000000003 -3.1000000000000001 -2.9000000000000004 -2.7000000000000002 -2.5000000000000004 -2.3000000000000003 -2.1000000000000001 -1.9000000000000001 -1.7000000000000002 -1.5000000000000002 -1.3000000000000003 -1.1000000000000001 -0.90000000000000002 -0.70000000000000007 -0.5 -0.30000000000000004 -0.10000000000000001 0.10000000000000001 0.30000000000000004 0.5 0.70000000000000007 0.90000000000000002 1.1000000000000001 1.3000000000000003 1.5000000000000002 1.7000000000000002 1.9000000000000001 2.1000000000000001 2.3000000000000003 2.5000000000000004 2.7000000000000002 2.9000000000000004 3.1000000000000001 3.3000000000000003 3.5000000000000004 3.7000000000000002 3.9000000000000004 4.0999999999999996 4.2999999999999998 4.5 4.7000000000000002 4.9000000000000004 5.0999999999999996 5.2999999999999998 5.5 5.7000000000000002 5.9000000000000004 6.0999999999999996 6.2999999999999998 6.5 6.7000000000000002 6.9000000000000004 7.0999999999999996


# name: tMAX
# type: scalar
7


