# Created by Octave 6.4.0, Fri Sep 19 11:14:16 2025 -03 <feliperiffel@feliperiffel-Asus-X1504ZA>
# name: tBIE
# type: complex matrix
# rows: 3852
# columns: 1
 (12.992248014756299,90.556404023217425)
 (6.738206661119321,108.2051509018644)
 (-7.0726010187199932,152.01465483032121)
 (-58.457788643487966,294.38788955272327)
 (-3136.0992178080514,7547.4483688480723)
 (275.93374408869414,-379.61164410484264)
 (277.66454795722382,-235.83998560119392)
 (447.74507467040974,-240.93535600790455)
 (1413.7137538610743,-464.84595962811807)
 (-3146.9239237721226,527.27417781802308)
 (-2253.0568952661092,59.823408981805805)
 (1759.0970156894275,189.92956690446488)
 (46.751967932740044,147.39771462310264)
 (24.083873194376764,83.990847116175715)
 (16.793785365441572,66.737277372788398)
 (13.006362258966249,61.42169034417303)
 (10.087498356390739,61.744192728299424)
 (6.4992714411871901,66.155509307931766)
 (0.065833867023329162,74.761694867956948)
 (-13.883904749843651,88.281244498017372)
 (-45.071314976764235,104.97642884705868)
 (-100.85514763217645,110.07778390481086)
 (-147.95642064628746,80.975324425738407)
 (-149.60411387515776,39.96863673198385)
 (-133.38104547483331,13.534232322306455)
 (-122.22988416871969,-1.8713219700495181)
 (-122.0707503269397,-13.873503984848632)
 (-138.90654138071622,-28.615533412141399)
 (-199.39952780717528,-58.695851574076819)
 (-602.49196868700903,-225.85346584839991)
 (398.63762573550275,176.3320695451244)
 (147.32663178472234,72.92581297238398)
 (-14.891771098258985,-58.738898886662085)
 (-41.35068050506672,-144.48389208471156)
 (153.45835588528757,524.25836740206273)
 (30.937711494349529,109.81013087975701)
 (18.348580202673446,70.152110338180762)
 (13.716387944380173,57.594094631325703)
 (11.36517940034318,53.128493086131364)
 (9.7753395771698308,52.171303722954576)
 (8.0459557532725086,52.832826863454571)
 (5.0132311855973626,53.647302064554232)
 (-1.4195645198288247,52.397555908034221)
 (-14.2982375726599,45.308498282855467)
 (-33.910724290235983,29.517217153103601)
 (-52.142109656457848,10.278873410459052)
 (-61.210251083448441,-3.3353863266040271)
 (-63.281391787842352,-10.354584800748809)
 (-63.265830462453884,-14.29626292020806)
 (-64.189199255379918,-17.774014209621996)
 (-68.193511022718866,-22.222967762606096)
 (-78.661718463567155,-29.027311130991404)
 (-104.7735258509523,-41.465718686484813)
 (-184.81274283023672,-73.358670025054238)
 (-863.94569169969952,-323.45219237558132)
 (459.02127928377786,157.39579859353739)
 (242.62624614192126,77.118145518110239)
 (199.40864764820861,60.2706030707295)
 (2.6531750582133071,-20.860168524957242)
 (-2.9992574735171189,-34.686070479426029)
 (-11.571511797287016,-59.73967092681076)
 (-38.029739566389622,-153.76572710901266)
 (104.96158706961349,396.93400790466188)
 (26.513324868616444,102.67441787932528)
 (16.461864267329332,68.095516266989762)
 (12.874393639699719,57.182627805731229)
 (11.44661115270857,53.411312073594232)
 (11.085883735765975,52.343045147711869)
 (11.249436671655829,51.630595392122729)
 (11.221713943385765,48.919905385522434)
 (9.4787048710485919,41.167335485413922)
 (3.4660471722006889,25.903012060176032)
 (-8.1575510777903304,5.7909913724929645)
 (-21.929926345970458,-10.586312814042667)
 (-32.735856913742893,-18.588974944363784)
 (-39.171361723324821,-20.871945519956441)
 (-42.475656021450476,-21.203155004377699)
 (-44.198875993779588,-21.525297151154845)
 (-45.670845662699563,-22.393766480372413)
 (-48.332168283135502,-23.742293713792769)
 (-54.399072194567424,-25.266089531034837)
 (-68.043065294786373,-26.495893625682296)
 (-97.179888752410136,-26.627573923281634)
 (-152.30538487767956,-24.329435417141738)
 (-228.58095927947232,-19.043289733044261)
 (-293.70786144437392,-13.910549871705271)
 (-363.18977291247688,-11.782142653498049)
 (-656.99065722650755,-11.249668942377781)
 (15.86699129155015,3.0045592482263812)
 (10.758842859783016,-9.1390217944843037)
 (5.2967785393382769,-20.009789482278183)
 (-0.71040316261056091,-32.24021031301578)
 (-8.9300081277448413,-53.503516838235036)
 (-29.805474248451418,-124.41016014384363)
 (203.45073678046302,776.65912125188856)
 (29.985927511561655,118.63366907407848)
 (17.986048556163254,77.585931101118362)
 (14.339048696895205,66.721164334052901)
 (13.650036674308865,64.408373834636066)
 (14.948940812141387,65.026979345665609)
 (18.044399633777658,64.935306689089359)
 (22.397437719451275,59.706553062448947)
 (25.75912675160707,44.554499111557746)
 (23.751600068251733,19.447301796632928)
 (13.729923315082203,-6.3820637108538367)
 (-1.138775324026156,-22.952875972653615)
 (-15.437096985387967,-29.346166489962538)
 (-26.076943195702484,-29.99696573404961)
 (-32.446356995099393,-28.726109588199101)
 (-35.163848147366707,-27.290118754188512)
 (-35.312765843888982,-25.987585006225693)
 (-34.151635649737663,-24.350267569568153)
 (-33.122658995536213,-21.504001842653626)
 (-34.0332938325244,-16.357476429274818)
 (-39.005514265903834,-8.1032543309844698)
 (-49.186184707189334,2.4060297994921553)
 (-62.509189789818464,11.76916210909134)
 (-75.315807018723703,17.051242814790911)
 (-88.015074795328658,19.202245406199026)
 (-107.86512947367143,21.645148451960527)
 (-158.62870109472345,30.067676384475543)
 (-456.25187621706664,84.844787902846676)
 (35.787137575354834,44.183692836275441)
 (27.919330581372861,21.850517780883596)
 (20.602394617591543,5.2133299487933602)
 (13.658573163991292,-7.1073939773576242)
 (7.082767547586343,-16.791662403926221)
 (0.51943919714381082,-26.475849770363702)
 (-7.3448968254594718,-41.468338118197735)
 (-21.890877596519275,-80.58247839006826)
 (-120.1626158449648,-409.83403384185885)
 (57.95965267995598,214.73756445341436)
 (27.565462277075355,118.30227185912143)
 (21.456123619551619,104.21644818300128)
 (22.023831838502275,109.16989560542761)
 (28.268454076413605,122.99494944671606)
 (41.558705111800464,136.51782784773448)
 (59.755215918713276,129.81280529801009)
 (69.782868571199259,85.800337428987206)
 (61.026664076058097,27.91835465936208)
 (40.937899634293387,-12.372037284188183)
 (18.711423017441589,-32.650781298601089)
 (-1.8717812327771099,-40.871789817106574)
 (-18.592620344232927,-42.87073053364778)
 (-29.366836633689672,-41.747993765405823)
 (-33.325062692436532,-38.995531459202525)
 (-31.514849477128891,-35.129699669847348)
 (-26.182108738168509,-30.033743901342479)
 (-19.79032235777774,-23.251302218758198)
 (-14.700198382733198,-14.372730638501841)
 (-13.126584506213348,-3.6829196153185162)
 (-16.451526175475834,7.1729682739561422)
 (-24.019754989973279,15.696677597281854)
 (-33.510148128018585,20.571069492559115)
 (-43.375560290185476,22.70752361040131)
 (-54.640437604529275,24.157959997495411)
 (-72.013841896021205,27.195445649261096)
 (-110.85481795931091,35.791310784521201)
 (-276.24779288282593,73.539788191382982)
 (547.39252839357096,-107.69424703029998)
 (122.70013230823821,195.4365033537936)
 (63.136185569477902,77.819781214738512)
 (40.027486763332448,34.003886949640034)
 (26.17248518298311,11.186792027393823)
 (16.165620774310668,-2.1245882235739568)
 (8.140457209973647,-10.715688746091526)
 (1.0174407133253567,-17.755889967063894)
 (-6.3449385753667542,-26.722299296412338)
 (-16.10968286539422,-44.607427221502768)
 (-35.356853062720205,-96.271773164840738)
 (-118.60559717640007,-384.68322145008545)
 (262.32705880693368,1103.8877650368011)
 (135.08551507930088,719.39036963344165)
 (568.06205251415895,3308.2671944770486)
 (-153.55190372091965,-784.82310555264053)
 (-104.14549510018827,-384.86225239665384)
 (-141.26113973609648,-331.47365332459049)
 (-550.01716496473534,-728.43987752653356)
 (225.94242121006016,128.54294516457571)
 (84.067521166834467,-7.4319742509764595)
 (39.711451778598246,-41.190120146603689)
 (8.7163507143480103,-59.86856581957327)
 (-19.5412136590584,-73.381092880647799)
 (-40.573318984764398,-79.317136587741203)
 (-45.91336009808721,-74.131781213547526)
 (-36.921035387872237,-60.914593155929822)
 (-22.588251760733286,-45.484402991312152)
 (-9.5510800469767787,-30.678545444785748)
 (-0.66786516240168226,-16.925008507674793)
 (2.9086794343023996,-4.2781391154780728)
 (0.96252505681798084,6.6539384036643519)
 (-5.4771811650683091,14.925487494896197)
 (-14.314668372795921,20.129637310794358)
 (-23.654650363027542,22.891928804176551)
 (-33.03031942344748,24.467577042229433)
 (-43.852515389626483,26.133094803756414)
 (-60.232387363119962,29.083315524188869)
 (-94.286141817656002,35.180212415844039)
 (-209.13868105075392,52.042099548235612)
 (3144.14096132229,-317.54404539307234)
 (-39.822279151548436,-86.116436275498501)
 (-67.19605670236804,-131.55100933369695)
 (-198.14454884033916,-331.70067204974265)
 (207.47271226182534,281.30823568854919)
 (62.883669898571625,64.993327764455373)
 (32.654692500721126,23.315425510708053)
 (18.13340903770338,6.5972779602759726)
 (8.6926759795761654,-1.8365934215452193)
 (1.3661408816517309,-7.130817051434061)
 (-5.1294008326177192,-12.196316830235574)
 (-11.511732464821065,-20.135774163046101)
 (-17.890278673717553,-35.714871175642827)
 (-22.582547297000076,-63.996047174105499)
 (-21.534719053266734,-97.341196609971547)
 (-15.344226499561717,-111.4256555773122)
 (-10.846830206281254,-105.24124490984264)
 (-10.706866995790513,-95.148013503645217)
 (-14.871248237668919,-89.305628576878476)
 (-25.161893994966906,-90.997579444709089)
 (-51.860578773302151,-108.26935445906481)
 (-210.361491922695,-229.96266635727295)
 (155.32242779335797,46.444427043426259)
 (52.344386119227181,-45.251161114830623)
 (4.6903809321768364,-115.60433737511154)
 (-100.17827348596475,-308.89085435059798)
 (-562.56500764002431,-1140.3528824263822)
 (-404.684012516954,-762.64537343969596)
 (-102.4277554367882,-223.38228565791817)
 (-27.571872614472596,-94.762627416799404)
 (-1.0873340115807224,-47.548532426374862)
 (9.8082323794426713,-23.328266614431808)
 (12.946561374602311,-7.6841732369057247)
 (10.71621823952762,3.7884288652918174)
 (4.4886266505682926,12.360976738263826)
 (-4.0870376914784288,18.353180259832406)
 (-13.258616951218201,22.133309143477334)
 (-21.988596325811514,24.385402017598004)
 (-30.455995858845824,25.872380120987323)
 (-40.122416679839603,27.106875684859951)
 (-54.140595062604774,28.030369669485861)
 (-79.544554291289558,27.099837652263883)
 (-135.20389461680054,16.966384701607467)
 (-272.12370308759142,-36.246003891831137)
 (-443.07088121717356,-189.96597796771593)
 (-18.344579481672511,-44.796649620931731)
 (-23.150861709052691,-54.664915357053118)
 (-32.524144702410432,-70.486319553379161)
 (-55.465100483969657,-105.38064782210947)
 (-193.62863141576867,-311.53058809857777)
 (115.19306247098012,153.91932746835849)
 (38.753994097381202,43.106256101370349)
 (19.123310206505337,18.463799539660542)
 (8.9647467743284039,8.6148401151619325)
 (2.0678913841008608,3.6623438934019825)
 (-3.2108859320082246,0.14467061559810368)
 (-7.1857374556402789,-4.2888108546153028)
 (-9.3206859268453215,-11.987372305833428)
 (-8.5852888734281265,-24.281752065258022)
 (-5.0192450506546322,-38.516500012741673)
 (-0.93889476007066719,-49.217026891153097)
 (1.4111260521330351,-54.775882710273727)
 (1.6257678890607892,-57.88754163089046)
 (-0.020670519888490446,-61.931044089321027)
 (-3.8388290250524264,-70.71274459737667)
 (-12.286069748511892,-93.503206345689676)
 (-44.93980909115043,-196.49149253734126)
 (59.589619085797544,176.18941506627809)
 (-9.1568593202479676,-18.865113082587538)
 (-560.23730908853793,-1005.0735252252846)
 (93.889915724645334,153.21153621582334)
 (64.861776304296754,105.63302733212522)
 (61.808488933916365,111.93597952599907)
 (81.214090732182399,191.02523212955691)
 (-150.28104133194574,-652.40630690942089)
 (3.8489033865016467,-82.354526878906739)
 (15.219709529566842,-32.671383426795046)
 (16.986603408434839,-12.541913737196374)
 (14.439294251890395,-0.11333476639753215)
 (8.6118389650249441,9.1559837731943574)
 (0.4631588879010593,16.330645597946617)
 (-8.5354034712445781,21.555355763551226)
 (-16.977703893399109,24.983393726958568)
 (-24.279901313848065,26.972109201444255)
 (-30.826612607139026,27.790761439806381)
 (-37.63350589672033,27.128484969572778)
 (-45.89895971305738,23.366040497309942)
 (-55.999395516492513,12.509947256961123)
 (-64.374823494986941,-10.686522215103414)
 (-61.719746502271704,-41.291799241670816)
 (-46.758114602921097,-59.43340209834097)
 (-11.222215673615466,-32.303181521484582)
 (-12.558194852085904,-36.553680985108926)
 (-15.227599769645778,-42.845813924768663)
 (-20.372227321028632,-52.960867808418357)
 (-31.627889146956861,-73.204288330568644)
 (-70.71604669875066,-142.76907745661831)
 (264.347453878647,467.69160259120298)
 (41.025580299330613,66.325005317133161)
 (18.699357105477922,30.537543094820698)
 (9.1037855155589398,18.360700635558779)
 (3.258444430854766,12.805707236346583)
 (-0.6458138866981713,9.4295359757595687)
 (-2.856999409515268,5.8815153571949645)
 (-3.0185212161478532,0.20157054768664295)
 (-0.8172606601595831,-8.8771737649761349)
 (3.0889817154594965,-20.52087051783689)
 (7.0182687345440229,-31.94225687202157)
 (9.7621784212544682,-41.404247191028269)
 (11.430304068742082,-49.912327900855352)
 (13.010662336121399,-60.716531473742528)
 (16.628687169235796,-81.244330265035131)
 (32.122749541359283,-145.27985437847053)
 (-798.89391306985101,2529.2912666956604)
 (-62.213784936604128,88.720470940256206)
 (-85.475146687561733,14.975308973703289)
 (-3674.2917889716464,-1907.5048491902774)
 (93.201609916823827,85.235902083833224)
 (52.964139432393566,64.131979474434189)
 (42.613809417046028,65.937424701861659)
 (42.588713981478364,90.086743040464484)
 (75.477386124420548,274.13593692305056)
 (-4.3537514431333193,-133.82262147004417)
 (11.865702911284771,-40.853161720252572)
 (13.95618684478044,-17.020182098285598)
 (12.234513758119576,-3.9867368823671732)
 (7.500715446323639,6.0535208174435446)
 (0.11991425102660003,14.841928775280277)
 (-8.7022159998423945,22.269638047129341)
 (-17.112819603670999,27.747462690984829)
 (-23.703511117369914,31.017196953705728)
 (-28.124572561668785,32.146177939003167)
 (-30.656741220661928,30.897381252029778)
 (-31.416632462554404,26.067072243784661)
 (-29.807559561277017,15.475479086178158)
 (-24.868813843199973,-1.7212156832775998)
 (-17.238152521541167,-20.618920445565017)
 (-9.8643448530482232,-33.201532122273925)
 (-4.8121737631319377,-37.408780850375173)
 (-7.2919767064713312,-27.837612088004668)
 (-7.3746310446052092,-29.289875204090887)
 (-8.1259832565122849,-32.248161192469261)
 (-9.8360120287630366,-37.240690847951747)
 (-13.266168326787749,-45.826677237282688)
 (-20.735016650795572,-63.239840925139504)
 (-44.380931789173005,-118.16376327031875)
 (565.9969276133811,1339.5570667114748)
 (36.951089906006317,82.137245370730128)
 (17.018008607134568,39.267848826197906)
 (9.1620272876019655,25.514940973771569)
 (4.718878692163031,19.332247086095784)
 (2.1682379708583071,15.735024012441178)
 (1.3554778347425298,12.395214301802913)
 (2.5384991297199662,7.5262504384655546)
 (5.8512227086775326,-0.29045764877829949)
 (10.750891144532602,-11.368991912280903)
 (16.086227681185328,-24.556563077074657)
 (21.235156879609697,-38.797560428120256)
 (27.337945118659185,-55.764919085507643)
 (39.253124538601064,-84.218680383666879)
 (84.687597182204954,-175.85044781733487)
 (-349.69386950561977,620.72826891834166)
 (-71.589476823368443,91.20087174007412)
 (-56.547340767157827,39.675223370051697)
 (-71.425364334306607,12.842849352773005)
 (-178.19662761341738,-44.528089962066744)
 (222.77974887093515,135.44560692126575)
 (72.167218987680613,67.697008798359519)
 (49.313204448901757,63.798734249577691)
 (47.567607766224668,83.814178972596324)
 (95.500333341011981,245.67889377736887)
 (-26.742099902191541,-128.72932793503713)
 (-0.30125997830186435,-40.603993835948387)
 (4.368925429830476,-18.806590619477529)
 (4.3337155177953122,-6.6904297240365285)
 (0.94072669014357757,3.7323192216438126)
 (-5.8676462934298428,14.762884901603037)
 (-15.272625893124172,26.269938090420329)
 (-24.6935452985404,36.326519895170151)
 (-31.112466901912171,42.849749080888586)
 (-33.137576063372222,45.086420097493288)
 (-30.952682801535445,43.037309104042592)
 (-25.084630873729154,36.219193799879804)
 (-16.222379189939758,23.947132736228745)
 (-6.2157950627197351,7.6389689929745694)
 (1.9697608741275729,-7.9494631403344727)
 (6.6004055796183252,-18.416382148313176)
 (8.2634286825474277,-23.224411606080366)
 (8.3824640231216563,-24.221167211275667)
 (-4.3277886092586897,-27.910702856175519)
 (-3.7100295663812801,-26.738539234666213)
 (-3.6045245119281049,-27.241631694870577)
 (-4.0233946440069843,-29.463332652978288)
 (-5.1714500123925689,-33.932153545583112)
 (-7.628454918003257,-42.270391579253101)
 (-13.181859682978512,-59.960275241808539)
 (-31.352243029842541,-117.67355309355581)
 (314.32291157675741,1009.9627811453558)
 (29.142626363714086,85.648395703702349)
 (14.829090185616224,43.647592396009784)
 (9.1609951137166377,29.803760728797553)
 (6.1456046995749816,23.426338706302143)
 (4.8249247106458881,19.725836483886454)
 (5.2262552503971236,16.572842853035493)
 (7.6890910723815509,12.380547482342829)
 (12.553564466606062,5.6050427874142859)
 (19.921530306033787,-5.1758685682210857)
 (29.935140757269508,-21.26302149238828)
 (44.738013361437808,-45.85826998852766)
 (77.389087465949601,-96.122413674224561)
 (328.10073072786508,-442.60065077565525)
 (-135.67324740304102,178.37196075198966)
 (-60.254403181569543,68.090830697390032)
 (-44.877158473320208,37.402896672763674)
 (-43.11236624346855,21.160399463003937)
 (-50.772612046674666,7.7454299144335135)
 (-76.956000514416417,-12.732868388121418)
 (-222.61656544079716,-105.25420670411532)
 (242.6330234759549,191.24783115635637)
 (97.921639212151518,110.28867359803854)
 (103.45687467015993,154.13187863161289)
 (-371.32642921464492,-694.90000546651299)
 (-31.357597967244857,-70.624363594942579)
 (-12.440850594803663,-31.370512396945422)
 (-7.5466422398548403,-16.868581864788428)
 (-7.3780884332967247,-7.3156539956523803)
 (-11.22987525146069,2.8824640443281613)
 (-20.467490926632138,17.546941986062528)
 (-36.393559738420606,39.74890787490871)
 (-55.70708123819611,67.658190437057442)
 (-67.329532450933598,89.817929640267522)
 (-63.04377479217294,95.201417370400961)
 (-46.729192083887469,85.12095141383719)
 (-26.147619676666409,65.985205224801675)
 (-7.1070897519877576,43.047177095067198)
 (6.6236960584226381,21.207486499002282)
 (13.942995336688298,4.4187880013266039)
 (16.31765499666696,-6.1482245718655193)
 (16.009955182514631,-11.660522068608017)
 (14.707728653486043,-13.907470484147815)
 (13.312429998308787,-14.313438878106057)
 (-1.6349158110587609,-32.84294963071747)
 (-0.43431774110145227,-27.845257332175535)
 (0.17809688588604899,-25.521294817897996)
 (0.3813233858073346,-25.220785931421773)
 (0.19377850023214194,-26.891234855589538)
 (-0.52987077753346057,-31.070391189815858)
 (-2.234055009412117,-39.533360241475123)
 (-6.3270835723053835,-58.486001011896327)
 (-20.914503634099972,-125.68104442231987)
 (117.53654701161304,529.09449555505557)
 (21.835393015464206,82.675831424145358)
 (12.876827393835498,45.360296987869553)
 (9.1652149902982814,32.265557810591716)
 (7.3719717887009466,25.975728906742216)
 (7.0946263888051462,22.269009660388519)
 (8.5834677113530304,19.313330758738303)
 (12.407662779151728,15.773315224932098)
 (19.50946889005197,10.113158392262172)
 (31.851846650820896,-0.1519685581898873)
 (56.005797629195754,-21.331192102539056)
 (135.84887247106732,-90.472841602147128)
 (-448.32229969523468,392.17818980218198)
 (-85.248693498538174,84.455515289892531)
 (-48.650430902869473,48.109647169780644)
 (-36.721260394013122,31.820228901007503)
 (-32.728268978811904,21.450763837069271)
 (-32.9284544636647,13.222726531423433)
 (-36.568450613275488,5.0033432574744108)
 (-44.741918083162105,-5.8787497918762526)
 (-61.777155651215637,-25.590279048101124)
 (-100.05816457550551,-72.829224639840817)
 (-159.89350526554682,-170.79172073526348)
 (-106.97992933665653,-146.60826946870546)
 (-44.860337377278718,-67.805607987422263)
 (-24.443411561007522,-34.800050885987076)
 (-17.869928372626489,-20.601053033768679)
 (-16.591303721793679,-12.654651796284496)
 (-19.230969548744511,-5.867953873980488)
 (-27.961952437825836,3.9694436600639449)
 (-51.862352422737558,26.325963450004362)
 (-137.09482940943218,107.34230227890886)
 (-2587.4403593914344,2610.1682644544417)
 (386.51237388930429,-480.82076830883148)
 (387.42056950712742,-608.24035111555622)
 (-1030.4305212572112,2238.7422325864891)
 (-61.879225451340716,244.30991857254963)
 (1.4126259986442591,96.484323342268624)
 (18.409533010647806,44.080603854790148)
 (22.793781709217811,18.955415199677638)
 (22.541117420745906,5.7922092430077807)
 (20.679542660691652,-1.1291234129371404)
 (18.529550893745736,-4.5936927512429353)
 (16.650175778876417,-6.1289170235752373)
 (15.246701957241683,-6.6077424360142611)
 (1.1090137562986371,-47.43913869895249)
 (2.9127501823025597,-33.986848029409877)
 (3.8632351869693622,-27.070319843920672)
 (4.3820814739179923,-23.591568885417551)
 (4.6252197444408694,-22.499511156525084)
 (4.616684470686323,-23.601029721379501)
 (4.2572067975131347,-27.408934642125985)
 (3.2360317380018415,-35.794005199403372)
 (0.57402963649859373,-55.514399049842517)
 (-9.6706598492522602,-130.86295049926093)
 (57.56480840030477,381.61020840328985)
 (16.988735392385003,80.753622379987434)
 (11.655718450260579,46.98068974010954)
 (9.3261593824862885,34.43853009255335)
 (8.4116431112680417,28.103705710630191)
 (8.9297243607365004,24.24229220003425)
 (11.342952579462299,21.298367752954491)
 (16.539279410049836,18.198668205554597)
 (26.49371689475241,13.570967100230447)
 (47.674402035908109,4.1090765672740908)
 (123.15522253593755,-29.323460748207204)
 (-345.47870797718741,172.18711998372555)
 (-75.281482947312725,52.735345419849388)
 (-43.261428651618317,35.681917866145859)
 (-31.831910129905623,26.934476411417926)
 (-27.0637191299394,20.580621643484367)
 (-25.478057666659737,15.11652856177817)
 (-25.722822996520001,9.8090603671702752)
 (-27.102903321587103,4.026946507857124)
 (-29.111199904957296,-2.9975101906357278)
 (-31.071244809352276,-12.180016607196643)
 (-31.58074520944902,-23.642741203830937)
 (-28.522787674830212,-33.385847084363448)
 (-22.517783482051541,-33.720654969856973)
 (-18.05150621853192,-26.152147977687722)
 (-16.731873564149048,-18.314124637780537)
 (-17.688635143223042,-12.661440621773115)
 (-20.81332206675107,-8.2843664772900958)
 (-27.89002890078303,-3.2747684529312853)
 (-46.054407913811403,6.7854261339970847)
 (-124.42883591302953,49.482552080859215)
 (318.02703682506325,-201.36587007673506)
 (90.164028612277249,-78.320248320025428)
 (61.745009077151181,-70.595148693630691)
 (51.740964812791994,-79.847176813595155)
 (46.937615210732901,-108.82291221846123)
 (44.835526373948881,-220.50310077150141)
 (29.817966013992987,538.95007835174488)
 (32.870468232991527,87.852741794771191)
 (29.804991048613516,36.824313987950241)
 (26.413402043701737,17.83416265781964)
 (23.275702104555464,8.6732195980112259)
 (20.635005109373907,3.8709898954346658)
 (18.591706934427165,1.3220498330044599)
 (17.166474624637772,0.0049646743944418148)
 (16.344454069667094,-0.63652050155156736)
 (6.8616060142235256,-51.972302587358556)
 (7.7706469792645834,-33.953118987818954)
 (8.3082343428849867,-25.067477210101764)
 (8.6603654575619231,-20.43586749350025)
 (8.8898680629116029,-18.507416663217697)
 (8.9908225005162876,-18.903315426564287)
 (8.8813661208943557,-22.040062736613724)
 (8.3488126177275319,-29.671640513803098)
 (6.799738179110463,-48.125146371051443)
 (1.0089342561611119,-117.21229538074147)
 (44.338322616432961,442.07746383525136)
 (15.481939947137747,86.944775115313192)
 (11.717825596341982,51.637756559895607)
 (9.9567324199289402,38.276558546934211)
 (9.4252551619861009,31.168625854254898)
 (10.388184641877437,26.607762750564962)
 (13.459043080502845,23.175558699477577)
 (19.839896093394131,19.98774445187259)
 (32.84151532624972,15.869230053861306)
 (67.762231737964015,6.9090901083733058)
 (590.95747501247547,-115.67616778284662)
 (-97.42690578278507,43.238875482225652)
 (-45.945154510740117,29.64475699133946)
 (-30.909309703905127,24.067715576345371)
 (-24.52208485599828,20.054952689831861)
 (-21.73134815993491,16.438754675842354)
 (-20.762130376286539,12.780206367645565)
 (-20.652984913801905,8.7984395563492441)
 (-20.633054954192801,4.2632081580627617)
 (-19.906575447026619,-0.9611512928536623)
 (-17.69198938661772,-6.7101521071912851)
 (-13.710292170599907,-12.130115795475037)
 (-9.1191973741169949,-15.557930799042586)
 (-6.4118640226555712,-15.741137702408256)
 (-7.0198531461993099,-13.4323888015308)
 (-10.174554364138505,-10.411342325863416)
 (-14.802565476655438,-7.5951565210798435)
 (-21.178336320493361,-4.7471272036287155)
 (-32.166391756627952,-0.5259392335963895)
 (-60.544967568499779,10.262833337447596)
 (-320.05098489395527,113.36936325343341)
 (117.20054156572343,-64.051222774433114)
 (55.599668391488592,-42.275776402053012)
 (39.420166149771873,-40.599173054015083)
 (31.721843328578949,-45.622452770959896)
 (26.036289929127094,-58.299944566692076)
 (18.474165075491296,-90.116178974610733)
 (-11.079851306676979,-260.67885141463142)
 (59.73887104460627,193.18174844816312)
 (35.769663018766181,58.496731347530996)
 (28.803208128524247,29.75533171667027)
 (24.64761447418411,17.659409566419747)
 (21.736254667992213,11.433878728745325)
 (19.692880292832314,7.9690733965870013)
 (18.387420870795665,5.9735532329302572)
 (17.763641878536419,4.7965705356640704)
 (14.574841405487,-126.45647513007191)
 (12.475583845505057,-54.593442091622606)
 (12.206596750534814,-32.09216886657439)
 (12.293643492426483,-21.442849762820327)
 (12.470033305788888,-15.744509403080281)
 (12.64024576149076,-12.948421608425816)
 (12.723689713485797,-12.481027794803673)
 (12.592472044831936,-14.598119161419088)
 (12.002147274281384,-20.687533298881426)
 (10.390443349768347,-35.419615224808439)
 (5.5390206353253291,-81.876637582928169)
 (-194.15823241854366,-2285.8321696953094)
 (21.220398993315627,121.20073468593588)
 (14.699566419528807,66.339012203248728)
 (11.842421630857473,47.656725227481729)
 (10.742553731685291,37.555381485001057)
 (11.535672431847502,30.840240394628303)
 (14.801131617374921,25.801554317119187)
 (21.881274400479427,21.489771801556891)
 (37.264223753571628,16.648506326336317)
 (88.642257745499023,5.950323339279457)
 (-414.13313125796867,94.700888137102908)
 (-64.622203391069718,30.939377653628704)
 (-35.502985468656121,24.382606700772147)
 (-25.222076886246537,20.961732757577551)
 (-20.61379742613601,18.252551365694146)
 (-18.53359060802223,15.623932042686596)
 (-17.665170778388557,12.760689339824051)
 (-17.133966057642361,9.4400023837589782)
 (-16.124431444779987,5.538222202909286)
 (-13.861986021100051,1.152063262613404)
 (-9.952619728098469,-3.2417170134111206)
 (-4.976406173099523,-6.7964489067873721)
 (-0.67095770408247191,-8.7119100746430327)
 (1.0297518265758043,-8.8318629719615167)
 (-0.6167156499690627,-7.7197818523150286)
 (-4.9861311911414141,-6.0894445751569553)
 (-11.202522832890214,-4.2642208268039843)
 (-19.449145862478588,-1.9872835473707475)
 (-32.782622864839375,1.9400923906711611)
 (-67.265290671834805,13.0303489439614)
 (-799.28620316542867,262.53580165452786)
 (90.886845364598102,-43.244138518252811)
 (45.967738626939479,-29.928082551267313)
 (32.287818535443911,-28.623415348661563)
 (25.431557145600806,-31.994922942048333)
 (20.358926249593512,-40.525734741921667)
 (14.085960169747224,-59.796069763559558)
 (-1.8351716782958496,-123.3207557474025)
 (216.35330450250501,840.15215891453795)
 (42.809969303810604,85.617175391713516)
 (31.114807071045647,41.65267473054999)
 (25.883853211717351,25.939420871528981)
 (22.666520485577905,18.180755378412822)
 (20.586714713439761,13.845031549904517)
 (19.388448910267286,11.282591003931017)
 (18.992177807478967,9.7234087168920649)
 (19.405869428946502,8.7610884495524051)
 (-32.513569715748702,538.02483543440621)
 (21.77371228988159,-144.5416788451752)
 (15.866637912131196,-53.379783648779949)
 (14.921471496032119,-28.018672222495525)
 (14.860907811192931,-16.174414430213364)
 (15.014936887107268,-9.6037642817055069)
 (15.138080493028951,-5.9640958638856993)
 (15.043587350577425,-4.5607521494172669)
 (14.478092478622614,-5.5122078669545607)
 (13.009328780089419,-9.8018084477313181)
 (9.805425236020767,-20.224391272175176)
 (2.7749110230819127,-45.781457517895305)
 (-19.079996235463547,-139.33146372068779)
 (148.43953227764507,685.22042826322183)
 (31.381997752602992,132.84420051739343)
 (18.199770817276729,77.9473035205082)
 (13.190680567474843,54.464030810159052)
 (12.261442001788737,40.432450617379615)
 (14.835206310932996,30.748073685358104)
 (21.723837297894988,23.155910123928955)
 (37.495983297375389,15.349055669105699)
 (96.401569740999449,-2.1774999864973665)
 (-231.925360023211,79.724790303055883)
 (-53.990573458356657,32.922257030621807)
 (-30.972026637929094,25.705874150187661)
 (-22.457843895193427,22.127843418059243)
 (-18.578834987244022,19.556530046387383)
 (-16.756752747391175,17.223425347424367)
 (-15.809228957860139,14.711200550486646)
 (-14.850165544900825,11.712020769456576)
 (-13.016987090826127,8.0661448063722183)
 (-9.6383315016826501,3.9452261550358299)
 (-4.772426481732186,-0.022893342423631502)
 (0.42659062532931458,-3.0127914701051344)
 (4.2241734682666845,-4.5596805933787223)
 (5.3222844445947359,-4.7981392629493733)
 (3.3564021194464502,-4.1793449600597237)
 (-1.3027595710943665,-3.0871398490866797)
 (-8.1084622405753173,-1.6338254151716325)
 (-17.213988124239073,0.44372163117737795)
 (-31.380987757417355,4.1782067449910762)
 (-66.278181267731966,14.47336948501103)
 (-856.67310107525554,259.7548700007917)
 (85.769543209838929,-34.158600060576063)
 (42.455961449329706,-22.028008711163363)
 (29.128898637795956,-20.290635064853742)
 (22.519807268474914,-22.550430002729673)
 (17.794409653318709,-28.95533305023941)
 (12.272992128827667,-42.93259353846301)
 (0.52339418993347664,-80.458667778407374)
 (-104.20625893988529,-442.34846156959145)
 (58.812575792238988,130.17772329347073)
 (36.033089948416688,55.506239263705851)
 (28.553124186499076,34.395832563543877)
 (24.47280084111668,24.597321589937064)
 (22.017118583085022,19.215610863756496)
 (20.71965740200568,16.058755635672618)
 (20.45115949558334,14.183641287705923)
 (21.244611293140011,13.123904946883979)
 (23.291047060689834,12.649896227663268)
 (-30.878238517769489,640.71134143874428)
 (17.966831683125772,-132.49119159438351)
 (14.440953701167558,-47.188709767266687)
 (14.415690083542543,-22.117022444505452)
 (14.94050578850046,-9.8465597441919641)
 (15.452698862328873,-2.5959211693305075)
 (15.671111157293879,1.8677385877602051)
 (15.304374947637257,4.1920155809063493)
 (13.930497737091258,4.2429445875632013)
 (10.920779069964368,1.1893878676823642)
 (5.4588411101535854,-6.6717516178345129)
 (-3.2423449005244791,-22.234133260490346)
 (-15.774982730419254,-50.766739006591095)
 (-34.523397491036064,-108.50110949077325)
 (-89.340489486927297,-327.66489412396527)
 (103.2109038341671,486.2508754417812)
 (21.739894168527428,132.18198382088212)
 (11.353246499141406,69.271879543222141)
 (11.448959692532434,41.896655653788699)
 (17.043777633050716,25.419459604999275)
 (30.095084486689899,11.207248028064921)
 (72.684420512308449,-15.658854222713579)
 (-357.26731582021205,211.53347502975603)
 (-54.62822697480108,48.064523454256985)
 (-30.366520621350308,33.655780943069104)
 (-21.924562216172738,27.787468392270842)
 (-18.149924942017069,24.356998425535654)
 (-16.326455820010892,21.800429145247101)
 (-15.2018554812805,19.352027994837144)
 (-13.777439645226835,16.445032063203129)
 (-11.089228339504324,12.71497885411771)
 (-6.6233285911042188,8.3092547590971133)
 (-1.016764289899946,4.0509376673641597)
 (4.091565187238885,0.89351060072928679)
 (7.2165610143756815,-0.81445367643586619)
 (7.6951250568168277,-1.3278610653658978)
 (5.4609148521520048,-1.0533192262680018)
 (0.71440160325385449,-0.25568685208090214)
 (-6.273498496356531,1.0195656651348477)
 (-15.660990189660662,2.9903661123093475)
 (-29.745339918117345,6.4556393618827599)
 (-61.897805644335911,15.16677182964127)
 (-494.47039554823442,135.37893855509867)
 (87.755551437819463,-26.829057424364105)
 (40.810208052956966,-14.444549213531879)
 (27.041797464661109,-12.193680195090002)
 (20.378860979337347,-13.557364825674437)
 (15.694343835019765,-18.414952949006171)
 (10.316510558094954,-28.891227772233375)
 (0.090486758277631196,-52.964257763718912)
 (-38.467227318799544,-147.71178637856968)
 (142.8043357676284,306.82603490078043)
 (50.495376115870201,79.649657504853423)
 (35.481571577613892,45.691030376412243)
 (28.686004715148528,31.888897195915952)
 (24.934893765394264,24.690380098124287)
 (23.032740167883873,20.611719168954032)
 (22.627663140328849,18.319350268982269)
 (23.724682206652403,17.217667436561985)
 (26.658074473374086,17.075570978572728)
 (3.8634681117996195,170.29928349885722)
 (-12.004570666196287,-1212.2391196918072)
 (4.8115359722203088,-95.979248693520091)
 (7.7159117276206999,-37.675868673204889)
 (9.981233819314518,-15.734307592178721)
 (11.833564437377589,-3.5812243391422154)
 (13.171708954300826,4.3825715703089321)
 (13.750843084656424,9.85888405828711)
 (13.160188363507913,13.221803495912985)
 (10.797320865106627,14.058057116199929)
 (6.0031283125371147,11.302773096889403)
 (-1.3797657568799764,3.6581025516552153)
 (-10.116557289115278,-9.2506893821903375)
 (-17.603422364619007,-25.965996003951354)
 (-21.661142423355827,-44.748172640958686)
 (-21.917694139928038,-67.206708428659866)
 (-19.085243249560154,-105.07103840125632)
 (-12.88458292499786,-246.53591820418518)
 (-15.7796714846463,339.92093204189354)
 (-5.5904931439283843,73.21547648629334)
 (2.5404935420201085,27.745465996528932)
 (12.71139351299513,3.8543018711528667)
 (31.375060157543533,-24.000102315109924)
 (129.88063081780408,-151.48575803194498)
 (-93.163717118822916,132.48876431482458)
 (-37.678559447689445,60.827831460698391)
 (-25.283277541678082,44.12783437868724)
 (-20.406116827131129,36.910862846812904)
 (-18.135560790321151,32.956779989973143)
 (-16.642700048199004,30.099860810648238)
 (-14.535426597140667,26.924039273056998)
 (-10.568813550282968,22.353952181149992)
 (-4.5736685074097068,16.383755372206181)
 (1.7996411828003858,10.476717767940741)
 (6.5044860046239314,6.1413177567394657)
 (8.6943999550968911,3.6818886071478465)
 (8.4121236549325147,2.6402664317715696)
 (5.814693613945785,2.5229797421663727)
 (0.96552176051323002,3.0524449639901845)
 (-6.0801588945476794,4.1656094735144986)
 (-15.521040176228475,6.0061897827365875)
 (-29.324974461492115,9.1528647350132797)
 (-59.124218007295646,16.373884719824115)
 (-358.94334422855877,87.700647325474364)
 (88.594249124617861,-17.960115670488044)
 (38.60021055838159,-6.1728834538856496)
 (24.570529741833383,-3.6934687314883803)
 (17.846818004782634,-4.4055206919147594)
 (13.033050856091386,-8.1033543499733955)
 (7.4454579210058398,-16.057067646382166)
 (-2.1299268476593092,-31.848871925187005)
 (-24.909203594382213,-69.617722060106445)
 (-172.58575865395514,-315.0671821049927)
 (116.75051992788465,169.58022293009248)
 (55.060002421082771,68.764096236909154)
 (38.467599286264686,42.97491677104658)
 (30.868079269919491,31.482114109498124)
 (27.211312467517203,25.502568617572202)
 (26.126603905376584,22.396282072123594)
 (27.342957867049279,21.162808927466944)
 (31.349928083272559,21.529782443043239)
 (39.837698030585578,23.85725813728429)
 (56.571322942834684,684.76864857565181)
 (-20.497719198754474,-182.75587092999834)
 (-7.0983860999667598,-63.122113917919478)
 (-1.4785508079895848,-28.389108162056313)
 (2.4872419874489822,-10.451892313044286)
 (5.6111751671201091,1.4875081561332113)
 (7.9013918787162822,10.571180160322335)
 (9.0054510148168845,17.770577657531827)
 (8.2518883842735278,22.939280872699911)
 (4.7516100984243934,24.921012243300567)
 (-1.9882707215157041,21.779544257542049)
 (-10.740708863721949,12.316329564313364)
 (-18.182688836213885,-1.6122194601029425)
 (-21.408177195629953,-15.923002553316946)
 (-20.060247844545469,-28.14025305085741)
 (-15.127471490835372,-38.723280403327664)
 (-6.9975125416200257,-50.208905973924516)
 (6.343580399018343,-68.885881532480738)
 (42.224560871194001,-130.58071717337026)
 (-140.46667070973294,240.60617352979693)
 (-27.452174864292282,25.602082631347653)
 (-8.7727752636664071,-4.7383052491456183)
 (2.7737584223094807,-24.010997196030587)
 (15.749705041873929,-51.062783165477128)
 (47.637605360751557,-130.68024054512767)
 (-551.05451434251768,1448.3867561076413)
 (-57.58843007902496,149.8817414199813)
 (-36.172460778510185,93.77591353120809)
 (-29.64504936754156,76.912653124258441)
 (-26.306779500539193,69.898325952217505)
 (-21.843953550159476,63.574665377242198)
 (-13.689654616638691,52.088719126635382)
 (-3.6694675977815336,36.313198301878813)
 (3.8761143585340463,22.736822267093146)
 (7.6434988295056705,14.271493292051904)
 (8.5539022328641288,9.8103324880415563)
 (7.4085421535229798,7.7348134314319257)
 (4.4135548413607104,7.0373831353538971)
 (-0.55126129901350041,7.2355194293590559)
 (-7.6469756079816626,8.1709380076293012)
 (-17.223027656452633,9.925922262023068)
 (-31.352438654833691,13.01216529730122)
 (-62.476388991507555,20.08005051182715)
 (-471.68339615892552,107.76245517565263)
 (78.582335048131071,-8.4215108052590679)
 (34.036315679903161,1.5394380400978633)
 (20.960160328296887,4.0827525814591832)
 (14.488981591992811,3.8136925576476681)
 (9.5955282863826028,0.82390873622263083)
 (3.8121468767882192,-5.680156333382552)
 (-5.0737157487072295,-17.045623889818103)
 (-20.495051999651089,-36.364762612174587)
 (-54.48332384233381,-77.492181214316929)
 (-267.71696865448331,-333.89480655948341)
 (150.84781313812107,171.03370698265977)
 (64.604474765911192,67.823479727932579)
 (43.291001248580159,42.418581004649255)
 (34.790253581036367,31.785636772271744)
 (31.843280298402973,26.880912463310619)
 (32.806708346527302,25.200623404421339)
 (38.188713528177473,26.216588632592035)
 (51.339069374123497,30.982489544643414)
 (97.089440162724259,1265.6886983993841)
 (-34.457641667537423,-214.48405322422701)
 (-20.24906751270774,-82.867611251974679)
 (-14.193471978168915,-42.52189056986591)
 (-9.8294292247338859,-21.411416667316807)
 (-6.128676476613407,-6.9671937411894076)
 (-2.9339114724165825,4.8614035817732706)
 (-0.48106590115034464,15.7903906129362)
 (0.57207358326795088,26.449181532750838)
 (-1.0159117796086008,36.218445536375853)
 (-6.8505966690621278,42.157212293874089)
 (-16.928817630273159,38.872384836632477)
 (-26.660487576312732,24.269722875977429)
 (-30.352446043535309,5.4112649612858696)
 (-27.734759403080062,-9.9124432224789309)
 (-21.499105312497758,-20.339678345776004)
 (-13.234493588447322,-27.734004014144698)
 (-2.8282747145923608,-34.206325494178664)
 (11.879692401968882,-42.263177693101142)
 (41.838827106050871,-59.964586109426392)
 (562.16497675087498,-410.00693570861176)
 (-57.910269126277356,12.428073466710742)
 (-22.245099286744448,-10.903553372442227)
 (-9.2458328206305112,-20.712921366876166)
 (-1.6390485251049172,-29.415114361759603)
 (4.3362881675158604,-40.683398157686256)
 (10.611862479210224,-57.771507937193888)
 (18.808151041539318,-84.580811866267283)
 (29.736753430873133,-122.91250573706942)
 (40.796223610793476,-163.86802504450367)
 (46.971958436487668,-194.09521094411235)
 (51.861115277928405,-242.71110917330782)
 (125.798530468347,-824.00166026388342)
 (-8.5706845820983375,175.70308307783722)
 (5.2918438173116584,55.161613746944312)
 (7.0647124901499545,28.123194161891821)
 (6.4559976152519667,18.345057144875845)
 (4.5557611268983393,14.284824486010516)
 (1.2709401534967846,12.743814208067295)
 (-3.7999064712386357,12.623606906282355)
 (-11.124759159418765,13.590072159290571)
 (-21.508818500175913,15.777165308556508)
 (-38.255514650506356,20.153315677812255)
 (-83.151455403184144,32.608128071464009)
 (634.26877126772536,-158.58080871406696)
 (57.18875359198789,-2.9424007351660038)
 (26.931185488734357,6.141170631435477)
 (16.262967718565996,9.2654115034628024)
 (10.457448682126923,9.5494979037497814)
 (5.659372903129281,6.9613783653945642)
 (-0.098052677485981121,1.0070946449012326)
 (-8.0458080780045407,-8.439390430063618)
 (-19.050927562248877,-21.151469551546793)
 (-35.251925335584943,-38.470107565351029)
 (-67.17154019214685,-70.520478618231593)
 (-221.11813549166502,-221.61483918402965)
 (205.93925273245037,196.32673014824525)
 (74.643509248634643,67.394664843599955)
 (49.459005930449194,41.971757809298687)
 (41.521586628042684,32.728168331696402)
 (41.414789104152547,29.86544894754768)
 (48.813941536170461,31.697685208552016)
 (70.871038336084382,40.90719391795114)
 (154.30460758493211,78.716432246969745)
 (-19.301659679109875,-161.61783414689381)
 (-20.190556632969106,-83.113677599409954)
 (-19.224491377769112,-49.733161914391687)
 (-17.649433000263357,-30.349594016568293)
 (-15.84515714188025,-16.535767080502243)
 (-14.065622055154648,-4.8096073032632285)
 (-12.65229833191205,6.9301162546994455)
 (-12.268528816863352,20.648562175702871)
 (-14.429734337136367,38.960164090697262)
 (-22.768511394722552,65.333432966947882)
 (-44.030345464667789,98.550354062079165)
 (-74.105885915319917,107.95797110710282)
 (-77.579448711985492,64.125752331079383)
 (-58.003056827170511,20.261894395972696)
 (-39.254406017160306,-2.1958281173119474)
 (-24.88234456645235,-12.980061089849853)
 (-12.600869145384948,-19.031949157259142)
 (0.095055522784235791,-23.396723613317555)
 (16.636128080314528,-27.794229285970403)
 (49.647643949818388,-35.887097255984337)
 (642.09903279723858,-190.84111804637558)
 (-63.569256070844929,-4.2914430267232646)
 (-25.343537409956735,-13.85755195198627)
 (-12.48079421361061,-17.403807917664444)
 (-5.986394650431663,-20.078489696216661)
 (-2.1100282712780909,-22.91458432338808)
 (0.48241282820940024,-26.166701397307236)
 (2.3650904032699951,-29.658812312821404)
 (3.7444681380167815,-32.882966444125913)
 (4.6350399572886722,-35.383748311192392)
 (5.0283514174353403,-37.476628267039615)
 (4.9952719779421324,-40.904075343455773)
 (4.6351280524424006,-50.381587234918157)
 (3.8631297893309018,-88.504823799953869)
 (8.8390031868289896,605.52042781090199)
 (3.5203353039177188,57.358410445651323)
 (1.9646607757726606,30.535425203637214)
 (-0.2210615313692017,22.615398629980771)
 (-3.6540624378534332,19.997711064558139)
 (-9.0790729704602313,19.97237614705962)
 (-17.592453204319693,22.057312769093915)
 (-31.6656833329885,27.181098741438475)
 (-62.089108279227638,40.537790634722597)
 (-289.71925364257118,146.92681753881828)
 (97.3307223678204,-33.332387360302789)
 (35.601245536436458,-3.0777586212592531)
 (18.860001555380332,6.2620766173456222)
 (11.065821325480442,10.731067879303151)
 (6.0755992543559714,12.012085150469872)
 (1.4442903698042997,9.8523283462788296)
 (-4.1394098747328627,4.014863506687413)
 (-11.051046963406122,-4.6612967814587956)
 (-19.051897254120213,-14.544292009588721)
 (-28.450334432173207,-24.928877222733064)
 (-41.868913109310512,-37.830576478044719)
 (-69.952970544293947,-62.447327063970718)
 (-201.49674540778716,-173.72809874693633)
 (246.32494889535914,201.8461166484939)
 (85.094813500218748,65.333920725520315)
 (60.009793697715153,42.590484368206525)
 (56.513981090734248,36.631434555676982)
 (67.794981811835356,39.768338282141741)
 (113.37336300244984,59.937356241885261)
 (684.09706692930411,327.10283388780556)
 (-1.1268151962177626,-107.2983301773744)
 (-10.778884766277329,-70.920669363311234)
 (-15.467139222071424,-48.86586082098983)
 (-17.743833286564957,-33.845896716001214)
 (-18.811021327350424,-22.430309359063273)
 (-19.405878923985888,-12.641889422103111)
 (-20.202856589861085,-2.9173200611392103)
 (-22.217074930238567,8.7283526066900663)
 (-27.848135275690964,26.483630868041242)
 (-45.954638327161405,64.889521479792052)
 (-155.44047526368124,249.03401266139736)
 (253.09931092582875,-374.05162565782547)
 (148.43464419313921,-174.18050358922824)
 (303.76991381915872,-254.45013907720173)
 (-230.91826904464426,124.20216567351858)
 (-64.107371684624539,17.561104497140569)
 (-29.558868723891145,-0.22656655167972062)
 (-11.851646275840658,-6.7852411016992153)
 (2.7262878750853154,-10.12339225939548)
 (20.407455861821035,-11.979365568689946)
 (57.643606984236797,-12.508410962312613)
 (-3600.743932817124,-91.945535343778147)
 (-55.272063478215166,-15.779672132957295)
 (-23.527965441094622,-15.095998742085012)
 (-12.38643888456058,-14.879662336004817)
 (-6.9020213234869434,-14.942241991379834)
 (-3.8413915276066586,-15.260713214612249)
 (-2.0164335948047691,-15.781728964007295)
 (-0.8742503901662726,-16.413712783626394)
 (-0.12845812359004838,-17.06938902215661)
 (0.37620837169240895,-17.756491478705421)
 (0.72999791261435676,-18.696933168429666)
 (1.0011692578702676,-20.476648392800698)
 (1.2826163742610568,-24.458502756384139)
 (1.8364041734421344,-34.814100381349476)
 (4.372414693619973,-77.11024725615539)
 (-19.371422545901069,254.56130980187243)
 (-6.7769849634506443,53.752380881012229)
 (-7.801528184541052,35.239395506183037)
 (-11.545135808421467,31.066475539538196)
 (-18.930825950844017,32.905079577161956)
 (-33.897866911592956,41.664463668777834)
 (-74.868620562139668,71.147872418465624)
 (-1329.9385938621144,1051.4433184881814)
 (86.95468310122591,-58.978147610959738)
 (37.61244240693442,-20.496093751703622)
 (20.491845644488926,-6.0528405794582056)
 (11.544426454611727,2.7102510233545076)
 (5.8672708294133784,8.5352210197366158)
 (1.3430376781210782,11.244406823931156)
 (-3.3759437715163259,9.7954659804035753)
 (-8.8573473472403776,3.996273651648437)
 (-14.691797478368798,-4.2714901831247101)
 (-20.262137971155525,-12.438674145123024)
 (-25.780135807133036,-19.527297908337879)
 (-32.636863740632485,-26.503678950663168)
 (-44.230937591561343,-36.18356373086155)
 (-71.820913031603112,-57.010810113857389)
 (-204.9031729677493,-153.38693663594091)
 (300.11957332394184,206.93342114647885)
 (110.56145679010982,69.032358963027193)
 (91.730408824525057,51.501329850278339)
 (115.9615353046201,58.809460270146729)
 (317.24445173717839,147.46769821968084)
 (-256.31787781868559,-111.63478864469886)
 (-90.999296560057303,-38.187328608991734)
 (0.61914964667643346,-55.436750967770429)
 (-6.9382648210702911,-43.073500358060031)
 (-12.16309761578303,-32.798706689837871)
 (-15.754339592598484,-24.067477871132422)
 (-18.380308037648092,-16.276309414483791)
 (-20.75774556992765,-8.7150116895257526)
 (-23.901736709426174,-0.29065640770990475)
 (-29.940090225928373,11.40813013398628)
 (-46.152432504680831,34.753232916437518)
 (-138.12324427429326,145.13118526791027)
 (147.49674338402417,-177.9768235342045)
 (61.293681984091201,-73.551179717553921)
 (52.353472492792513,-56.495620982775321)
 (64.950956440960738,-59.676801271681882)
 (154.89536811253694,-120.15989737094205)
 (-134.85899946826333,92.064088649478421)
 (-32.874577966157311,22.315559086947143)
 (-9.8286461431939784,10.162866942580866)
 (4.8009942006775219,6.1095250928461482)
 (21.274042373748436,6.0517771327594891)
 (57.31390567309154,13.991796804011551)
 (-739.75784965634671,-244.04182365232109)
 (-47.069564238799629,-23.327194979711049)
 (-20.768370692853402,-15.662184581064992)
 (-11.376304478663519,-13.00536281369903)
 (-6.7860812474884167,-11.676962556500339)
 (-4.2705742273776464,-10.934099387460353)
 (-2.8118675931268275,-10.52339807439103)
 (-1.9271800906714427,-10.329515359922004)
 (-1.3561776635187872,-10.30561320226057)
 (-0.94722065686926071,-10.472321513527582)
 (-0.60349599324096248,-10.942889382958406)
 (-0.24428009212311497,-11.978720696541977)
 (0.24781287591151516,-14.143555644432336)
 (1.1627230162798048,-18.83834793059825)
 (3.5590505870902849,-30.760650416294407)
 (14.779539302160359,-80.323353434349173)
 (-78.984166330640335,290.07971879260049)
 (-30.081854119641122,77.864031893115595)
 (-34.820411481706813,65.799042719070599)
 (-61.515804958368875,88.421470637774831)
 (-327.12437077615738,377.52929014225714)
 (110.63314546001661,-109.64344850038307)
 (48.138078289745863,-43.969808075963968)
 (29.169585402835352,-25.97004887280454)
 (18.71245566835594,-16.526631045454678)
 (11.443111611451211,-9.3910814184401499)
 (5.7553644565463955,-2.846705308096543)
 (0.74660713531258693,3.1623022571937334)
 (-4.4290046281189035,7.2280176576649922)
 (-10.260149263704804,6.8299830521780684)
 (-16.010359333392842,1.1492619559508164)
 (-20.321717372629244,-6.6185182866010885)
 (-23.079236578264961,-13.077277997794104)
 (-25.296349896685683,-17.691059893737922)
 (-28.216829537004195,-21.502353439935963)
 (-33.415668843127364,-25.952669055361362)
 (-44.123090540689248,-33.257729973126999)
 (-70.636182532755129,-49.429318647348204)
 (-172.44649551929729,-107.56385614166506)
 (2177.6192754277718,1176.3333325342533)
 (337.17593468451241,157.15044692858328)
 (798.68670157463487,330.73498760843461)
 (-263.65240398986447,-102.41374608379429)
 (-94.957317527960441,-36.702521487617744)
 (-57.557268076560376,-23.237589723665678)
 (2.7638072806943512,-35.063515242862145)
 (-3.6920551529202896,-28.919286149890084)
 (-8.9508040898829648,-22.755864818219898)
 (-13.142551918560159,-16.680026153892314)
 (-16.640403584482712,-10.608385976180635)
 (-20.104812783480256,-4.1760249037054962)
 (-24.777524482216748,3.5834822041415069)
 (-33.796207563989412,15.521747709165236)
 (-60.905213892296729,44.760522936738155)
 (-650.07370332485107,615.00616805101538)
 (79.415835759650335,-84.717359049760958)
 (43.762305720217441,-48.033482129678674)
 (37.001141682385942,-39.680165435753629)
 (41.031792596099073,-42.74346848482336)
 (66.88456457511208,-70.709958733366605)
 (-520.10259262493219,615.2600234987882)
 (-30.222178106906135,48.464953355895425)
 (-6.3617196414849531,25.782647745117789)
 (6.057553238660784,19.580905216433457)
 (19.339672573485139,19.930267904620678)
 (47.992676773853503,32.401430005097374)
 (-1360.6722395937334,-840.85192957465938)
 (-41.920416356520789,-28.938616850115842)
 (-18.41976409096754,-15.769850706828098)
 (-10.298909944885253,-11.448817031514428)
 (-6.3800761990260781,-9.3208153794382849)
 (-4.2424486130024999,-8.0736298918272169)
 (-3.0017888470700487,-7.2861873858250439)
 (-2.2438675389517941,-6.7882588562801827)
 (-1.7464632089466288,-6.5096510375148018)
 (-1.3789753801973506,-6.4391149550103615)
 (-1.0544884362027829,-6.6187153230049871)
 (-0.69594047243216295,-7.1602214894122449)
 (-0.19487961615962168,-8.2962824108085851)
 (0.67085993693593959,-10.515415778287341)
 (2.4599529232277346,-14.928541648045167)
 (6.7828130824861628,-24.325778422590709)
 (18.659612187118277,-45.971320114151609)
 (49.005669532738978,-89.681501142211246)
 (74.788018927883996,-107.07705451024029)
 (57.455752073317292,-67.491344852105826)
 (38.959543065731964,-39.755470625601795)
 (28.010789751892709,-26.707676627516236)
 (20.975321132766041,-20.3433291196814)
 (15.628841692414269,-16.836706111549912)
 (10.950864939254433,-14.378291239465998)
 (6.4189710380958616,-11.95935369125135)
 (1.5380127889452275,-8.970740052759254)
 (-4.5931833418123844,-5.2137527019433598)
 (-13.431424367619627,-1.5738870164570073)
 (-24.65178653070631,-1.3208286058274759)
 (-31.800851637506497,-6.6217538130623339)
 (-31.531141779222921,-12.588589799483589)
 (-28.690676641729894,-15.978206415965783)
 (-26.524700139017241,-17.709443621615602)
 (-25.831665105521679,-18.992869636400016)
 (-26.967796052882022,-20.538686106089699)
 (-30.749420602316945,-22.86205904643947)
 (-39.206269710588494,-26.602076554303515)
 (-56.928923126366257,-32.721371717760562)
 (-90.630274884770628,-41.369406458191349)
 (-124.98420287343184,-44.564340986783577)
 (-108.79418658410862,-32.667299700064078)
 (-72.558494087333372,-21.377274401485614)
 (-49.650733570172662,-16.479655170202733)
 (-37.468694873860784,-14.977499323894255)
 (11.407758096611417,-26.776477911731444)
 (5.4452475590866527,-23.638826007991614)
 (-0.26884106608932257,-19.714834263851301)
 (-5.3958911875796502,-15.194657250328108)
 (-9.8241796037333273,-10.243342776168198)
 (-13.727040108265697,-4.9077850965331189)
 (-17.651320888889273,1.0459981556618807)
 (-22.820621887825041,8.5091909671230805)
 (-32.519520729554131,20.42821175036979)
 (-61.904297297764373,51.349001693326755)
 (-1801.5661777920916,1743.7380444423657)
 (70.922342609227002,-73.898697968212986)
 (39.395026558821947,-42.191374352814222)
 (31.979836909195477,-35.008407365921911)
 (33.023594271181324,-38.491280007810857)
 (47.622526343987069,-64.257899417017825)
 (2065.4268392595704,-3653.4270885782107)
 (-21.980575007112513,64.10302930676437)
 (-2.428165015445142,34.575410945990292)
 (7.1174777003698004,26.857337595835709)
 (17.338075991644526,26.900933439311501)
 (39.107780821759192,39.707261418207651)
 (1118.869102985434,948.97006241531778)
 (-38.620667469550021,-32.315560761284353)
 (-16.563436593875451,-15.186134634543311)
 (-9.3301966861017398,-9.9108131582611936)
 (-5.891085546331202,-7.4050861808145969)
 (-4.0138131855231256,-5.9664652359452441)
 (-2.9121141607774295,-5.0613091961162127)
 (-2.2266765089464808,-4.4759138998086385)
 (-1.7682292569311178,-4.1148690577600089)
 (-1.4265725662608555,-3.9398213782435745)
 (-1.1278984792619862,-3.9502129693497263)
 (-0.80674367240264289,-4.1815883392692488)
 (-0.37755564986621382,-4.7162508947093515)
 (0.30721488361790716,-5.7062386606773714)
 (1.5267509228117104,-7.3996620806434574)
 (3.7728397154588107,-10.102451656574519)
 (7.6243561614968289,-13.820532171368427)
 (12.789564329557695,-17.338746553749203)
 (16.990212807487367,-18.389164636279077)
 (18.251626943805032,-16.730796183145387)
 (17.248877371689758,-14.364181520278574)
 (15.305518770259269,-12.664523117026008)
 (13.014583646412474,-11.906955652148593)
 (10.455505088066843,-11.920676140893235)
 (7.5035680665959008,-12.443247977310511)
 (3.8601137211897019,-13.272537140886737)
 (-1.2828217269992326,-14.435806758977211)
 (-10.529852852814727,-16.59600553821938)
 (-33.028343411700888,-22.3995525712484)
 (-88.692182526285805,-37.529169796112058)
 (-106.04124493675691,-41.431848090281179)
 (-63.513958645919729,-28.618055553005615)
 (-40.124326124108734,-21.667884269995739)
 (-29.481417577516311,-18.617046441033949)
 (-24.323139646998079,-17.299265132284432)
 (-21.997425668664192,-16.797876648900093)
 (-21.669718152647846,-16.584588560957648)
 (-23.303175130961236,-16.139564682511743)
 (-27.163733489495794,-14.761338893898852)
 (-32.818544288871493,-11.749067958653924)
 (-37.353601136208113,-7.6412140539120514)
 (-36.954966895781148,-5.0021650604992871)
 (-32.490900825501384,-5.2581336399083494)
 (-27.450924602387346,-7.3037850964270827)
 (-23.512116375427283,-9.9376586997121752)
 (-20.811659454776844,-12.746150945129376)
 (13.745315701178953,-18.133951000024162)
 (8.7618356434334004,-15.915338173920716)
 (3.6155563275113138,-12.776071382944194)
 (-1.3150851912870394,-8.8290831312907638)
 (-5.7851378571624963,-4.2484587399091804)
 (-9.803833559485426,0.84559978649129985)
 (-13.752996359394487,6.5824919270832023)
 (-18.624908621168387,13.704887931200691)
 (-27.009888775612708,24.715279359271641)
 (-49.3782040150885,50.664341715194595)
 (-289.3553695553702,310.53689965220633)
 (83.738818589880566,-89.909393931427218)
 (41.321058485544427,-43.922828320043457)
 (31.488210592704228,-34.414639365183717)
 (30.390939300875992,-37.493287380676094)
 (40.325335637143453,-64.347215148811912)
 (2145.3336501499921,-5263.9859549338371)
 (-12.792340952113655,68.782738748021885)
 (1.6395093156306757,38.200265941529324)
 (8.9634287868748217,30.113663499965178)
 (17.344677097266597,30.073182534197084)
 (36.220672897023974,43.117355627231973)
 (865.24591938793606,842.43568628862499)
 (-34.670992579124317,-31.377337887756262)
 (-14.817126390200327,-13.59922474282714)
 (-8.3880608712372258,-8.2152011664224425)
 (-5.3379979473501633,-5.7107736969265037)
 (-3.6618629015174018,-4.3054644148378989)
 (-2.6644290082807087,-3.4390984262048745)
 (-2.0331958815567859,-2.8845440033952205)
 (-1.6061698514605118,-2.5354677723890813)
 (-1.2903750865997794,-2.3399548496759568)
 (-1.0244792830073108,-2.2766679652286221)
 (-0.75607757140201082,-2.3462768181225986)
 (-0.42255564504540344,-2.5690991638210612)
 (0.069649403883682015,-2.9833345796581421)
 (0.86514719350490155,-3.6337915089918584)
 (2.1530849748138228,-4.5299139232098504)
 (4.0615347821982937,-5.5558721052973077)
 (6.4115473463518562,-6.4091765233401103)
 (8.608641398395438,-6.7802552897329669)
 (10.054523995524423,-6.6937966715567798)
 (10.589151121862903,-6.5025869788586244)
 (10.363301812694266,-6.5799389042017333)
 (9.527639314600636,-7.1588421812406446)
 (8.1066384145097707,-8.3553163533802994)
 (5.9755019768528994,-10.257147717529115)
 (2.7426855645993431,-13.106618971147304)
 (-2.8657088517786136,-17.860597971252712)
 (-16.441334972182528,-28.842039147391219)
 (-92.89540319765824,-86.925485579879634)
 (201.49465517563465,122.9835676425572)
 (184.04489956033416,87.801716065459033)
 (-362.53885238749479,-162.70140065442416)
 (-65.415516222535459,-31.676033236827195)
 (-33.963166421634355,-19.054048125843266)
 (-22.802721165750576,-15.120459366942772)
 (-17.330451212479311,-13.283683564774718)
 (-14.322993718999967,-11.798731009326431)
 (-12.816131168360144,-9.7454714321986611)
 (-12.521443836507224,-6.5425028145150108)
 (-13.235871673675291,-2.3258561016263251)
 (-14.415168810927696,1.4882511871607349)
 (-15.213092104782135,2.9039411998923921)
 (-15.147743192649926,1.2809321697884357)
 (-14.394818212196313,-2.3727595908042369)
 (-13.369360151851254,-6.8196946788926018)
 (-12.364605511994114,-11.418331542374027)
 (17.192262312999219,-12.034426308830284)
 (12.898405609523863,-10.040061203562328)
 (8.1795196825428604,-7.0460921149091202)
 (3.4186672323825462,-3.155851774356595)
 (-1.0481084816592841,1.4049321146996077)
 (-5.0878281932127436,6.4187738856319596)
 (-8.907526936760064,11.888720220819437)
 (-13.208946410993889,18.334729419617588)
 (-19.710741817445808,27.501619552738916)
 (-33.959616453697308,45.688728069478458)
 (-97.005424442187277,120.91426651437716)
 (161.5278746198187,-181.98428983006065)
 (51.95974874984929,-53.503136243078316)
 (35.481134201230212,-36.015565702684938)
 (31.380006513578991,-36.908279168408953)
 (37.152653095762872,-63.707738122017147)
 (7698.1938772890571,-26022.948787995345)
 (-3.5536564891780564,71.412089873673608)
 (6.905750241245233,40.874430603931678)
 (12.82113386904598,32.878762097041253)
 (20.831381566140838,33.506112216910438)
 (42.849657395590611,50.83019978629369)
 (-345.11870661532686,-339.13169094159332)
 (-28.372984727328014,-25.276570574046978)
 (-12.79414420268591,-11.018077675335034)
 (-7.3474980495708762,-6.3636134600283789)
 (-4.6970592594187828,-4.1768987398625157)
 (-3.2159294979015813,-2.9651656892068132)
 (-2.3207212341705636,-2.2344318139225674)
 (-1.7468553262814728,-1.7770588301765333)
 (-1.3574801284561222,-1.4919661109637579)
 (-1.0747787839215612,-1.3261202271197476)
 (-0.84853087052375598,-1.2521497686361103)
 (-0.63794054443117676,-1.2585738054755007)
 (-0.39819590676510852,-1.3445002676750235)
 (-0.068815641072827227,-1.514537005472347)
 (0.43372177196540229,-1.7698035934465164)
 (1.2066995650236354,-2.0915952456538012)
 (2.3139548140277308,-2.4231737130533131)
 (3.7033966289928952,-2.6765140551667779)
 (5.1684826823826038,-2.7917465668410966)
 (6.4395274824373629,-2.8109409905337523)
 (7.321816311676244,-2.884285740942933)
 (7.7264854743326854,-3.213358257463296)
 (7.6008720520880475,-4.0037685619199275)
 (6.8488931311426331,-5.4583274977430936)
 (5.2593862142837455,-7.819818276076953)
 (2.339635578735547,-11.551239800296674)
 (-3.4108411046277745,-18.086168660272016)
 (-19.148512571021172,-34.270080991768587)
 (-189.91761054227814,-195.34455162239158)
 (93.00461820245701,62.529237579059512)
 (79.742951495541973,37.987268158346971)
 (195.70541066748638,74.773255460279501)
 (-117.89604621785244,-43.418292507614204)
 (-37.659420299530055,-16.013262590394937)
 (-20.262963670452322,-11.102673621404064)
 (-12.569067454605545,-9.1311396843400203)
 (-8.1365196936125699,-7.4402309821662902)
 (-5.3712281398982284,-5.0463893246918943)
 (-3.8652480753354297,-1.59996122567132)
 (-3.5230132813494279,2.4374640894448207)
 (-4.1144779854541014,5.7034367741908305)
 (-5.1121250693913822,6.6684163307329438)
 (-5.9259700024291533,4.7510133668551591)
 (-6.2340452529354025,0.53960725844064195)
 (-6.0353010176648638,-4.934370510299356)
 (-5.4825431621512735,-10.900818301403383)
 (22.11437850228117,-7.2003622736360224)
 (18.291505047239283,-5.1197805965833627)
 (13.812665246202954,-1.9660265986276686)
 (9.0652726289924459,2.0982907744600432)
 (4.4699668453833539,6.736417907507569)
 (0.29258131129581955,11.606445700193431)
 (-3.5178723423278768,16.592870768040687)
 (-7.4280675553417126,22.01506908445436)
 (-12.540238539368659,28.94272920736379)
 (-21.679779081812924,40.427519940140456)
 (-46.514786709344115,69.497967930086773)
 (-349.61511991131511,412.66429064346858)
 (91.557645744309895,-86.380672042647419)
 (48.28008896308954,-39.918800376262041)
 (37.068746879053613,-34.520012754663441)
 (35.35020905988268,-56.432657012495525)
 (141.92843633937429,-797.73377909994792)
 (11.014087642814594,83.297176781813079)
 (17.06752819171022,47.819515806195184)
 (22.072349321883067,39.658745915444243)
 (32.743991754809556,43.411087730093968)
 (85.650966354767959,90.795080668374339)
 (-74.385346043665919,-67.318056016790408)
 (-20.872482398498022,-17.016436756872736)
 (-10.432172621231668,-7.9664140663121055)
 (-6.1670897783353649,-4.5209375167873134)
 (-3.9712751192795834,-2.8352163644998574)
 (-2.7075403496690309,-1.9029920470850801)
 (-1.9291051054794917,-1.3538455153043258)
 (-1.4247133279536182,-1.0214177188049403)
 (-1.0831472041693246,-0.82094347077885321)
 (-0.84103548688328955,-0.70631630195139528)
 (-0.65817884726950004,-0.65247272738428597)
 (-0.50338033385849523,-0.64686461150114527)
 (-0.3445018843590763,-0.68416895038953474)
 (-0.14055665376380644,-0.76148210094441859)
 (0.16303483622154191,-0.87227477510162976)
 (0.63049041070192235,-0.99897273213334914)
 (1.3148720504620288,-1.1084276867280642)
 (2.2214128306761411,-1.1601468755184501)
 (3.279835499231444,-1.1333764396928538)
 (4.3577274281859779,-1.0598520487975107)
 (5.3061630479416388,-1.0383743962335028)
 (5.9894162210176454,-1.2276484529783724)
 (6.2710176971642726,-1.8354482408395749)
 (5.9669172215730821,-3.1176891439096721)
 (4.7764308250383358,-5.3963867864767856)
 (2.1398060812371016,-9.1549365893578063)
 (-3.3068361405267357,-15.512171479451858)
 (-16.827908258873926,-28.857157614302217)
 (-88.746059100444754,-90.478021804121866)
 (150.57517388248294,98.183862814832636)
 (90.673703495739716,37.1184795459043)
 (174.00041408812388,44.119117556718578)
 (-132.06765522441776,-23.740398018058052)
 (-34.587580093161591,-6.5545622681558404)
 (-16.0201676814537,-4.64316220877914)
 (-7.9836600312527466,-4.017481734046493)
 (-3.3006939194075287,-2.9926047419844544)
 (-0.3119759017388688,-0.9441876422479325)
 (1.3649971034465835,2.2230915009325356)
 (1.8125221038044259,5.8773175907340374)
 (1.2608602815133025,8.7005734105730017)
 (0.22011050831751788,9.3320552868671101)
 (-0.71166942052278159,7.1546101349424704)
 (-1.1220534652336625,2.4937424906568539)
 (-0.88533300735952025,-3.8132962126647234)
 (-0.073745296147734507,-10.99700020163327)
 (32.010278834883977,-3.9442096811202951)
 (29.594187764305275,-2.7824516902136303)
 (26.015224180352021,-0.46086817802703095)
 (21.457501802337816,3.00291763892624)
 (16.344991269574138,7.3079404588926691)
 (11.232087702336173,11.948014419481154)
 (6.5529453003839535,16.463978640694371)
 (2.4057161689075173,20.69374535809186)
 (-1.5190455104461051,24.871461525357812)
 (-5.992874223305833,29.659711176287885)
 (-12.654879405628002,36.43340663173332)
 (-26.054774306866364,48.881161059907349)
 (-68.831509677602867,85.366706155676653)
 (1811.1684226561847,-1462.7730776568346)
 (93.694202082570115,-50.527475446786546)
 (52.96363890450526,-25.838316896888902)
 (32.479804561407903,-35.316437530655087)
 (-8.3713675123166382,-135.73330662546681)
 (90.471253388283145,189.62929875636516)
 (56.961483033305285,83.860652173747525)
 (60.773142812775909,73.230819072432027)
 (115.10499735336982,117.85805940539142)
 (-146.69599865443595,-130.28348453644202)
 (-31.279846925325828,-24.577870375622087)
 (-14.31368758359543,-10.124828670910171)
 (-7.999186225330722,-5.1532961040048511)
 (-4.9184153640874824,-2.9030048113044074)
 (-3.2069555803428225,-1.7418801818348888)
 (-2.1813068425743056,-1.1012938245798229)
 (-1.5342057541168117,-0.73697780618579656)
 (-1.1097778575205735,-0.5283655762724131)
 (-0.82290620732141861,-0.41066044016348774)
 (-0.62441501943968947,-0.34804722684428885)
 (-0.48341339264871674,-0.32150965372553275)
 (-0.37675881955496471,-0.32219311578383103)
 (-0.28155154321437004,-0.34676120620816159)
 (-0.16908642292300066,-0.39306484950558551)
 (-0.00069176197182707622,-0.45527791024639452)
 (0.27175623727545117,-0.51885815116688572)
 (0.69642276135436232,-0.55809156803921245)
 (1.3022158180904562,-0.54137002047048088)
 (2.0779490030734413,-0.44757661416979788)
 (2.9644479630976974,-0.28918974700563238)
 (3.8638164152587122,-0.13208480080816898)
 (4.6504671927829131,-0.10769480460147807)
 (5.1622110749210925,-0.42286851876479314)
 (5.1612531800868329,-1.3706657193765444)
 (4.2709709051864913,-3.3292427775352857)
 (1.8946722507883922,-6.7327385677144909)
 (-2.9876821572115162,-12.095929850474141)
 (-12.85956370032121,-20.543970288811188)
 (-37.760087910555605,-36.76451038808662)
 (-159.96438015454916,-95.707400828207454)
 (1357.2026572867767,414.38936443769387)
 (-393.58196569982681,-28.27355621843202)
 (-62.274559950777842,6.0053566884305383)
 (-23.653958365768773,4.7144135134772043)
 (-10.715375721059011,2.7956690159260877)
 (-4.1766570504537128,1.7285265524216264)
 (-0.037956563376148722,1.8564098196715833)
 (2.7520683179436958,3.4034285105091913)
 (4.3640606860399913,6.2596692129963509)
 (4.776291091098031,9.6332322490638305)
 (4.1825908090200343,12.099386172141259)
 (3.1096051504300561,12.272212639889016)
 (2.2060563662815582,9.5343923858891682)
 (1.9584293252905525,4.1669076837430765)
 (2.5750475415651408,-3.0706239887904889)
 (4.0587715239900888,-11.493100699442804)
 (6.3809301402341561,-20.907080797730739)
 (44.515165845551451,0.95842892667003454)
 (42.65466590517488,2.294054320951183)
 (39.006005863412298,4.9811066022992563)
 (33.677517452172353,8.8506525119221564)
 (27.257976564047041,13.337091625553079)
 (20.654237701568832,17.708939313245757)
 (14.638135864382612,21.467663181066335)
 (9.49773284684521,24.559268672254799)
 (5.0064062763657802,27.291695043377185)
 (0.51267505588761253,30.158766086915357)
 (-5.1683066458823816,33.751515801365585)
 (-14.48689343989966,38.816282770641969)
 (-34.182547632172678,46.654990185378296)
 (-95.149140469144598,62.504745689456762)
 (-37338.962013383454,7505.6800653816663)
 (111.17267216609093,12.737457874234458)
 (24.269253056872618,6.9714898688177627)
 (-28.670297877415877,-18.540792503704079)
 (-77.435449183660239,-55.916692843960888)
 (-122.1256172299932,-95.423550747820997)
 (-112.351056208244,-89.491551021519058)
 (-62.060402576356758,-48.015170733238222)
 (-30.88279698644746,-22.392312158962703)
 (-16.438020030509563,-10.878987376220913)
 (-9.4724973872511633,-5.5979716929669721)
 (-5.8055802522381033,-2.9993281330928765)
 (-3.7233492194930733,-1.6476420619868724)
 (-2.4711948066871265,-0.92396082703928983)
 (-1.68473485231711,-0.53550116031892192)
 (-1.1735068423847397,-0.33110560976709635)
 (-0.83216801964552123,-0.22753420848663175)
 (-0.60036012794250537,-0.1778208063236755)
 (-0.44255078921065516,-0.15643856178705917)
 (-0.33666303198830749,-0.1514107972487754)
 (-0.26670745200693508,-0.15926384004138322)
 (-0.21716271909909293,-0.1809621544502405)
 (-0.16815309711215204,-0.21786018501419563)
 (-0.091659933960340612,-0.26723558774203882)
 (0.04959691552222012,-0.31782117896113049)
 (0.29802263460384443,-0.34726150504539194)
 (0.69033500513371893,-0.32486558407473354)
 (1.242777141188558,-0.22245924317963067)
 (1.9389916261590709,-0.032633126346002295)
 (2.7249033256781696,0.20955981931535902)
 (3.5053070242285518,0.40353792977103253)
 (4.1271119901606186,0.3554808249927186)
 (4.3337662937969332,-0.25382205009715708)
 (3.6969434098989451,-1.8714602752632965)
 (1.5943297551393183,-4.9392648480421437)
 (-2.6591066412293531,-9.5330199070221955)
 (-9.6983079902175344,-15.017189130898412)
 (-20.605510041601569,-19.974648544943683)
 (-37.049207021162225,-20.944670569627842)
 (-52.226608448833247,-9.8735357471641088)
 (-43.535625646757779,7.805233088362975)
 (-24.490050036671391,13.103738791330297)
 (-12.468201199624204,11.431600702666703)
 (-5.7164157010630916,9.0248072123344372)
 (-1.3571605085304128,7.5300258792643238)
 (1.9021609928287333,7.4276179998088532)
 (4.4300095314821917,8.963893092605991)
 (6.0917046485961777,11.980681919824665)
 (6.6008309878878393,15.461194626464707)
 (5.9734695882062994,17.608003818276359)
 (4.7636783160306209,16.864797764689754)
 (3.7841497512307853,12.846886309703216)
 (3.6770207120703589,6.174428683620663)
 (4.7676610469650456,-2.2947920253959087)
 (7.1905607820311417,-12.08570363404753)
 (11.148447867968301,-23.495726398412152)
 (72.72995136351949,9.1884628215140864)
 (72.371975054560977,10.917225922966203)
 (67.99372819984859,14.252584849033813)
 (59.497362376400503,18.582881854337433)
 (48.38775043579885,22.784153965001394)
 (37.049105367494562,25.940983706886982)
 (27.253547876843044,27.868101054386532)
 (19.519433998694886,28.951647489864371)
 (13.458148464750131,29.729335535954561)
 (8.2447692271229513,30.62398122780429)
 (2.7356291314580972,31.798995401222502)
 (-4.8513778182642469,32.853264834468334)
 (-17.762286147400829,31.773154571453954)
 (-41.873390434100358,21.869517628388252)
 (-87.923961921078529,-16.469231443882141)
 (-368.48816989084912,-351.18771122023765)
 (2.6053732562416876,75.903923970627176)
 (-33.004022732285613,14.643661065479321)
 (-37.748712995775875,-5.8252453824626462)
 (-35.493921508011766,-14.278911090342012)
 (-29.508332199717621,-15.832728781179117)
 (-21.674975421335155,-12.963836475679182)
 (-14.5518847413292,-8.7450358880845886)
 (-9.4177364472028398,-5.2496472077311793)
 (-6.0938247095396552,-2.9338574096057854)
 (-4.0018838005002095,-1.5497764302935566)
 (-2.6758977594023112,-0.77264599439050186)
 (-1.8192653585152405,-0.36295183432615841)
 (-1.2534833725614756,-0.16573148285536698)
 (-0.87144674784328302,-0.084378969485408239)
 (-0.60860397012936152,-0.060116632894815836)
 (-0.42624104759771353,-0.059088663204001801)
 (-0.3014510269702963,-0.06437731586717757)
 (-0.22058084850239162,-0.07065950035985008)
 (-0.17437631951507002,-0.080085842620675349)
 (-0.15382152227297746,-0.098527722149587049)
 (-0.14624136836348076,-0.13166095571818714)
 (-0.13192515864566287,-0.18068197250637633)
 (-0.082381022429776768,-0.23806780001671959)
 (0.038071308948837812,-0.28478974942095775)
 (0.26614839306508919,-0.29132897323529361)
 (0.62967080557020405,-0.2247725577796868)
 (1.1368800269424417,-0.062791540971970483)
 (1.7676112121796876,0.18603487952573927)
 (2.4636707486656744,0.4543442245468754)
 (3.1065570548794779,0.57394537941166224)
 (3.4628392531137502,0.21318898545317078)
 (3.0940404481274162,-1.1684814141689603)
 (1.3424486439291514,-4.1461107120495173)
 (-2.2856940022175998,-8.596387515126608)
 (-7.3831353750769697,-12.864614802757117)
 (-12.664750258003725,-14.293300709255838)
 (-16.565249406851297,-10.46590287269199)
 (-17.046981177910524,-0.98956863240546689)
 (-13.371950169140462,8.9838965568990972)
 (-8.3725574594334091,13.739712624044559)
 (-4.409063854551917,14.237596468771866)
 (-1.5208799758049096,13.463060679512537)
 (0.88564063519764602,13.151275082742028)
 (3.2279675497398586,14.212141338344152)
 (5.6070403877956849,17.220677310534736)
 (7.6831364967948588,22.089497336582383)
 (8.667676581597803,27.088148293547917)
 (7.9991256773356483,28.972291899953817)
 (6.2693540200416749,25.80120685065468)
 (4.801849560339889,18.590249311344841)
 (4.5823682342312253,9.3229681190659655)
 (6.0754586090431815,-0.91431528417767716)
 (9.6229499107783312,-12.244768792504404)
 (15.985581921552694,-26.109254417657645)
 (193.33464788540584,39.367652188084392)
 (212.22955741219292,45.555343936701718)
 (203.7378908973655,51.537257079500975)
 (165.39029660816749,53.253003541950434)
 (117.98640068821462,50.077278571154672)
 (79.671566878205255,44.779241826002263)
 (53.866174462310696,39.670420228176937)
 (37.418401068595472,35.630393729268803)
 (26.767869857053086,32.769858100047273)
 (19.322522304095713,30.892368987852645)
 (13.172587487133512,29.527962313639541)
 (6.4927027350015436,27.506883963398963)
 (-2.9454070805218322,21.74485402883754)
 (-16.824782805882649,5.4773008535145546)
 (-31.38043188729592,-30.329709664292658)
 (-37.029462717333722,-120.04491862676713)
 (-38.415993650554981,157.45457980562963)
 (-31.148215276489097,24.436740362196641)
 (-25.178850714394983,3.3605960213449495)
 (-19.875141385226669,-3.751407616881719)
 (-15.132654697416331,-5.8991714104993171)
 (-11.041365237457715,-5.5868055237262624)
 (-7.7839903561780321,-4.1948444883090286)
 (-5.3930709659628313,-2.6635012209478202)
 (-3.7263044864159625,-1.4537373715149637)
 (-2.5879796227470981,-0.66186454132902039)
 (-1.811524899532639,-0.21711895903716494)
 (-1.2771647564844681,-0.0099122091048999827)
 (-0.90367831267037835,0.05618763860247622)
 (-0.63735500115139376,0.051556788626122008)
 (-0.44374664028330973,0.021746104169179603)
 (-0.30196201107002352,-0.0077220213976779695)
 (-0.20048492702070728,-0.026428495445766198)
 (-0.13377809692512518,-0.034738970367627853)
 (-0.099186104645447248,-0.039962407527101756)
 (-0.093822286985437542,-0.052649022923211657)
 (-0.11136369834519533,-0.082728573305220918)
 (-0.13908864566184417,-0.13541613019394144)
 (-0.1560147377065757,-0.20727924742419246)
 (-0.13333066233954263,-0.28352693101982662)
 (-0.038008365854489676,-0.33815659509401119)
 (0.16065429258940989,-0.33864509797371006)
 (0.48315679712938225,-0.25634363499871859)
 (0.93224802503592064,-0.083642222646966968)
 (1.4844233771194091,0.13844888417670509)
 (2.0716276004874494,0.27074673259596693)
 (2.5309334178938396,-0.018511324098674287)
 (2.4924688115261251,-1.3921172180497754)
 (1.2793478267472718,-4.7704226738418445)
 (-1.6295312976118801,-10.106585906384826)
 (-5.1693867733965764,-14.331443884106061)
 (-7.0324041845447525,-13.558812763262992)
 (-6.3411105379523249,-7.4798548622949426)
 (-3.9730185942065006,1.1839628612886655)
 (-1.4328716787893399,8.7557786504432258)
 (0.31511989483885827,13.243335143270722)
 (1.3223170543394787,15.322798557750332)
 (2.0842243531728357,16.64999899735983)
 (3.0723464567023129,18.724611282367146)
 (4.7006914800216464,23.002424390790686)
 (7.3767187295351562,31.25087936745992)
 (11.169953690121353,44.731990345798323)
 (14.443830517298835,59.177302816629535)
 (13.776919398186877,61.207895793836556)
 (9.732273933211971,47.559196997412926)
 (6.3159717376103686,29.998085006370047)
 (5.2917921641235353,14.855341686381161)
 (6.9122397926204826,1.8939793226531716)
 (11.645809709582721,-11.090599425921843)
 (21.351473882642274,-27.790916112917802)
 (-312.94379279599497,-81.046160345878576)
 (-254.30090937616563,-64.361271585921401)
 (-245.71226328389039,-66.050764021048735)
 (-296.37784770380136,-90.602483220457074)
 (-628.11319958547142,-227.30541720742323)
 (673.61999435949519,292.40645389913226)
 (168.19072467853456,87.134171354671452)
 (85.401171309935393,52.045386413023579)
 (53.977729212273061,37.986693971092222)
 (38.318567207361795,30.471847793965217)
 (29.017809467208437,25.270396297467819)
 (22.119593647925903,19.649932190602957)
 (15.021991506585863,9.8106295355923585)
 (6.3057964131270836,-9.9513742858362946)
 (-0.67706581102496699,-44.720557065309258)
 (8.9233194092157078,-132.06467881885391)
 (-48.460692566335567,140.44663674125655)
 (-22.375581603607081,24.307728998614806)
 (-15.428113681034725,5.733590363600646)
 (-11.032715189391634,-0.51931548784669657)
 (-7.8303277050281048,-2.6790272275169267)
 (-5.5032800255514616,-2.9471967997753254)
 (-3.8762021595312914,-2.3276733746013076)
 (-2.7696030534163469,-1.4511385063977964)
 (-2.0165739745596989,-0.6844613284460791)
 (-1.4930323912905521,-0.16853176600296849)
 (-1.1187056673710407,0.10095380945256033)
 (-0.84313098725240121,0.19044687974922903)
 (-0.63347653663110637,0.17538572239504635)
 (-0.46809040246201306,0.1165181994125935)
 (-0.33363892182602789,0.053840268558737359)
 (-0.22352865253959095,0.008261633268844798)
 (-0.13647314519376721,-0.014344746766907585)
 (-0.074813997235765539,-0.018849922912401427)
 (-0.0424744180604993,-0.016860659994880421)
 (-0.042517363487975586,-0.022901858767637329)
 (-0.074426286146645371,-0.050593067600236068)
 (-0.13150560239058029,-0.10881264292034623)
 (-0.19913112983918146,-0.19822623008592641)
 (-0.25473923748943395,-0.30901250113835033)
 (-0.27016313436866624,-0.42095247969397198)
 (-0.21614218690193568,-0.50709850001768619)
 (-0.067884967105052874,-0.54215542509075509)
 (0.18983973556568767,-0.51731319442116641)
 (0.55862493380840994,-0.46662913397930983)
 (1.0203221261408246,-0.5210660983565234)
 (1.5165156278861245,-1.036458329911726)
 (1.8782962062524451,-2.9016193767448133)
 (1.6558018065613025,-8.0133218451981882)
 (0.22426294661897561,-17.671146784084506)
 (-1.1355633328607606,-23.765683550580398)
 (0.11024523042996037,-17.624300639106352)
 (2.6634525801735371,-7.1492152313483732)
 (4.7496981800512579,1.7908758931841178)
 (5.7813366998070812,8.1822133186082944)
 (5.8802029269210934,12.455320264677567)
 (5.5017697085496238,15.625451903831092)
 (5.1412991518122766,19.006025939520221)
 (5.2854960557221808,24.360488182745208)
 (6.6770197034505507,35.016534666692813)
 (11.224506837059721,59.919410371000794)
 (25.679796881578241,130.78493119274682)
 (71.056763362553738,346.6763037678495)
 (72.132354362181559,353.49631337070883)
 (25.593354745229433,132.27093665616889)
 (10.528358140802851,55.056060906506858)
 (6.6555887189799279,24.294351002888114)
 (7.8052318454147951,6.9103437291607008)
 (13.512317860385991,-7.6636949905312974)
 (27.159557249390829,-26.787615678068828)
 (-88.378889610516495,-25.914598919472816)
 (-82.541350216118644,-22.134373023071156)
 (-81.039998074296079,-21.14244775582241)
 (-84.810398681470531,-22.778997326189405)
 (-97.308921671003205,-27.94509824303773)
 (-130.56251001095418,-40.679432236158775)
 (-255.75481991513479,-85.966517366239486)
 (1177.3614121834576,417.82648384532888)
 (158.23232827503597,57.071561787662681)
 (83.153097616176169,28.463973571862617)
 (57.479412715312513,15.973185427085273)
 (45.390708094564303,5.4583202955218049)
 (38.233107387525564,-9.1181654056881065)
 (32.689504486871279,-34.17170267150285)
 (31.720710831151749,-84.14962253956287)
 (177.48079969192429,-730.94349226420206)
 (-21.092046992323638,70.252321640606311)
 (-10.471324582919424,20.02309946881596)
 (-6.8076511127880099,6.1365245900472791)
 (-4.514315058486547,0.70446893309446423)
 (-2.9145289636818115,-1.4238607713250024)
 (-1.8591995963368739,-1.9166357152415163)
 (-1.2327266991970134,-1.5835539038437565)
 (-0.89707696488402755,-0.94973167884106624)
 (-0.72538099727781558,-0.35089456517322704)
 (-0.62979914304907769,0.05559924940432831)
 (-0.56177422723107795,0.24934709607249828)
 (-0.49836378588568231,0.28242029355795456)
 (-0.42986917934713975,0.22541862763592047)
 (-0.3533322705489973,0.13798204665992275)
 (-0.27015909943494615,0.059057557222366996)
 (-0.18535264470307197,0.0074988541598854652)
 (-0.10691120688640177,-0.013692348925319037)
 (-0.044834686923644264,-0.012597758522686062)
 (-0.0095840243844377612,-0.0040033732095163307)
 (-0.010012322738696955,-0.00541170306782274)
 (-0.050955267761311436,-0.033275399047590942)
 (-0.1309062493790871,-0.099475784901482012)
 (-0.24043070378450462,-0.20841202214321908)
 (-0.36202076754120682,-0.35539700761372495)
 (-0.47180545879349062,-0.5272530462941174)
 (-0.54292484314340228,-0.70607365931089539)
 (-0.54965014269960966,-0.87735893958319355)
 (-0.47071925673868853,-1.0449826283299761)
 (-0.28982205742228362,-1.2600857546615527)
 (0.010234121660703366,-1.6871901123489066)
 (0.47025382773131597,-2.7927322947183431)
 (1.2458544648308969,-6.0236289650767327)
 (3.1055082139408867,-16.954027282924322)
 (10.764373858144733,-60.512426611374622)
 (23.846359802510982,-95.839088731320643)
 (16.159494218211648,-32.627399378136424)
 (12.511577332288475,-8.5531943600200684)
 (11.103393097738664,1.3937241468526318)
 (10.133791903424761,7.052200670206596)
 (9.1183213097802849,11.189396694664945)
 (8.0525784696337013,15.163759691974501)
 (7.146672573312955,20.399706370101718)
 (6.8457783664115865,29.656964032153731)
 (8.4765037143668369,51.631696056871618)
 (20.541069521284289,142.52485185212527)
 (-84.401205959450664,-537.9272346230714)
 (-29.199918811516426,-160.15843658031781)
 (-34.364343819799544,-170.84567246287793)
 (-251.04066531983051,-1229.785509020789)
 (22.178845090137173,109.4879159349249)
 (9.5203816670142203,37.262305880204359)
 (9.3187579928832776,13.675362592306488)
 (15.396069295309672,-2.1040464070679206)
 (31.968641867701564,-21.722185353100521)
 (-51.94419524893442,-15.797260610993888)
 (-50.311163784842748,-12.997458003031911)
 (-50.047089856245812,-11.452031407707615)
 (-51.52961298717215,-10.88185427367792)
 (-55.539414956914491,-11.115131736162214)
 (-63.789671909873164,-12.109646159924338)
 (-80.697011982367712,-14.061462425974739)
 (-121.614717766344,-17.898878627234623)
 (-296.45576070216191,-30.089530148362002)
 (566.09682263521449,15.317093927668566)
 (151.94472070785793,-14.196315037562428)
 (97.21320261146181,-28.370935018025222)
 (82.882633204293029,-52.119601900033814)
 (94.192849100116717,-115.06481416066173)
 (1454.9871122688278,-3320.3832789603207)
 (-25.648363231212304,103.87649317306901)
 (-6.0181755952781364,37.420848363639216)
 (-2.0814227936893732,15.742727972317297)
 (-0.70587854245234105,5.9930091165056041)
 (0.060842142491289941,1.2319705027691095)
 (0.53439955168591435,-0.9422719762556877)
 (0.74527834325436304,-1.6102156633620246)
 (0.72625746807199931,-1.4255371013861933)
 (0.55296655954178697,-0.87660307924009551)
 (0.31532357400324906,-0.31218377664564245)
 (0.084838728424759424,0.082551404790663141)
 (-0.097868047661726187,0.26812243559280868)
 (-0.21800212425198207,0.29111909172064532)
 (-0.27628969271501408,0.2239867034174694)
 (-0.28126424210657175,0.129264211899276)
 (-0.24540655749818921,0.047253694629612042)
 (-0.18361381046438494,-0.0035160116643040695)
 (-0.11244680221320809,-0.021409791462580298)
 (-0.049268984414332806,-0.016315280563084015)
 (-0.010901748557452734,-0.0048935725104485104)
 (-0.011734858653820204,-0.0064492715865973578)
 (-0.061482827578048807,-0.039243739023970624)
 (-0.16302099246567597,-0.11729764687396238)
 (-0.31090058585644254,-0.24804627182142422)
 (-0.49110463416503508,-0.43145298073512084)
 (-0.68230130189962357,-0.66130060108770339)
 (-0.85835031293811526,-0.92949576466720174)
 (-0.99125859024559315,-1.2347298813935987)
 (-1.0531319248425202,-1.5986644523488567)
 (-1.0142977373644442,-2.0987631957659447)
 (-0.82990984683048019,-2.9481979822494724)
 (-0.38474487249784151,-4.7456965317358062)
 (0.77827961455340144,-9.5666613343286357)
 (5.79248154836624,-29.55926615588691)
 (-381.690176368594,1295.6421000318583)
 (-72.359202575849608,163.60613430575282)
 (49.180687505648109,-64.156627988619206)
 (18.782019888267968,-10.566819223008615)
 (13.330373400457873,-0.15478181735763408)
 (11.123531985115182,4.9572728096664385)
 (9.6733994127525946,9.0024212480740253)
 (8.3762733672239662,13.498016714363084)
 (7.1373353195598099,20.116464901624202)
 (6.210755450086868,33.031010644085484)
 (7.042472587451436,71.241792339315879)
 (61.891633103535128,809.85714042639415)
 (-14.140147510599022,-137.14846612753888)
 (-13.930445366322175,-91.518707936968937)
 (-20.316515355943807,-103.51947221402045)
 (-55.67583117791375,-253.46384736060634)
 (39.078691151968542,168.99814847310597)
 (13.422475617842736,47.103259091887836)
 (11.65242593829629,19.389616530391592)
 (17.339125604716202,3.3260623449390394)
 (33.752372269011936,-14.452136882287007)
 (-36.665680536246725,-10.540885300204533)
 (-36.506005423001014,-8.0300438853437726)
 (-36.82418717629362,-6.2538635806459375)
 (-37.81751976524761,-4.9612288879562136)
 (-39.767937189793621,-3.8863450040553005)
 (-43.132395347088178,-2.7095767323442361)
 (-48.753082056194025,-0.96075648858733587)
 (-58.394784368197413,2.2558168940666192)
 (-76.337854523826181,9.1692591838613886)
 (-115.20410874987334,27.073264632482008)
 (-224.18700691546897,89.344761142790844)
 (-614.39168623400838,391.04684466493995)
 (-449.65598576997292,449.44267844644651)
 (-98.899053048245719,158.54972318091586)
 (-27.275924404832079,75.286891271185752)
 (-7.2682173257004834,41.74753486206518)
 (-0.58120140772733464,23.690366940668646)
 (1.7456123817194928,12.642808753005363)
 (2.5766905292873599,5.6795165600815896)
 (2.8746639644655545,1.4379976498502118)
 (2.9064392434894986,-0.85373367487695417)
 (2.7179422900458512,-1.7310369068182745)
 (2.3311070997577623,-1.669770109966767)
 (1.8082784514212773,-1.1356758772297728)
 (1.2442481079779666,-0.5227324885823974)
 (0.72806076651722262,-0.067143841675138649)
 (0.31440843533658924,0.16586086739674488)
 (0.021006051992273678,0.21954017648634916)
 (-0.15882058247406827,0.17143520094344766)
 (-0.24339347689408386,0.089088069525387198)
 (-0.25540527623958464,0.015614464340797315)
 (-0.21899369822835194,-0.029352760204593903)
 (-0.15872853384104854,-0.044006053216309529)
 (-0.098879587291983095,-0.038492311131679668)
 (-0.062231476696737204,-0.029909105136092105)
 (-0.068287743894950417,-0.038085330991677338)
 (-0.13107664057458607,-0.08196908295021299)
 (-0.25702199344600057,-0.17670926488229843)
 (-0.44343701742409308,-0.33179725134862598)
 (-0.67806149254518333,-0.55077919732261627)
 (-0.93970586638674836,-0.83306892721643921)
 (-1.1996222885211631,-1.1784815011997065)
 (-1.4228044775341135,-1.59565399953423)
 (-1.5678328798512398,-2.1172624313755288)
 (-1.5821542371406341,-2.8300516085615306)
 (-1.3834174115254836,-3.9446315590042436)
 (-0.79176711308022973,-5.9974552861963062)
 (0.75765083923597309,-10.619588287232176)
 (5.971824547137409,-24.870628119234802)
 (42.637863032883352,-112.53630910272551)
 (189.98045380150231,-360.81733611810705)
 (30.279923506001737,-39.242037744001209)
 (14.254299095833204,-10.527632111857015)
 (10.155650746703934,-2.4860704086380343)
 (8.4631417060548699,1.8589189541330611)
 (7.2938659881539465,5.6240858083291387)
 (6.0088897785979967,10.146275351463949)
 (4.2874236648923301,17.139343892020946)
 (1.8038867853149299,31.441329279401497)
 (-2.5970339344345881,79.16564079182271)
 (47.963745888024164,-1242.9984825743109)
 (-1.993547569350099,-115.2265217232511)
 (-9.1097465772999371,-90.134785334357645)
 (-20.610566351214615,-115.53853132043733)
 (-101.49856163722981,-438.76238572300872)
 (36.204967351215046,133.48852786762853)
 (16.379704043312216,46.074508637964215)
 (14.420809474303709,21.010295282959103)
 (19.291074556955593,6.0288948999075451)
 (32.742677726507793,-8.9597850981711264)
 (-27.77649525362807,-6.5841325374383697)
 (-28.505838981751538,-4.1974535511364044)
 (-29.248817456377736,-2.3066927387158014)
 (-30.096141381817461,-0.71529155973317571)
 (-31.13607520253359,0.80644046780837297)
 (-32.457200376847879,2.5346031819603185)
 (-34.152602774833127,4.8222215345007644)
 (-36.317161060522423,8.1611707143508543)
 (-39.000036717427115,13.280863471059485)
 (-41.963288945129293,21.181330380011026)
 (-43.841044620896731,32.428757954460615)
 (-40.909102207083372,44.0167578517827)
 (-30.456959216227705,47.683205169312906)
 (-17.69316633055432,41.588666270128726)
 (-8.2140924364031349,32.494541760098002)
 (-2.3794041067487939,24.044624825567755)
 (0.9938058035706625,16.668819760076051)
 (2.8781235524336601,10.351780972977791)
 (3.9123227514301462,5.2112994448741325)
 (4.4481798342142413,1.3791849469050799)
 (4.6188402323926772,-1.0894128294135517)
 (4.4373250991886382,-2.2549839144610901)
 (3.9071188130422527,-2.34691297828364)
 (3.1098488281429644,-1.7805196986431748)
 (2.2107223838330254,-1.0308575079159072)
 (1.3783364917119509,-0.42934690416789345)
 (0.71167760577287353,-0.083824700498864702)
 (0.23488171253167534,0.047105412477502107)
 (-0.070565755896773608,0.050571561561776071)
 (-0.23800721270073333,0.0020656033277322294)
 (-0.30274549257253791,-0.050471064567217158)
 (-0.29856799606276524,-0.084435847117208987)
 (-0.25758435571558447,-0.095988015588993364)
 (-0.2102825406928141,-0.093788911986171147)
 (-0.18474861885983143,-0.093830390257128499)
 (-0.20496998873783706,-0.11512834870443625)
 (-0.28859510198039867,-0.17612826264990533)
 (-0.44472143142244308,-0.29197494920607964)
 (-0.67224645940783878,-0.47300910771628341)
 (-0.95902097589621804,-0.7248613263207816)
 (-1.2815865380710969,-1.0503877394576129)
 (-1.6048759840631677,-1.4536416237238692)
 (-1.8810618716645093,-1.9463610293580953)
 (-2.046568310319592,-2.5583416497059313)
 (-2.0152659301995559,-3.3551440523954197)
 (-1.6619525780822557,-4.4719178620656255)
 (-0.77865975324303016,-6.1868953213241635)
 (1.0407323187972883,-9.0917405984939794)
 (4.6251953950428755,-14.372486499590154)
 (10.622034927358598,-22.610729182780055)
 (13.572279940147519,-24.82368640918153)
 (9.1836548394454454,-15.792718037970484)
 (5.6384070059717679,-8.5869729823541743)
 (4.1494474497314613,-4.5180913452634961)
 (3.4463413804084766,-1.5757869927533799)
 (2.7141442173281192,1.3856654037270291)
 (1.4230546504323556,5.1911324477148808)
 (-0.96060599458016327,11.151484828886202)
 (-5.4395313933041827,22.993666480140064)
 (-15.810171581683781,58.010525539256705)
 (-114.00771332880313,521.81675704831491)
 (18.719855704127241,-182.40461731950558)
 (-5.1310021423019307,-149.43023585184037)
 (-46.571782756520186,-298.74354227546775)
 (76.747255189021587,308.06267607014593)
 (26.241556901083186,78.453859982002015)
 (17.979769202695834,37.297967584727424)
 (17.194032780659597,18.566522938373652)
 (21.249306162317595,5.696853908967217)
 (31.05822801585002,-6.5368767786170778)
 (-21.393217309373981,-3.0316493590182718)
 (-22.844893689388044,-0.68606147253923266)
 (-23.993486891396884,1.277267921246378)
 (-24.830322067248503,2.984576570910586)
 (-25.322816411687029,4.5915000798248045)
 (-25.398642367803916,6.2715609585893155)
 (-24.925017367386374,8.1974104515776247)
 (-23.690051951664401,10.506980135064792)
 (-21.416608615704419,13.235094793357046)
 (-17.892988870027807,16.187136061211646)
 (-13.340563170102186,18.802586494328757)
 (-8.8222674206335014,20.301345301725796)
 (-5.6590795601187835,20.374784831123367)
 (-3.8672694644393033,19.461639779217549)
 (-2.3910138038917275,17.869295422037009)
 (-0.67848366092407986,15.456349966605519)
 (1.1330781093309881,12.187805889702689)
 (2.8011420532859646,8.3690086301207245)
 (4.2227681556228003,4.4718339250330414)
 (5.3692143357408337,0.9507559546525528)
 (6.1647153581710104,-1.8014015068612279)
 (6.4293441558709885,-3.440488941235551)
 (5.9743753739214007,-3.7916003477292701)
 (4.8518770927811934,-3.1099959956051633)
 (3.4349601569445092,-2.0362455246443667)
 (2.1287722047525728,-1.1203738655078395)
 (1.1241271515350131,-0.54952355110905948)
 (0.42961648894705284,-0.27100544674429211)
 (-0.014043377561655301,-0.17192271969231407)
 (-0.2716860485273106,-0.15944186852688741)
 (-0.39755497529491213,-0.17556821704448811)
 (-0.43638777728443706,-0.19129772789014171)
 (-0.42726984772367343,-0.19818371432702309)
 (-0.40590844883711108,-0.20137217566932661)
 (-0.40474229664212269,-0.21410843535842058)
 (-0.45140657301496934,-0.25321497287993466)
 (-0.56637086934776715,-0.3353931385524207)
 (-0.76056398375347378,-0.47456366118668147)
 (-1.0335177231722208,-0.6805749763394402)
 (-1.3720135123780621,-0.95944228645887697)
 (-1.7485991192605788,-1.3149641015811966)
 (-2.1190125585877264,-1.7512989763892162)
 (-2.417854614572938,-2.2759823266390544)
 (-2.5529719484139095,-2.9028182339265038)
 (-2.4008256122719791,-3.6537969031663478)
 (-1.8074110355508322,-4.5581971170430036)
 (-0.60479964154507293,-5.6439691725077381)
 (1.319417658019173,-6.905612867353641)
 (3.7630862396814733,-8.2017048984009335)
 (5.584336513957644,-9.0497781937574189)
 (4.8902146083473497,-8.7926545022813052)
 (2.1443513858437058,-7.6945528102622465)
 (-0.14426231136713596,-6.5908274558229412)
 (-1.2568228873179663,-5.5966774817054352)
 (-1.790617099165754,-4.4277601562644513)
 (-2.444953418209618,-2.7967285378184652)
 (-3.8208871487119467,-0.3651897577943215)
 (-6.5616970636308523,3.5606383243773134)
 (-11.644906336551941,10.881885039645205)
 (-21.103272016952761,27.843804761428757)
 (-40.178480166857469,80.663846461383031)
 (-75.279292978972563,304.35310590691859)
 (-11.460569366996296,483.24855384807501)
 (29.131152647900763,186.2692788259302)
 (25.955384425648532,86.081532346678614)
 (21.543668733541836,47.659100240523664)
 (19.442934805890033,27.528931936874283)
 (19.968565352529467,14.234111322863788)
 (23.342789655769224,3.7191088982537686)
 (30.146358850054355,-6.0520090970550768)
 (-15.987968297134913,0.38880181446058515)
 (-18.106260114923714,2.7901074806957631)
 (-19.69407823783348,4.8482924518938706)
 (-20.617635442126968,6.5964594759602928)
 (-20.728923055957367,8.0892359310011859)
 (-19.864872038226679,9.3805192757439482)
 (-17.854229864299541,10.487226377328586)
 (-14.560948963787922,11.345160768249936)
 (-10.018563043660407,11.781911992070025)
 (-4.6951053596938124,11.573431035854485)
 (0.25267062948984176,10.675266518913158)
 (3.2522970923154233,9.5425584219590327)
 (3.5010604461587747,9.0153427409072595)
 (1.9608460500871701,9.4462590970184213)
 (0.48997825080601487,10.131390944027487)
 (0.15926020179062306,10.027728950175995)
 (0.92652509086155987,8.6795521067432517)
 (2.3567656020627261,6.2718066721373642)
 (4.1363477226267982,3.210783547155132)
 (6.1267784661461349,-0.15470392773181008)
 (8.1711478552313039,-3.5020395055166453)
 (9.7485318466973148,-6.2196886292587088)
 (9.8395056125154525,-7.2438890587658982)
 (7.9991661372951768,-6.1378579379743581)
 (5.3467264898788622,-4.0923458694682004)
 (3.1031934825140093,-2.3906666843770954)
 (1.5707404473096931,-1.3472704789764887)
 (0.59898209179818185,-0.79829374796823505)
 (-0.00026409263547821915,-0.53926649227849432)
 (-0.35746961658106424,-0.43039759920022735)
 (-0.55571327249599911,-0.3905958717715019)
 (-0.65206222465656771,-0.37804528205032395)
 (-0.69150660065081138,-0.3760550967435724)
 (-0.71350813066650343,-0.38389557038587185)
 (-0.75358431813895366,-0.4103439482999458)
 (-0.84200983067530966,-0.46863142087721832)
 (-1.0012847473606494,-0.57246337072626108)
 (-1.243585028696367,-0.7333114333135301)
 (-1.5687342137271876,-0.9592079692601907)
 (-1.9623083086533488,-1.254923219925216)
 (-2.3926279507063022,-1.6228954349566089)
 (-2.8051602873608159,-2.0638126673921544)
 (-3.1140322729223282,-2.5753511450177111)
 (-3.194076754892432,-3.1472374772665743)
 (-2.8840270193855586,-3.7508834281420209)
 (-2.02046252713845,-4.3236898312087613)
 (-0.52640377995259069,-4.7542844217474896)
 (1.4288572456409949,-4.8895922711674125)
 (3.2224063968148062,-4.6130355542290031)
 (3.7548276509493306,-4.047391402961118)
 (2.2179774447553413,-3.703798423016746)
 (-0.68548608540378808,-4.0583478490189879)
 (-3.3521663905639976,-4.9396351280594413)
 (-5.0302295820503353,-5.7981528016782047)
 (-5.9913440778032125,-6.2405287140979011)
 (-6.8535680913695245,-6.0998113408218844)
 (-8.2306069671671622,-5.2721043405733292)
 (-10.674538394374338,-3.4979438564415233)
 (-14.63456735507679,0.012916745743957847)
 (-20.043587154655985,7.3569610395799003)
 (-24.45680492668837,22.725447145535654)
 (-19.777897604726526,47.292707133679926)
 (-2.1613978472668549,63.629728872571441)
 (13.181908131340109,58.414350715738522)
 (19.42669714086675,44.449353905514847)
 (21.052333677447024,30.904545198216049)
 (21.712072995679151,19.44151647705992)
 (23.06126725548863,9.7680345914246516)
 (25.82956682847319,1.3494157220336263)
 (30.467997632928245,-6.3725307241839246)
 (-10.782737245797165,3.7103434366133659)
 (-13.507888936384504,6.3287787139649465)
 (-15.574270360688331,8.5977279825168473)
 (-16.671129783100611,10.411488701784117)
 (-16.496207615346862,11.67807222466131)
 (-14.814511899596269,12.317083444900167)
 (-11.528815665191047,12.247625694845631)
 (-6.774103379533102,11.385266723138464)
 (-1.0468470090544457,9.6875777165009431)
 (4.6852295155681958,7.2833995620882508)
 (9.0678824855932234,4.6476052746900773)
 (10.833142815092685,2.636302289131208)
 (9.5868620251564494,2.1174388368086881)
 (6.3593894997365084,3.2101674870886976)
 (3.1046510392318254,4.8943444112125549)
 (1.2709542761963704,5.8106167618806488)
 (1.081641578479335,5.3467438510045895)
 (2.1253314494209015,3.6553281215455833)
 (4.0981661565029945,1.0285093693913057)
 (7.093825877848964,-2.5528264013060316)
 (11.601516160716821,-7.5628501148752285)
 (17.697531831553771,-14.255445968929454)
 (21.256394058514857,-18.908974589263345)
 (16.244595237714236,-15.227414330981386)
 (8.962602315484947,-8.7549144603236257)
 (4.4443408485378253,-4.6774521470407704)
 (2.0443016461693104,-2.6088586388953088)
 (0.72711923816745427,-1.5894409514778984)
 (-0.041172622244645574,-1.0874903962498228)
 (-0.50760705220351798,-0.84302645457605196)
 (-0.79323309581564583,-0.7271296241550772)
 (-0.96701373385315148,-0.67556560833948354)
 (-1.0775945335902501,-0.65899587038637675)
 (-1.1659975676242262,-0.66836858066306792)
 (-1.2691193749062899,-0.70634074992496043)
 (-1.4187379451132707,-0.78124860938864127)
 (-1.6388300800230866,-0.90266560406361585)
 (-1.9429427730208113,-1.078552141941209)
 (-2.332154164463915,-1.3140278079565118)
 (-2.7927082745859462,-1.6112934662107818)
 (-3.2911534252807262,-1.9695650324091825)
 (-3.764518539234571,-2.3832520678250333)
 (-4.1052601466864882,-2.8361053618277943)
 (-4.1486627162573999,-3.2893038617938162)
 (-3.6871562253841468,-3.664872238928762)
 (-2.5519989994570356,-3.836123084227784)
 (-0.77883001761984838,-3.6512655474940097)
 (1.2202379115696722,-3.0163192045755762)
 (2.6430743898114564,-2.0317879689091227)
 (2.5940206344414349,-1.1093154838311383)
 (0.7073616560802769,-0.87528609279503744)
 (-2.371243937279317,-1.7211233399200641)
 (-5.4375676482320401,-3.4238929106876745)
 (-7.7173072599239205,-5.3813656755140045)
 (-9.1950163043585995,-7.0904822990212537)
 (-10.287261265961277,-8.3183409247646818)
 (-11.488453113451097,-9.0036992094409776)
 (-13.168655668409379,-9.0666625542159238)
 (-15.367264280847699,-8.1344565678991714)
 (-17.322373865093855,-5.1290610668849279)
 (-16.651608348555435,1.8796534360077288)
 (-9.885498809672896,13.559449065455714)
 (2.3561708157970429,24.957966368954843)
 (13.650107194693476,29.425260510495683)
 (20.361881513227573,26.829141342825039)
 (23.607978334639327,20.550027781872728)
 (25.376448048293327,13.136007290592104)
 (26.976903130126288,5.8411849367101087)
 (29.117147213436539,-0.87652644036056859)
 (32.211099511101935,-7.0020219891260655)
 (-8.4507808316365924,9.9447300182200209)
 (-10.973993936492747,12.702338402608078)
 (-12.296636870175405,14.765561813686329)
 (-11.875171113136702,15.781791871143135)
 (-9.385896514876805,15.491981004785808)
 (-4.9174559890683298,13.825481635235775)
 (0.96509039157196241,10.9398199534248)
 (7.319085503769422,7.2042102280555849)
 (13.028935263341879,3.1616285193327656)
 (17.018630954155924,-0.50227856580789698)
 (18.401706626173898,-2.9924080115755913)
 (16.683636559418638,-3.567234706692652)
 (12.338539188034041,-2.1130526283718183)
 (7.288979904186661,0.20431328317960684)
 (3.7025409697904124,1.6841567055479949)
 (2.2829339495577976,1.6141292744336484)
 (2.6330253914298467,0.20630327859334585)
 (4.4577056039515419,-2.3906360340637423)
 (8.3623080035237969,-6.9151491169540318)
 (17.598702416328805,-16.926619834437833)
 (49.328830486613555,-51.184055948069549)
 (184.29347588687185,-201.40832427869321)
 (64.821386349111037,-74.274740507169142)
 (16.630290549630843,-20.259959575890676)
 (6.124809221648662,-8.3438918218491906)
 (2.4851663323713766,-4.3244054859338465)
 (0.80376491376888559,-2.6225343276210444)
 (-0.13256980412425878,-1.8148879404434117)
 (-0.72048431810740665,-1.4124019644700947)
 (-1.1173698835725783,-1.2113093440175475)
 (-1.3995733816322491,-1.1165997072092257)
 (-1.6153577153969616,-1.0830261901151563)
 (-1.8039935516231638,-1.0914969522326685)
 (-2.0013265851633242,-1.1373526262256517)
 (-2.2393088903854577,-1.2230927367399742)
 (-2.5433999836650116,-1.3534176140974616)
 (-2.9301326285721983,-1.532185617892929)
 (-3.4053838155622662,-1.7610113935691853)
 (-3.9617978895452874,-2.0386341073066103)
 (-4.5718501636816171,-2.3594076544608686)
 (-5.1719172530766269,-2.7084771483929799)
 (-5.6348745917270922,-3.0506508629388267)
 (-5.7422393881014395,-3.3117559778627279)
 (-5.2037733210340313,-3.3618054881648112)
 (-3.809980193874281,-3.0326983346373768)
 (-1.7152289687593214,-2.2085579032832876)
 (0.41284596200297941,-0.95501695243041562)
 (1.6462919063348149,0.42096061657689349)
 (1.2749607639325653,1.4220249439757016)
 (-0.8160743912246069,1.5147774982235913)
 (-4.0384358276773575,0.40127828473451754)
 (-7.4225047997900511,-1.7642306600303139)
 (-10.202336475758941,-4.4828472023341597)
 (-12.135377499837329,-7.2401055386357465)
 (-13.393063964679843,-9.7243159596841089)
 (-14.287370814819326,-11.829951160456849)
 (-15.02513457904756,-13.519207745809966)
 (-15.470934138659569,-14.57175195975578)
 (-14.827950856803788,-14.203328883227666)
 (-11.378039703433934,-10.79921746503188)
 (-3.3344884123525418,-2.9841232979046044)
 (8.241900352650589,7.2133117644031266)
 (18.927474853895689,14.47373751660361)
 (25.837261762034771,16.020903146955732)
 (29.450018568741569,13.12639162525937)
 (31.297387877882244,8.076793466752628)
 (32.549696374749843,2.4692028635098966)
 (33.903962689177689,-2.922971645698941)
 (-2.2850116132403571,13.60054311088939)
 (-5.0227910108277456,17.432398295645797)
 (-6.4754058556852527,20.274586289316154)
 (-5.7334211413705987,21.187470217873454)
 (-2.347726425842481,19.561149812683585)
 (3.2310862222851995,15.587143711115516)
 (9.8629607933888082,10.172532869454002)
 (16.394931807856494,4.3693667088106505)
 (22.115176570009822,-1.0768285530684345)
 (26.685857510857012,-5.7553388788666879)
 (29.641656294214165,-9.2871312293669792)
 (29.645660858704396,-10.888164574698219)
 (24.821754352302605,-9.5926227460867679)
 (16.364455197521522,-6.2566075481815275)
 (9.0913829919373477,-3.6480986838503497)
 (5.2836891914835071,-2.9967372435079787)
 (4.2577199200390901,-3.9881523804428647)
 (5.3139469013657994,-6.5791253211064618)
 (9.2339400387219115,-12.354554879929861)
 (23.151864642148091,-31.15071493654267)
 (860.33511387428371,-1153.5627346929728)
 (-58.510609893710253,79.068888472611661)
 (-122.64055960915783,170.14750768781641)
 (27.725794453981784,-40.721938163450517)
 (7.3928763886165925,-12.259708383349345)
 (2.7880464568393841,-6.0538702247814209)
 (0.85496857056888942,-3.7217777802067729)
 (-0.23361817791397083,-2.6544426153476435)
 (-0.96709468092313011,-2.1259366210338468)
 (-1.5184945967059373,-1.8624440692980364)
 (-1.9625592413630422,-1.7409508676605991)
 (-2.3410949133003931,-1.7012930656473102)
 (-2.686299340233206,-1.714314453573937)
 (-3.0286919536139374,-1.7676431406026296)
 (-3.3981927978251902,-1.8576894302672118)
 (-3.8225514378811041,-1.9844457983837955)
 (-4.3257440169979464,-2.1481836420695113)
 (-4.9270827393088652,-2.3474550585866227)
 (-5.6392016679132606,-2.5771745061663038)
 (-6.4599401831785954,-2.8245824238779642)
 (-7.3490685455080076,-3.0596338119711093)
 (-8.1775332027532741,-3.2154400944590273)
 (-8.6506029793213735,-3.1594870702268643)
 (-8.2864334061034715,-2.6848730906257647)
 (-6.6780425866553328,-1.603330197155397)
 (-4.0811681321806983,0.039517625247609267)
 (-1.5706752827117665,1.8813942019095116)
 (-0.28853676315076271,3.4542301541800597)
 (-0.78326237289644851,4.3554974446716761)
 (-2.9812032946467824,4.2464541552227946)
 (-6.347196385164807,2.904445705663417)
 (-10.079946968225801,0.36302524776507838)
 (-13.41036237800018,-3.0528659892199919)
 (-15.862822610497577,-6.8802123485880093)
 (-17.308343236446056,-10.727014621530039)
 (-17.829809366925208,-14.385675982682514)
 (-17.50376995378749,-17.796509605989158)
 (-16.149617584792814,-20.846828984839245)
 (-13.051430283758009,-22.978667612879146)
 (-6.7952631084641695,-22.689378107686096)
 (4.0095174117379315,-17.754635886533045)
 (18.157003815755942,-7.9738799920279178)
 (30.727822109029347,1.992054345902087)
 (38.08530931125577,7.0644662678878998)
 (40.957848991796382,6.8751172344946809)
 (41.577654203622515,3.6666575357873556)
 (41.52356239107425,-0.63265432941976574)
 (41.619579095663511,-5.036453117947409)
 (5.8972842129687848,17.169299326018031)
 (3.8812414280294689,23.304075711529372)
 (3.0330594375041215,28.415875877952448)
 (4.5968490664730979,29.941710132996644)
 (9.0138848963057683,26.130430670371044)
 (15.142599107189326,18.240723009313584)
 (21.441251994417826,9.2694905350094245)
 (27.406298648811983,1.1482646386388637)
 (33.671727488616618,-5.8968456612042566)
 (41.663934433095861,-12.677876757047471)
 (53.266826620569759,-20.470564925901549)
 (67.741185336527977,-29.47658275513826)
 (68.960503332593092,-32.511053610976234)
 (43.571551316540138,-22.387806045110761)
 (21.098953805600441,-12.717484106155551)
 (10.785708115621365,-8.703982162224122)
 (6.9247090433834799,-8.1161356124964996)
 (6.3045242969020556,-9.9173473660937645)
 (8.5709280003025441,-15.322964597178196)
 (18.238418766609243,-32.927641542421938)
 (139.50688922133043,-243.42419935680272)
 (-74.106419569553992,124.73864140264297)
 (-363.22650536597166,600.63714298517311)
 (22.748167332381861,-38.387575981493832)
 (7.1293983056372987,-13.249793251647956)
 (2.9185525490985622,-7.01410586036795)
 (0.96151112241076331,-4.5968460631569315)
 (-0.26289218151712168,-3.4869208588108997)
 (-1.1879386516137744,-2.9505496534883355)
 (-1.9692327937014908,-2.703385138795976)
 (-2.6690394378702198,-2.61317478245339)
 (-3.3142667264181176,-2.6104783633293858)
 (-3.9199988808109358,-2.6567029833084166)
 (-4.5013906259643282,-2.7310319192120449)
 (-5.0801198695274117,-2.823909934673154)
 (-5.6872673826536779,-2.9325435866668901)
 (-6.3641662468923847,-3.0568785076610951)
 (-7.1629905931106626,-3.1955047603489533)
 (-8.1474844369017561,-3.3403838613588595)
 (-9.3898905844556637,-3.4673356739372299)
 (-10.949395694578886,-3.5156585878357394)
 (-12.791653556671122,-3.3462132872900918)
 (-14.572035718164624,-2.6791509794640893)
 (-15.30830729597332,-1.111053786677652)
 (-13.668429892197477,1.4922106383295839)
 (-9.7982605808941088,4.4198609659319965)
 (-5.942377432837354,6.6779961392672673)
 (-3.9431727525376168,7.971635098980741)
 (-4.1711946688503758,8.4042221139844102)
 (-6.3239240187525212,7.9392710973592324)
 (-9.9082614650691596,6.3558795127436287)
 (-14.270276389716253,3.4475415187683502)
 (-18.598673688319252,-0.77352488621334725)
 (-22.056899669113882,-5.998659410434418)
 (-23.99635828647072,-11.730400350772836)
 (-24.105766505545112,-17.524297693804765)
 (-22.33836569143385,-23.192045425777387)
 (-18.576483433891852,-28.773301637607428)
 (-12.129842317206659,-34.18143861661909)
 (-1.2288546058515522,-38.442910920433491)
 (16.691893834521174,-38.589737226425441)
 (41.049361089342312,-30.380763444940943)
 (61.923323470268002,-15.471914564989614)
 (69.608001318216253,-3.7352007114915295)
 (67.583778344416629,0.24341207743264803)
 (62.837480138188809,-0.87709850307154369)
 (58.666092142250406,-4.0652428499213649)
 (55.940073316206117,-7.8244873587503392)
 (17.479663975247547,20.256439810230532)
 (19.428412054100818,31.39553141666207)
 (23.280403461176377,43.868549507782831)
 (28.956606123225342,49.853622245384138)
 (33.922371218929143,41.072293596343542)
 (36.407039861939516,23.936451798190447)
 (38.147981517132862,8.7856207028078614)
 (41.71792863544605,-2.4109814351416716)
 (50.264229206927389,-12.194120570074816)
 (71.86162937471093,-25.842156097612609)
 (146.02535058133768,-63.467267722284056)
 (1682.3338297291857,-816.25769948719608)
 (-541.9399158224478,284.17621113110368)
 (295.23923640803923,-167.37103437875115)
 (48.60963696796005,-31.03297590838325)
 (18.770595246384858,-14.764581015940621)
 (9.9889372264365228,-10.822368499401842)
 (6.9360472843147782,-10.903771534831799)
 (6.662460286642613,-14.073653957707327)
 (9.4081948964809641,-22.551654547264363)
 (18.889223764286982,-44.281879651595354)
 (36.317605203585288,-77.447171759579433)
 (25.822592895308894,-49.69067396763829)
 (11.853254358228378,-21.434172195655538)
 (5.9023180968484841,-10.998826280899475)
 (3.01036585759894,-6.8721027618912824)
 (1.2267989439825451,-5.0434240295505894)
 (-0.12337118816332504,-4.2063779311652958)
 (-1.3059288157702922,-3.8622785143951868)
 (-2.4345911613898306,-3.7872412722560629)
 (-3.5528379306200111,-3.8624026660500026)
 (-4.6629331783222217,-4.0123487947965319)
 (-5.7420350737484807,-4.1827681837857273)
 (-6.7615868508828987,-4.3357335538410862)
 (-7.7121268411189181,-4.4517935528313037)
 (-8.6244966180113938,-4.5300027368038016)
 (-9.5790773382116399,-4.5812308916153945)
 (-10.707491368589192,-4.6161697369475547)
 (-12.201734766758319,-4.6303743628106293)
 (-14.345514266852458,-4.5814853094305601)
 (-17.572456079742775,-4.3378623099154456)
 (-22.500916388628713,-3.5451124475279618)
 (-29.573579067478533,-1.3293096513463611)
 (-36.833532042672971,3.8040587755431918)
 (-36.481387421823243,11.369716195824918)
 (-25.855650357818242,16.06943828794666)
 (-15.564154093711593,16.490936851577533)
 (-10.451293974732632,15.514497438908236)
 (-9.4659083066485898,14.485248358385988)
 (-11.364376232956626,13.362318609454464)
 (-15.524879395061159,11.603728232068732)
 (-21.49819627454195,8.4874560403313737)
 (-28.48544014461255,3.3370270636254116)
 (-34.948105533578882,-4.0992874631187473)
 (-38.802442686105287,-13.254776700980585)
 (-38.483145509112511,-22.939704353956003)
 (-33.814083940483059,-32.323669225749761)
 (-25.312156199594913,-41.729896646317634)
 (-12.339160885169768,-52.611944328487795)
 (9.4990823397002586,-67.32215125041543)
 (54.204884092377569,-88.636101327618377)
 (153.78642794384928,-112.34871155687847)
 (281.38287169806347,-96.691584295138284)
 (258.22669680401691,-39.298725958084134)
 (179.02699979884369,-12.980814985201263)
 (130.07419550831199,-8.1929291776863167)
 (104.09957967289422,-9.8552549590676506)
 (90.480249062499183,-13.31336204571171)
 (51.9439135962416,44.11696141462447)
 (94.061774994955044,92.462017150754804)
 (164.97444676372189,158.73235265579814)
 (147.08273621884996,113.47968972849296)
 (90.278027490031874,42.895034774205435)
 (65.384803259414667,10.79695513955873)
 (61.239820032294915,-5.8820495302561007)
 (77.788961502660072,-22.396236073115965)
 (177.32269676313541,-73.908208256921341)
 (-354.40852861925941,176.74827232886162)
 (-107.93966129577353,59.199025310287837)
 (-93.545266018653095,53.954456312402471)
 (-209.87085327879453,124.77351151714761)
 (95.092052274456734,-59.004976047747803)
 (26.623934653203616,-18.436409031145427)
 (12.534688173184552,-11.101087436433602)
 (7.1383493178611275,-9.5658077430981709)
 (4.787160565402715,-10.617602348641114)
 (4.2244146870815342,-13.683881238783414)
 (5.3203089071069698,-18.122807736039686)
 (7.4126670627828517,-20.571449882201517)
 (8.0926851291291939,-17.273430682414638)
 (6.7756632542366511,-11.836493483878638)
 (4.9366700118724998,-8.0428913146981351)
 (3.2454443199397192,-6.014342788925414)
 (1.7252878037794748,-5.0807639313993764)
 (0.26419124769112212,-4.7856177038340579)
 (-1.2466558440591635,-4.8836673384704579)
 (-2.8907371308828216,-5.2406536563556898)
 (-4.7146092112861098,-5.7659661662320234)
 (-6.7054496100370633,-6.3717899376616245)
 (-8.7697857312908702,-6.9548520073298192)
 (-10.750230991167772,-7.4089282713610451)
 (-12.507937310013091,-7.6652343515188965)
 (-14.031837227178903,-7.7257105421990406)
 (-15.494366952610651,-7.6520372166125075)
 (-17.247233016952727,-7.5190630108887184)
 (-19.854376327511051,-7.3660281259233074)
 (-24.319279746364835,-7.1440736129613054)
 (-32.88647854803822,-6.5724192504286982)
 (-52.157636483614638,-4.4672970783670856)
 (-110.90341401751667,5.875528621805449)
 (-495.3299505888092,110.79985560198729)
 (-1558.1865348391852,687.6443732600992)
 (-131.20734547601731,95.200238133358411)
 (-40.858309563877675,43.755989425053905)
 (-21.710183262298656,29.68159916516225)
 (-17.245625806127787,24.305288804395772)
 (-18.803830700278546,21.981329384590218)
 (-24.871476683142831,20.569742610175254)
 (-35.985763815491509,18.409491478092626)
 (-53.107427714889631,13.218534508319387)
 (-74.696871512005814,1.8480435500227301)
 (-91.744697378428455,-17.137959437015255)
 (-91.420402316206207,-38.80366648378584)
 (-73.584108730707968,-56.640752466283047)
 (-47.767972886377279,-72.292460493559517)
 (-15.301195216975508,-95.941466834339678)
 (52.397025670515823,-164.07856014728776)
 (5872.6271001004116,-6624.6147162911411)
 (-214.14907437360543,122.76936203687096)
 (-169.73903635419771,50.423544080916542)
 (-198.13201717438128,28.937302313406846)
 (-334.19850522784611,25.989171391730224)
 (-2000.2290781692986,136.49196711913214)
 (547.72802209641054,-53.001660785718457)
 (136.19354070257009,66.556059528978409)
 (-1346.1194794688702,-820.05383429515871)
 (-205.97076118447856,-135.49796705030519)
 (-256.16529582760495,-155.91243597793218)
 (672.54250338738518,303.98873654856391)
 (122.23668886006689,25.000415222598136)
 (89.286243134500268,-7.4732970490281758)
 (137.33592658691072,-46.827611481363419)
 (-651.29447286732011,336.43979056387832)
 (-100.53992872687186,61.131593609794614)
 (-71.389442561111963,45.650115515269142)
 (-81.538977430934622,51.691543563709274)
 (-229.20040363684214,139.52591216557755)
 (96.856435677827704,-56.390400588533424)
 (29.532854248918436,-17.24261272202682)
 (13.933968250019049,-9.3791502907398296)
 (7.2212205475539726,-7.1773193115422984)
 (3.6827491865877242,-7.1553603970085202)
 (1.9294338406603266,-8.2005836132579155)
 (1.6906278927019081,-9.4393379638250963)
 (2.7323174471529654,-9.7927519259799904)
 (4.1267501936888067,-8.7381248035275831)
 (4.8199294207106593,-7.0347145928473482)
 (4.5908783826358839,-5.6673302390936229)
 (3.7312713434014224,-4.9724332853523281)
 (2.4893643858700019,-4.8878423222021512)
 (0.9437302600444113,-5.2904180847219511)
 (-0.9567598952237697,-6.1078297457624684)
 (-3.3513028271598251,-7.3229256812905135)
 (-6.4285364075150335,-8.9404322314230367)
 (-10.342823179021817,-10.919738776465671)
 (-15.034019982417833,-13.070758206407728)
 (-20.018181860139567,-14.987239947125182)
 (-24.486070475585262,-16.198129101056654)
 (-27.937140078413634,-16.532092590040058)
 (-30.768913903820856,-16.270363878564169)
 (-34.280841885616788,-15.903109107566227)
 (-40.83386244924494,-15.888861330475791)
 (-56.313618572963854,-16.746878284740013)
 (-110.04122420259691,-20.209440518275638)
 (1816.9479597537063,82.102369955651795)
 (104.98314334271411,-12.593810952577389)
 (63.083766575112435,-19.984944386532959)
 (57.733352238720386,-32.159331662798351)
 (86.706970684448024,-74.093238959200846)
 (-344.1352383692348,410.62921347116213)
 (-45.578211689908656,66.569175608466679)
 (-29.500235798101226,43.646731463711589)
 (-31.131366924565398,38.648069008789193)
 (-44.471558368916703,40.554213117290175)
 (-81.026797674029666,49.327777623028616)
 (-210.64067254177485,75.789798147381219)
 (-8084.5611251417513,1249.8430119654977)
 (514.19519043029698,14.567189006046931)
 (503.42204033777716,111.09536133109339)
 (2402.7736703677806,1174.3349867617551)
 (-368.50098055575882,-401.24883464448925)
 (-60.23628762297831,-505.67279874961446)
 (-212.36640189103335,337.28342828214937)
 (-110.55173321337226,71.246106303311961)
 (-85.526992454412351,27.6873682428688)
 (-77.586491489766857,11.782438869812999)
 (-79.730455243370912,4.6219227635680937)
 (-91.633670891377974,2.1503629895627796)
 (-116.35568411285625,4.1252766406563239)
 (-160.29607146477511,12.638784355020647)
 (364.08973092119356,92.376646990496809)
 (-201.62585770209901,-79.538395674320441)
 (-107.28126258703367,-54.276409709366803)
 (-104.37608661007147,-59.900049289139091)
 (-189.94262594786994,-107.69165750233901)
 (390.40933987355879,159.81422581696319)
 (127.81767164352229,1.5355125207276217)
 (382.200014824589,-183.29136592107767)
 (-136.6418595848005,102.67238934266254)
 (-79.534796811070393,63.843394674869636)
 (-83.853950005521625,63.902363733084691)
 (-149.07460677576904,103.31041599947199)
 (405.04999550798607,-249.90143220575521)
 (61.841050557740367,-33.780569478559016)
 (27.276687919151609,-13.613349653575249)
 (14.288190166883329,-7.3399040254579653)
 (7.4939087808637339,-5.1688322431396667)
 (3.4896787615339946,-4.7671222994527955)
 (1.315381258029575,-5.1520889880065885)
 (0.74751056786648817,-5.640379052121852)
 (1.5548694991784728,-5.7069015627851583)
 (3.0533847416431605,-5.2184537599990417)
 (4.3275326261717009,-4.5180810049785478)
 (4.8319024289769246,-4.063819739384078)
 (4.5156619576312345,-4.1028492966702501)
 (3.5176856169885848,-4.69266872990476)
 (1.907357088199829,-5.854723020377758)
 (-0.43513029666252834,-7.6927827099224677)
 (-3.9171646847675188,-10.487440049973916)
 (-9.4376269595213973,-14.834627638293487)
 (-18.840991348958493,-21.904334507261435)
 (-35.744355249295957,-33.823178932913336)
 (-65.968507337839725,-53.487502298992027)
 (-112.40020984256947,-80.542494910939254)
 (-160.66698423509283,-103.52337057668541)
 (-195.70296531525298,-113.76168886918089)
 (-255.50093727176329,-131.86829953048803)
 (-753.21460840177735,-329.50029916068416)
 (291.90734263167525,97.752015817823235)
 (96.831474625157966,19.470019559683251)
 (54.02775553461133,1.7911067008523665)
 (37.678737956555878,-6.4100987290154317)
 (30.513422309677477,-12.66327794717686)
 (28.338022006144595,-20.36682270079686)
 (31.807594633517127,-35.073801448874455)
 (54.196078753986768,-83.521092105459232)
 (-866.94519573855132,1606.2714282382121)
 (-68.088024207935064,121.96684856290891)
 (-69.583803939639679,99.403712697398078)
 (-154.11554689034907,157.98371250469893)
 (561.30335534528854,-392.8899043516322)
 (129.98168692679508,-59.538277518805614)
 (91.545072414010477,-25.354598026116761)
 (83.922778419262585,-11.273152527372808)
 (88.603678559842209,-0.75279731739114908)
 (102.29202272030878,13.548410003541406)
 (110.18561924534976,43.375230978088922)
 (15.956001473884484,74.345111599629803)
 (-78.531680308434858,35.990486851897387)
 (-74.663907383968777,9.6699188434374417)
 (-62.113115975384837,-0.13645736805681286)
 (-54.764149830432757,-4.050191008883214)
 (-52.393432040316526,-5.2920538273139925)
 (-54.205651293972608,-4.6211104916665349)
 (-59.692141001480408,-1.9865940229350123)
 (-68.179124372753265,2.8592442619432497)
 (-202.93525668020112,-50.023872640234266)
 (-104.52951864684476,-43.986587088892279)
 (-87.717070689617003,-53.738460008876686)
 (-100.57801363116529,-86.041607682468907)
 (-320.6028971100593,-366.29369458766871)
 (92.102092161481849,59.021124536108196)
 (830.92981231184012,-1172.1876434063206)
 (-128.69116013929801,182.73905021967326)
 (-149.78238353284064,167.54062556155844)
 (-441.94842791271674,400.11536506499812)
 (240.37567708878044,-180.77345917832551)
 (78.076143024636863,-49.297277272596475)
 (40.462774063570365,-21.607946550481145)
 (23.707083564934166,-11.018653396481175)
 (14.17397215831231,-6.3178667589330466)
 (8.0735438024009127,-4.3373882138855144)
 (4.0845552368143778,-3.7708880414245529)
 (1.7866863132713711,-3.8723608452609417)
 (1.0785174962118269,-4.0964752952725956)
 (1.7602743423896499,-4.0767546086697619)
 (3.2623341204533496,-3.7442978672571003)
 (4.7677236047959415,-3.3429057796645067)
 (5.6352401189545667,-3.2253806986785123)
 (5.6271246527839374,-3.6424536878352223)
 (4.7637933590375248,-4.7287976459202312)
 (3.0455517050448382,-6.6422007555914755)
 (0.18127778379826509,-9.788995508244529)
 (-4.8903861362851657,-15.31908957092406)
 (-15.887122399168545,-27.075604631700006)
 (-54.140404695515635,-66.91171424366668)
 (534.47502806108105,534.20205345682393)
 (82.683994076735175,70.853609528521062)
 (58.835901358598278,44.890187769272174)
 (52.747584866879784,36.751987073903827)
 (51.005433207829867,32.848154364908893)
 (49.229242435805205,29.070950209880035)
 (44.910354609923282,23.335722213484754)
 (38.078982333212139,15.747260797086451)
 (30.837554613619194,7.9695703221318572)
 (24.847395353793843,1.1864740188503942)
 (20.415799379979216,-4.5549288777718004)
 (17.202540143347605,-9.8516640989298185)
 (14.884436375648537,-15.695519637484745)
 (13.517738336918079,-23.870926131562886)
 (14.144949736042101,-38.50359591979317)
 (21.314015685901126,-70.796190687252619)
 (50.918709750603668,-141.56493808026718)
 (91.920447227697991,-169.92205208391383)
 (77.913393409574681,-92.589787755360192)
 (60.550285895531729,-47.890665614995527)
 (53.000004983059604,-29.068027150735944)
 (51.719137981590833,-20.457421488784117)
 (55.172962523245047,-16.572781900215272)
 (63.874643512071628,-16.037622250590189)
 (80.209008908129888,-20.609093440051346)
 (102.34186762203834,-41.248248778256681)
 (33.809701152956265,-95.365826032935118)
 (-78.865879340880198,-63.682351559188703)
 (-67.272021628119631,-33.3800170938486)
 (-51.99528432106429,-22.230636588894303)
 (-43.22140505843484,-16.853997069646248)
 (-38.988079364887753,-13.154693259987752)
 (-37.883796683395829,-9.6244819916331075)
 (-39.064266844606664,-5.5596493631952217)
 (-715.63029542478739,-91.197241283879748)
 (-169.496106319994,-60.256556438859022)
 (-118.41206342288109,-78.123136143950902)
 (-103.84984861976388,-135.10170996407317)
 (-95.067614576288065,-878.8240726497479)
 (-93.106543761502849,63.190437738581686)
 (-46.733317058272021,-105.82064762628306)
 (60.205718091328862,-202.80870513549246)
 (103.6678738620607,-154.07434011330145)
 (84.45682722882357,-87.375771670734025)
 (60.728075849130718,-49.121019866854709)
 (42.960568189825935,-28.443502236076732)
 (30.239927139324354,-16.847277773252472)
 (20.973058223377912,-10.239953395389101)
 (14.080642668914031,-6.594702260119222)
 (8.9445123245343936,-4.7895251618873571)
 (5.288160339148039,-4.1077076560189241)
 (3.0706568481901542,-4.0131355069738248)
 (2.3329343477483349,-4.0679382718728867)
 (2.9618314382595585,-3.9649181048488082)
 (4.4782144573787654,-3.6313529602853718)
 (6.0934175434728459,-3.2704461411727639)
 (7.0826379656208758,-3.2293822498737734)
 (7.0989883789599197,-3.8078431054078341)
 (6.1093184189293641,-5.2217435438510948)
 (4.0697930606291202,-7.7788866187270003)
 (0.46907491421531766,-12.323136893062763)
 (-6.9256737394049619,-21.817896903625343)
 (-31.938025013352743,-54.037448494097958)
 (236.0748439814727,289.78344690263191)
 (47.033393306804165,46.85160924523575)
 (32.580832306795912,28.031934933065749)
 (27.585750496930284,21.442822159576338)
 (25.121977629347267,18.298550740863927)
 (23.4372742130851,16.428972359760177)
 (21.756703090698707,14.790419596354409)
 (19.735258516542153,12.653933418638699)
 (17.409350936128369,9.6096560564448961)
 (15.03632605374643,5.6850374107288175)
 (12.781378257299977,1.2148988341443214)
 (10.56742098438145,-3.4377310979553335)
 (8.1877544036923045,-8.0586244426749332)
 (5.4976943142365187,-12.657873141741694)
 (2.5634314723682543,-17.534352279998657)
 (-0.13031940346645854,-23.280052820406382)
 (-1.1086729140971165,-30.333816069560406)
 (2.6769557611757619,-37.065022555571524)
 (12.579340201577438,-38.274913024253834)
 (23.114847073695685,-32.754690897434756)
 (30.16992863426232,-26.248053266577219)
 (35.392265720332269,-22.155349308709912)
 (41.448239110629473,-20.990251106770213)
 (51.088527588512925,-23.478316535548903)
 (69.973384496207871,-33.575139351191197)
 (122.63817801370175,-74.252370427852568)
 (1314.3346050657053,-1337.7780680765036)
 (-81.608802926459077,288.61334241129936)
 (-421.96313428938191,-1480.3785185250579)
 (-67.893473839840098,-100.16135657097803)
 (-43.751282161482536,-46.467403997669685)
 (-33.909016716937998,-29.25087558607553)
 (-29.195749493302429,-20.336132563218587)
 (-27.275956189398869,-14.014817444346559)
 (-27.197819778244423,-8.455612012791029)
 (802.30879033286146,220.71812680110497)
 (-3018.7656239872608,-1854.0960557072592)
 (745.44252607828594,1070.1446861148688)
 (-23.056283418735873,175.02229811497085)
 (-70.734230944958142,14.877300919123591)
 (-31.271455089996216,-59.835237499119863)
 (16.969404157758703,-76.963574323580318)
 (39.591797868741011,-64.513681740174249)
 (43.186812521796767,-47.325494686580178)
 (38.923480354460466,-33.183544378367039)
 (32.325079914967887,-22.838945856916016)
 (25.565543473698039,-15.638040277503949)
 (19.449396642428695,-10.864462827427792)
 (14.251570556594409,-7.9182552748730783)
 (10.063785528991581,-6.3019129954434998)
 (6.9591825354132482,-5.5917908720241769)
 (5.0609726707419469,-5.4098284573115665)
 (4.507351905987516,-5.4064841576603131)
 (5.2793410201400768,-5.2896637413772822)
 (6.9490183212180696,-4.9309793784618661)
 (8.6402841052877513,-4.4828437537027881)
 (9.4636586928303288,-4.3266774498643406)
 (9.0235007413428576,-4.8506159042829511)
 (7.3702814246175521,-6.3499570664053158)
 (4.5089696229591265,-9.2347294435392016)
 (-0.28410665009703351,-14.683918783366977)
 (-10.691518883460704,-27.499285973324593)
 (-64.492613112793762,-96.06433823575226)
 (76.099017806044344,84.36509237751973)
 (34.705259774486159,31.655449042352025)
 (25.48442210344955,20.327003603464298)
 (21.099806724596501,15.491178377483632)
 (18.152721616926168,12.910661320287868)
 (15.6412256576966,11.328600558783121)
 (13.213407008601347,10.123863896981064)
 (10.844382131321634,8.8326009805092482)
 (8.6787842703331322,7.0605519357137618)
 (6.8235760470443267,4.5357379330880203)
 (5.1702873552141391,1.1943528473417944)
 (3.3956053440518374,-2.7570315720112699)
 (1.1576579408356338,-6.8522721167474518)
 (-1.6469648772358063,-10.52336535744875)
 (-4.7325304717268963,-13.362931474869479)
 (-7.3765563272345851,-15.271750445662729)
 (-8.310244383223413,-16.37081289230029)
 (-5.8051659416692587,-16.834694604847567)
 (0.99149185137955698,-16.895211411516001)
 (10.384394852737536,-16.991839791922587)
 (19.966063054742094,-17.724368536718369)
 (29.58532424213616,-19.819725404806416)
 (41.694355136809897,-24.734243755084567)
 (63.153821141524922,-37.165965509190514)
 (127.6952718497883,-83.577417235453609)
 (-1272.6040199993963,1064.9188076182359)
 (-91.125417957200895,117.9687995173651)
 (-37.919825398749005,106.95969423421126)
 (-2.0784798963261153,215.17579080683845)
 (-69.759153818936795,-287.13788384891586)
 (-31.762686776288604,-75.073811650149537)
 (-23.500839444269928,-41.143294163061789)
 (-19.869778344553211,-26.757433942501358)
 (-18.384525945167411,-17.875531692359012)
 (99.845470805583048,16.918853086194179)
 (107.57970947697581,46.634260547232941)
 (77.154538473123182,65.825924785367434)
 (19.073107716769428,49.168081734809903)
 (-18.618836363369567,-15.42794943019042)
 (1.3104469359165094,-67.847533792262226)
 (28.832464962908467,-69.93404010769018)
 (39.069090145505342,-55.237881348840418)
 (39.08904097260919,-41.08469292821222)
 (35.020913492791962,-30.165384969472274)
 (29.621466578590052,-22.12599802515852)
 (24.110410403552606,-16.378047829570914)
 (19.069756193435481,-12.452195940874752)
 (14.781722326117894,-9.9648901627124697)
 (11.386058212170461,-8.5845964823942733)
 (8.9889028686449137,-8.0230651442107579)
 (7.7387614263062261,-8.020954634586932)
 (7.8273477934857745,-8.3080620971799206)
 (9.309984982217081,-8.5547450020916322)
 (11.670571499059863,-8.4173841753676619)
 (13.565821870579317,-7.8132782808345738)
 (13.652558252724168,-7.1706294330051756)
 (11.732026257281852,-7.1392705944240333)
 (8.396526994389518,-8.1796077736814965)
 (3.9234011812123946,-10.704402288739498)
 (-2.5507547960871122,-15.788571701077471)
 (-15.439296050452448,-27.849834732000474)
 (-76.853715605962762,-89.537273667417011)
 (92.804224566479149,83.551875802813086)
 (38.417846072203268,28.938617268021709)
 (26.283610109576554,17.489080385058127)
 (20.201196650858591,12.544849769895951)
 (15.920997301610843,9.8754764077733466)
 (12.28917612372409,8.2876274554388818)
 (8.9694693815557258,7.2434695888509104)
 (5.965224303056619,6.3578506017011538)
 (3.3884205436920318,5.2534045296301191)
 (1.2630704860982362,3.5501017888283921)
 (-0.59806055966850735,0.95944236301772179)
 (-2.5604226961896153,-2.5004771417425244)
 (-4.9321485378888497,-6.2597903485660176)
 (-7.6346425737714583,-9.2849184619286582)
 (-10.104791990774121,-10.709552126406674)
 (-11.529301010679198,-10.418738383746092)
 (-11.063303668593974,-9.034904166663523)
 (-7.9625272596402255,-7.6228124429605693)
 (-1.9504633248116221,-7.3575171238934409)
 (6.4918101778885386,-9.0392124274680743)
 (16.86991199613778,-12.960807434259088)
 (30.376485216035839,-19.871465507951353)
 (53.263857079673002,-33.822270217227931)
 (121.2803845709806,-80.437209273941733)
 (-874.26876663629196,653.59431936071724)
 (-96.54175318645305,89.711314470327821)
 (-50.420267238609355,66.017994079271489)
 (-33.809022542528936,73.738296491129745)
 (-26.273265340755714,128.01937613185638)
 (61.134567558853632,-3327.663960359283)
 (-11.835936670842898,-104.80653483800168)
 (-10.858471863832662,-50.921465472358648)
 (-10.046184975003897,-31.798344542368458)
 (-9.9137154375132894,-20.997467204181866)
 (64.509739309099416,14.17316158662519)
 (67.578574499605239,20.957739113596652)
 (72.802550480165493,11.200173769923243)
 (102.72884245098575,-70.490733206410752)
 (125.70604989138876,-169.36166583002344)
 (91.798485152347666,-115.46760223438277)
 (67.344007500907026,-71.376238436831926)
 (51.97358667897948,-47.465928104981543)
 (40.882788688392829,-33.379431484799653)
 (32.210340646343766,-24.405576858887894)
 (25.276976621701067,-18.511371639244544)
 (19.814545625523522,-14.706917013599266)
 (15.685493419030507,-12.427380075895224)
 (12.813317558369057,-11.316738241131546)
 (11.213518677665164,-11.161468878113689)
 (11.067993175298422,-11.862859428138417)
 (12.777688638409231,-13.369000959614999)
 (16.742408540707999,-15.428672630778799)
 (22.160176161905728,-17.039803131296893)
 (25.309165998896773,-16.516642876698889)
 (22.740594771390274,-13.895208172129129)
 (16.356291468219268,-11.441367737082679)
 (9.2982238570391686,-10.583065099926067)
 (2.2989487217283866,-11.571220957463268)
 (-5.8477943659000822,-14.793020997558548)
 (-19.112945408996527,-22.398833100469574)
 (-58.797795962847871,-48.397495996144279)
 (365.12315898113542,239.32258076821182)
 (58.202207496959161,32.18613697553188)
 (33.354847671606215,16.238533232930028)
 (22.886210130214561,10.333626921800942)
 (16.222209963201166,7.3639706853646505)
 (11.051469879727831,5.7235911421019505)
 (6.6924855401591223,4.795775067372765)
 (2.9628787051954184,4.1962783183550432)
 (-0.20428957101367473,3.5572575604851848)
 (-2.957564602242428,2.4530528971386678)
 (-5.6015936155267507,0.42629975586497082)
 (-8.4908429766718463,-2.7621930026737678)
 (-11.637124632069707,-6.5432556262179018)
 (-14.287694548000115,-9.2637397034418907)
 (-15.344442549359096,-9.4659554683947214)
 (-14.330228444143771,-7.3923107626988616)
 (-11.413806754164511,-4.4916633216779918)
 (-6.8390375224363922,-2.2970515126328732)
 (-0.6605950969511909,-1.9981098928317225)
 (7.4137590185957833,-4.3890541677769095)
 (18.676491550471464,-10.25123144167735)
 (37.96052605592665,-22.294484429377576)
 (90.846754844168686,-57.272603257257714)
 (-7129.9519783379465,4871.1704735353205)
 (-105.93362076206219,81.472505327004299)
 (-56.665936074889906,52.431201102855944)
 (-40.660978733943395,49.275144595615288)
 (-34.680529106339335,60.201991802674961)
 (-38.264374120477129,103.45139816234219)
 (-195.14327721219411,886.81019185230423)
 (14.956132886457567,-124.48214527827508)
 (3.0209725841203152,-56.443687161806224)
 (-0.049287191813718323,-34.808291882845225)
 (56.377342067747847,4.4813253182012458)
 (78.07685443181083,5.2429819633715056)
 (170.95546894524051,-13.983423661117698)
 (-559.67571950224465,207.13181874105587)
 (-207.23483599768329,130.38736856162262)
 (-440.75100521985837,325.04128523910356)
 (352.46963891245326,-264.18218071254751)
 (113.00417627243512,-82.854759067060101)
 (63.755217862430897,-45.858722395077223)
 (41.963251602215301,-30.225792226715207)
 (29.553838730944253,-21.98511978126291)
 (21.77830098490147,-17.358241463160418)
 (16.874892489369287,-14.911079486101521)
 (14.095779350554139,-14.033549507143658)
 (13.251240304869128,-14.569911304295802)
 (14.752561043490616,-16.812352575844155)
 (20.101857341138818,-21.763343128996414)
 (33.059781799136061,-31.633922509374351)
 (58.512084948748367,-47.965153488613723)
 (76.60457237032962,-54.676016804124068)
 (53.446559359573925,-35.721976188525453)
 (26.760389462961506,-19.803268036079189)
 (10.834806042204928,-12.982914584767888)
 (0.41826003042372051,-10.928213494169196)
 (-8.7852764122155484,-11.522949076599435)
 (-20.587032559251199,-14.564240278028464)
 (-43.931060953666226,-22.669893816756996)
 (-156.56415471047188,-64.945306660574673)
 (149.85637854390083,51.879641308309367)
 (52.369936493242051,15.472269072126021)
 (30.084645262291531,7.8409213188536668)
 (18.927508816007041,4.6808926174467747)
 (11.528464138760064,3.1562270199197684)
 (5.9475968760143516,2.4358346291475979)
 (1.4567597527206857,2.1041268360983048)
 (-2.3945880357892086,1.8148893446092558)
 (-6.1241821051356098,1.1440635507037165)
 (-10.472617853141665,-0.51757340997013923)
 (-16.225058576604276,-3.877262568125182)
 (-22.853014637108721,-8.6963835327192154)
 (-26.435543980265958,-11.874640772602886)
 (-23.595097666261111,-10.303012374389013)
 (-16.917316449468135,-5.877390063568452)
 (-9.7726863386089242,-1.7537940018716416)
 (-3.069254884075427,0.59467071326041054)
 (3.6740178808756525,0.58694322661332343)
 (11.771508264975623,-2.3131838049717164)
 (24.354973066314436,-9.5164537487382148)
 (52.883206200978584,-27.555433672706961)
 (230.28759162764021,-139.87821719929937)
 (-153.22141057830964,103.51635062718501)
 (-66.064564069448124,50.0152180557996)
 (-45.721884807113653,40.539262480685792)
 (-38.138964032920612,42.067123113877699)
 (-37.64764429502965,54.438061746416082)
 (-49.993442523486969,96.99497752634133)
 (-321.54280269070108,821.54448319956555)
 (38.996273389688724,-123.64297961070596)
 (15.628596326923727,-56.797924522077039)
 (9.1115422468856622,-35.616550584645424)
 (91.657052311736152,-0.35863178645300309)
 (381.23127237992861,-38.38730505800774)
 (-192.84561070379181,46.279095020511122)
 (-104.77961674810892,39.094830639431962)
 (-105.29485551809174,49.031853035510366)
 (-159.4490572415055,83.073047442201329)
 (-932.75001135370019,520.04381763079027)
 (173.43563369398561,-102.55663741908717)
 (68.703817102247982,-43.598886198402568)
 (38.684989122741761,-27.021014991387577)
 (25.084028206457056,-19.913622186863691)
 (18.06254223196941,-16.737474330864249)
 (14.719437980310843,-15.943871359820651)
 (14.302315646077751,-17.34139177453892)
 (17.709825143495557,-22.038720602481909)
 (30.00867761022689,-34.825004976315611)
 (84.046894078965408,-85.15192069035065)
 (-913.74289902877581,788.12020731633095)
 (-216.91314295594543,160.54770448085426)
 (1090.3903745308107,-722.33448641039809)
 (55.560814985125909,-36.848945226581407)
 (14.744151374444364,-13.551210911650109)
 (0.030700144590465328,-7.8255711860480153)
 (-9.6798139576056386,-6.3358787988080953)
 (-19.642191888592976,-6.6183027129952219)
 (-34.364968543246569,-8.2610717065592709)
 (-67.68255741675685,-12.735335552340384)
 (-335.20737432378996,-49.715470772878533)
 (117.03409064036322,13.216103388862571)
 (45.691667860083697,3.6837266791143861)
 (24.780448501499073,1.2994790785299042)
 (13.930660376193522,0.43717820424292242)
 (6.8845645302874381,0.17521085081812021)
 (1.653433163313565,0.15952686307525932)
 (-2.8526048869121681,0.1192547660383223)
 (-7.7917260819987177,-0.33210619941953112)
 (-15.224259084960657,-2.0066387778147021)
 (-29.629076287941594,-6.8777118529187096)
 (-56.965000654021274,-18.204666577874644)
 (-73.290618786341156,-27.197879009068338)
 (-46.116634403860516,-17.246893434337451)
 (-20.542637901755899,-6.5463965934849817)
 (-6.3608679747307875,-0.99766580235621305)
 (2.3853974939202658,1.1009872637441651)
 (9.4240166444656808,0.59755794531541639)
 (17.494366257961964,-2.7335806701331631)
 (31.222838751642843,-10.841390268094063)
 (69.557324573708016,-34.497205084320754)
 (1257.3928115371975,-753.41302623227102)
 (-101.97690384288033,68.748211948684769)
 (-55.853440276483198,41.907179288174106)
 (-42.583113450773496,36.60135515532896)
 (-38.678831354048867,39.800580489718151)
 (-42.344805771077617,53.835310173556579)
 (-65.775627194392015,103.14626495063001)
 (-4197.7151290760476,7802.7615614958158)
 (51.74632744146983,-106.77984418193246)
 (24.871809471503866,-53.168492555697554)
 (632.88599080629137,-41.219161669869294)
 (-162.24298162110745,24.459197117155057)
 (-88.500354243663622,20.728497568221648)
 (-76.645154160307371,23.336931369232079)
 (-84.609829970762604,30.536644477206764)
 (-121.4505027804575,49.703941590308126)
 (-407.11089226518112,186.23504271176125)
 (168.92293118234301,-87.021135596788241)
 (56.382991718438383,-33.567565664818673)
 (29.561820040682967,-21.170292618862163)
 (18.645864356321205,-16.731881672526395)
 (13.919302753494826,-15.831352464650571)
 (13.173439610994954,-17.920453481554059)
 (17.552495959155692,-25.0406236115006)
 (37.649133486354941,-49.059069988274942)
 (421.88227146339693,-462.58604922736743)
 (-102.1248372050504,91.522882319890428)
 (-85.622097727161361,62.405855294945212)
 (-182.89401941457589,108.71205640784983)
 (102.88891475488842,-50.665087690294094)
 (21.544112268527101,-9.5597463016445978)
 (2.8652069025535205,-2.4849064938282091)
 (-7.4466472667592924,-0.2540766235853944)
 (-16.353426916326015,0.57296158307779566)
 (-26.986382335722574,1.0225508211119694)
 (-44.238985411349184,1.719237331158995)
 (-89.431129146652012,4.069672668470325)
 (-4169.4392662984146,242.78741483970271)
 (82.475063904969772,-6.2992348503852327)
 (35.158067112580419,-3.5182630445659946)
 (18.603583420084647,-2.4584016821194785)
 (9.7309269729355741,-1.8115537974630502)
 (3.8226675962170411,-1.3799516634425388)
 (-1.1022261485845597,-1.2151175209818756)
 (-6.9364007127389407,-1.6370751284574929)
 (-17.997134728699308,-3.8088792231871373)
 (-54.672193954003362,-13.892015444040453)
 (-748.80688662716909,-229.68461071403846)
 (414.10315199970887,144.58622461556234)
 (-167.66197805564229,-63.336015906271442)
 (-26.50401041229005,-10.981426778454505)
 (-2.9995427998435105,-2.7448463906300979)
 (6.8692191227957551,-0.6782115030635758)
 (13.774718006656414,-1.4265624219225974)
 (21.542528872490131,-4.9441775575663751)
 (35.152489219238589,-13.38294979501315)
 (74.764031999312749,-38.765947365235611)
 (2156.2959329858795,-1345.2728119279498)
 (-98.781756730631429,69.315780067625639)
 (-55.146940415968629,42.718749283630785)
 (-43.251398658335042,37.633748637085155)
 (-41.318865939920144,41.632003810115734)
 (-49.400849502076504,58.578351875329169)
 (-92.993065477504842,127.76933255377395)
 (327.69798676044752,-498.55532616745774)
 (54.165484354065683,-86.061973467796946)
 (458.75222564631804,-5.5218501648955254)
 (-183.48478426726737,14.835143460286858)
 (-90.915374082337621,13.2122600292012)
 (-72.234834001416942,14.584958784915029)
 (-71.068743575603108,17.790494221313157)
 (-83.671635978029059,24.499709147038828)
 (-134.02465602240835,44.696555684901888)
 (-27244.953920313532,10335.354698208281)
 (86.31705008119738,-38.258797806362146)
 (33.904794270523617,-18.671208066027337)
 (17.824531976068101,-13.397387937739932)
 (11.15327812764415,-12.473926436261983)
 (9.1500842189263665,-14.750484822322036)
 (12.175214622547855,-22.303510887395927)
 (29.990202960314591,-47.625261518840631)
 (352.32962449733566,-430.90079374227093)
 (-122.3750209603364,112.88695217982097)
 (-126.77843431654114,87.717656810199031)
 (-1117.8096334103225,562.3435391993537)
 (81.149106077500036,-26.651467898491347)
 (26.365320425894609,-3.2929585473331535)
 (8.0317621523646352,2.70791317225234)
 (-2.730592087759554,5.1122611313710316)
 (-11.422201403825241,6.4410406962464046)
 (-20.408024861825588,7.6473912645995705)
 (-32.3371699585675,9.5021632637298268)
 (-54.590457595453586,13.708928953549622)
 (-140.80875647167474,32.066701904875913)
 (207.61204313540298,-44.853211361630443)
 (51.715329178499942,-11.001922195598105)
 (25.534670461315393,-5.5534642784883825)
 (14.327714765032745,-3.3711740799560084)
 (7.7495981247766821,-2.2799590995313679)
 (2.6855484503344371,-1.8301076781252625)
 (-3.1897312558940101,-2.17147510821491)
 (-15.056196125550876,-4.5668610032593193)
 (-64.018476453331829,-18.150435712081176)
 (479.11739650795562,147.65620978685601)
 (198.32282681674411,67.965712225401404)
 (-301.41824270704882,-117.27359630699479)
 (-30.80491949918418,-15.413648373254638)
 (-3.7092187440425946,-5.8414353927185658)
 (6.9170505247244449,-3.5182304674843641)
 (14.033194216032612,-4.1331562577816534)
 (21.567574416885385,-7.4951991923052717)
 (33.758348361600824,-15.523686228900653)
 (64.822233914049178,-37.652169875124358)
 (351.19677484554421,-240.58064168993644)
 (-127.00612396356365,97.542090666995193)
 (-61.901664435205561,52.225251115988485)
 (-47.379329493425416,44.184575964337022)
 (-46.502828717873683,48.654380756942459)
 (-61.058062228312025,71.690088309010008)
 (-161.65095294132229,207.46808538337478)
 (148.06734151082807,-198.52034952722289)
 (51.081311461967317,-68.251751413189908)
 (-318.58506596867119,7.9585303450142106)
 (-113.33145500929749,9.6975960451455006)
 (-81.798149233529699,11.092987800152351)
 (-75.170981097289712,13.16660222238731)
 (-82.304208902230968,16.86006658889649)
 (-115.87241809023674,26.181083055985141)
 (-480.07342980321499,115.75198796256386)
 (109.92494941503799,-28.2655793613607)
 (35.077909571553718,-10.287084981554344)
 (15.424418050151189,-6.3417494825026859)
 (7.112573448216466,-5.9639283514188364)
 (3.5401553312478882,-8.1229798821260601)
 (3.9783825359974827,-14.104662787621169)
 (12.712968674410277,-29.273400744346734)
 (53.663648379082389,-75.505759704926675)
 (241.69194988828264,-226.23218654951754)
 (253.7041213332763,-163.34554407484978)
 (103.85672995657927,-44.048751467855197)
 (50.666153333716167,-11.297633135126105)
 (26.779432918905734,0.40055195629057039)
 (12.635426530762864,5.7571411878452565)
 (2.4195514148538919,8.695310947990194)
 (-6.1638934326162129,10.675433405870621)
 (-14.529908647259745,12.494060446696727)
 (-24.419072441534787,14.906031214077162)
 (-39.982478148980562,19.417297972856421)
 (-80.544430467967814,32.773976980576506)
 (-4837.1043949726145,1690.8145043385341)
 (75.312217835955835,-22.840498226793173)
 (33.92803615099487,-8.9358932107382056)
 (19.896228624584019,-4.5562903174450806)
 (12.511932840095554,-2.5879328173019172)
 (7.2589727777332982,-1.7209241839121425)
 (1.6390848742735784,-1.7869791284467702)
 (-8.2354380675480741,-3.5312414797843559)
 (-34.249600330568441,-10.363775972932586)
 (-117.39942242225584,-35.521995750791369)
 (-179.36761009937152,-58.472003889171809)
 (-77.052068474473174,-28.265762245996498)
 (-28.830202343557829,-13.225311957426406)
 (-8.8819920551819393,-7.5096195413126461)
 (1.8989073449903344,-5.5901871782039905)
 (9.6418870353918038,-6.0627093755706101)
 (17.243785653861472,-9.0480678437072974)
 (27.713945658062663,-16.065897083298857)
 (48.650368393417786,-32.925186583550726)
 (128.83756331638276,-100.33836126711992)
 (-318.61494558309738,278.17439634059241)
 (-84.200450591471792,81.058446216276309)
 (-57.89200542355703,61.138371884189119)
 (-56.999641908512714,65.66040082903946)
 (-85.766804630352908,105.50027351591041)
 (-983.48307647116917,1242.949220692874)
 (90.246864226169052,-112.34086312322509)
 (-210.91970114535107,10.108197976452619)
 (-120.82315977888447,11.577406998432991)
 (-103.40789842044327,13.140482772738835)
 (-112.03045309192633,15.853967359758851)
 (-170.97346390683492,23.584909561456229)
 (3888.8656967490897,-442.57058379597311)
 (89.526653619071411,-5.7829258423201537)
 (31.628982511639954,0.55855173738153141)
 (12.840431973143794,1.9068969389373542)
 (3.9199271510643854,1.4042837582918111)
 (-0.70096729099104493,-0.7586033854444052)
 (-1.8939184398175684,-5.3406857031266499)
 (2.3512343897727703,-13.880767057892378)
 (16.819837596805755,-26.944948477810243)
 (40.329833725675186,-36.745065022762198)
 (53.062263794916596,-31.089271716690988)
 (48.058859527990478,-17.407450852303491)
 (36.814421382198475,-5.970457308880107)
 (25.529169704646506,1.8126631376355089)
 (15.42299799834835,7.0355912996285808)
 (6.4463114797945664,10.686426602766648)
 (-1.7223836294206478,13.477960656858276)
 (-9.6746527488444087,16.019619457206346)
 (-18.610689657476712,19.041346950507982)
 (-31.531678905150134,23.987095462082273)
 (-60.185646728892351,36.235554130059242)
 (-287.8521781840069,139.53682833400251)
 (104.10829980746298,-40.296360908987296)
 (42.344622040035226,-12.721713781672861)
 (25.377361026319321,-5.6504380658191486)
 (17.011763673956452,-2.6748466326952256)
 (11.216187246449856,-1.3451847291857293)
 (5.3374489576095812,-1.1302761966561459)
 (-3.2308060529442102,-2.2533134400710324)
 (-17.659724492311398,-5.4737391259025685)
 (-37.114918665673386,-10.786230131253021)
 (-47.27177989983403,-14.30402891497106)
 (-39.584491032172281,-12.967634257115481)
 (-26.006403294555355,-9.8011331328986468)
 (-14.332046617771965,-7.325385305657889)
 (-5.2159588737292069,-6.1796663535106573)
 (2.4612807671059045,-6.6023208113005589)
 (10.017865114356695,-9.0850978605063482)
 (19.133141589477745,-14.805234335918101)
 (33.153182668056019,-26.900148009969463)
 (63.692270490048735,-57.367024119318302)
 (223.43108249222792,-225.85103520044578)
 (-214.79118622748129,243.05009442527972)
 (-92.723618866906534,116.03326110335931)
 (-87.439457533373471,117.2224042413353)
 (-194.56458305279671,264.54416356825323)
 (176.43382738284797,-229.53461306936794)
 (-482.12246023718546,38.450314703785892)
 (-294.3017797027303,30.333625418429619)
 (-378.91517905409006,38.671327677972144)
 (2435.977762893187,-181.58669907882359)
 (155.91171513469567,-2.2967734721149213)
 (58.571114665981582,5.292573391879472)
 (26.949047314815587,7.3674196332201305)
 (11.895632408645525,7.6902806558858252)
 (3.3236850832337126,6.851267298114359)
 (-1.7149644118653526,4.725038952749931)
 (-3.5691626959978464,0.82754493792529349)
 (-0.85431539591537842,-5.2678384733912207)
 (8.2322714032771103,-12.56269694768347)
 (21.580274915793154,-17.220855809077726)
 (31.743800818041493,-15.927928413694641)
 (34.350962972184334,-10.2831415042341)
 (31.027487043998704,-3.5462574754593632)
 (24.600425233212988,2.6014879327693832)
 (16.938839467005579,7.7302480214898228)
 (9.0880629012323197,11.901022363628162)
 (1.496777668713591,15.386378619078487)
 (-5.9813313983983818,18.626105375786736)
 (-14.257245914688298,22.322391293565705)
 (-25.841980280466167,27.947169321720381)
 (-49.856921673791717,40.591276933048718)
 (-181.25691877729483,113.20956170840276)
 (132.53687415283227,-62.570165609218009)
 (49.487991233605847,-16.961090524119747)
 (30.063335985367246,-6.9970651983580714)
 (20.699746456855074,-2.9837743726356285)
 (14.108231576090802,-1.2218163634215853)
 (7.5758186355727872,-0.82848973537740278)
 (-0.63161091186289298,-1.6695523522425777)
 (-11.17661750127877,-3.7158466829147354)
 (-22.002154480547055,-6.3565549610419367)
 (-28.528607684297192,-8.2254505222027312)
 (-28.514980471417914,-8.4866546439855224)
 (-24.030640816093381,-7.6069842117696522)
 (-17.873407250210953,-6.4808086240172749)
 (-11.434581065885709,-5.7902695958002983)
 (-4.9424543692332321,-6.0660702884522006)
 (1.9716073042665698,-7.9231731821011548)
 (10.017225300921282,-12.300772447950219)
 (20.324061159859497,-20.865986911174733)
 (35.260897599615568,-37.348602450394402)
 (62.524002921305964,-73.759098047135353)
 (144.1088003289909,-195.38840943030132)
 (1795.7265287242831,-2788.1731345665316)
 (-2113.0865311815814,3538.2409001901478)
 (164.62531924438287,-265.04762389248629)
 (202.56428302555881,-21.184193019837039)
 (172.07509870541588,-15.398426523101335)
 (112.91539882319826,-4.9051032873439055)
 (68.517986213231069,2.6342958351010637)
 (41.058735256463279,6.9201169056917031)
 (24.030069181509418,9.079620342213488)
 (12.894315982570944,9.8120271481174868)
 (5.2772472882816857,9.3618323977497919)
 (0.25122837683235844,7.6498454119720281)
 (-1.9556627063807355,4.4117754914119551)
 (-0.12794612585034315,-0.43159826839723392)
 (6.8583568438039038,-5.9519548455680162)
 (17.437660623088739,-9.7788743127857067)
 (26.769369589002835,-9.869675461690905)
 (30.995839512337149,-6.5590434113047182)
 (29.841968030780905,-1.5541454077873356)
 (24.955525546230461,3.767877189717975)
 (18.163911063067061,8.7121840421525398)
 (10.848349475612423,13.05893726077435)
 (3.7252879871088638,16.910736973506943)
 (-3.2339418708016439,20.635233434226087)
 (-10.882565579775815,24.936222097229674)
 (-21.554518110748766,31.365484565677132)
 (-43.288373545171318,45.186495371495695)
 (-147.4797943081613,113.51867506300965)
 (154.34203513876466,-86.566764334837899)
 (54.927398056987379,-21.630760481086419)
 (33.894419808465599,-8.8330799357744052)
 (23.704392917585906,-3.7994072472331784)
 (16.31683628703351,-1.621791594391373)
 (9.1122190217849379,-1.0749243143776441)
 (0.96370067713284868,-1.7427634722951151)
 (-7.9867740024465874,-3.2685027400520248)
 (-16.18093831223419,-5.030493880995583)
 (-21.615077443484793,-6.2929438185282454)
 (-23.474623303840389,-6.6791295882208406)
 (-22.414830428577488,-6.3262051835662465)
 (-19.546247641038363,-5.6352077187158418)
 (-15.636371160282216,-5.0523437332898888)
 (-10.938250101551702,-5.0492484508805191)
 (-5.3106094415708611,-6.2142944171364043)
 (1.57183528156596,-9.3495799587903718)
 (9.9078973466568243,-15.481272788715316)
 (19.388107344345627,-25.748188950819824)
 (29.010268001412911,-41.351216242971773)
 (37.094222905254583,-63.281296569823404)
 (40.27919169976181,-86.825600083317184)
 (34.589000799436917,-88.117390826368833)
 (66.58051683964041,-7.2187618984318149)
 (56.552982666289594,-2.8714972737382567)
 (44.23691904128502,1.6938775677355551)
 (32.66614395541373,5.390590614216201)
 (22.890141190039287,7.9108621085315924)
 (14.937752675310108,9.2729693396192978)
 (8.62520805522351,9.5197981266896505)
 (4.0151633521128929,8.6008579528935964)
 (1.7190071258206387,6.3874612978903507)
 (3.0026074192495997,2.8776078277719108)
 (9.1197392348110569,-1.3232542056114074)
 (19.293316381605436,-4.6235578374310542)
 (29.347881582742843,-5.248396864721899)
 (34.53120958816546,-2.8630373705804559)
 (33.422392814606013,1.3671285043823413)
 (27.771158479449468,6.0983945195680613)
 (20.168315369928052,10.566984938504987)
 (12.501648568030582,14.579006435024056)
 (5.5334562207978522,18.303891139559926)
 (-0.94099856487715527,22.152362495960539)
 (-7.9326641525518653,26.857786292035872)
 (-17.779728407765944,34.061695233584643)
 (-38.003186854084518,49.373711808801069)
 (-130.20944321725011,119.96881222282448)
 (168.99244439768796,-110.30192430746662)
 (59.299524839077122,-26.785469104883006)
 (37.371579318961707,-11.280350751752142)
 (26.552735227820143,-5.2294005388293661)
 (18.467685081553348,-2.5987507079065439)
 (10.681153851193187,-1.8297264335431909)
 (2.4877883051131704,-2.2732196495764394)
 (-5.6917900553999132,-3.4026915658581514)
 (-12.740088327319505,-4.6389917015612472)
 (-17.656019917841107,-5.4924899270199949)
 (-20.177495102402375,-5.7472401079779045)
 (-20.696700570421925,-5.46354362435385)
 (-19.793258190615774,-4.8577002937852463)
 (-17.879269748684237,-4.2162233247058065)
 (-15.067985251559989,-3.9008952299757134)
 (-11.183113800209412,-4.4208397406469899)
 (-5.8991124861950652,-6.5029784603540275)
 (0.83949089510510078,-10.986853319073415)
 (8.0038572495510607,-18.240228833218424)
 (12.869871987410335,-27.092665929279608)
 (12.152760031302606,-34.248890508231774)
 (5.5238911065078895,-35.428396746123234)
 (39.265257243797421,-3.8237919067499071)
 (34.307557175323595,-0.31419392007624936)
 (28.492412163083571,2.949266869316034)
 (22.581551171143587,5.5651638773709431)
 (17.025300384245313,7.3719910185458364)
 (12.142563993795605,8.32711116468829)
 (8.3622569361072152,8.420018360338835)
 (6.5007407276916354,7.6438796194311216)
 (8.0201023921630963,6.0483522680993591)
 (14.885314489047545,3.925502107066773)
 (27.881360860945307,2.1197576339046726)
 (42.824171716723207,1.9861429414160003)
 (50.549374652979523,4.1713382472430425)
 (46.684366610118303,7.6169758134927683)
 (35.971113942928554,10.966590403392249)
 (24.505235022976166,13.850600229462959)
 (15.016691625201162,16.535839376817218)
 (7.6696864138049037,19.414009305336911)
 (1.5507374746351346,22.915946974667204)
 (-4.7660198588644889,27.727981545418828)
 (-13.728189169682047,35.493817632756873)
 (-32.425626116293728,52.016777245161705)
 (-114.37126281704995,123.64646511877531)
 (186.65479544827551,-138.80863607196869)
 (64.389208730960306,-32.882015602168302)
 (41.504929025843154,-14.482832629089167)
 (30.018039500201624,-7.3181847955942221)
 (21.201516017328231,-4.1269694848919194)
 (12.800577957156463,-3.0024661950687488)
 (4.4209371777102504,-3.0957888749579734)
 (-3.4020005171595926,-3.7831795627028981)
 (-9.8591661098805474,-4.5341594742841025)
 (-14.461809000226204,-4.9898226014756331)
 (-17.245884126648114,-5.0106981070878414)
 (-18.58451764935311,-4.628360701017896)
 (-18.905005535423967,-3.9687657373896785)
 (-18.504454997113839,-3.2146217158864872)
 (-17.469426213103247,-2.6264527713926835)
 (-15.648799000892552,-2.6188095331458996)
 (-12.692881969355184,-3.8605020193940049)
 (-8.350130293876596,-7.2259365617619746)
 (-3.4166012514202748,-13.050808324916074)
 (-0.94763143170156638,-19.258270635859724)
 (-4.4554148956942896,-20.954203897322405)
 (26.009937205111299,0.24362750341684958)
 (22.270943405749577,2.8707867007396426)
 (18.414406500562563,5.0077075956815644)
 (14.860319860317389,6.6375697775660747)
 (12.183400027367,7.8583934451442152)
 (11.382986814082102,8.8951170308047658)
 (14.41740370167669,10.181119237023838)
 (25.308222148964987,12.567884448423086)
 (51.609979086537557,17.641305276796729)
 (97.882414652332841,26.62588817772501)
 (127.19528366167373,33.054849417236404)
 (98.882571588215356,28.907103900708883)
 (59.555581221838253,22.618951508753604)
 (34.165781657202416,19.220910815238199)
 (19.639806343456442,18.417563713723368)
 (10.960791253841812,19.486812727790745)
 (4.9110323908746096,22.160233199447305)
 (-0.78653247720957609,26.736165447267663)
 (-8.7612099442700568,34.61523972491527)
 (-25.434362488129707,51.162832722668519)
 (-92.177108101451751,114.81035763959432)
 (243.48998970495094,-200.45875354652017)
 (74.153744745037102,-41.564719795003242)
 (48.260673068514038,-18.905211209290499)
 (35.363234315258609,-10.227733024166499)
 (25.335978534765516,-6.2278583336880331)
 (15.956276046538562,-4.5272130698837296)
 (7.0763717369887189,-4.0746791224088055)
 (-0.71673240152688322,-4.183640711481404)
 (-6.8721664071349693,-4.3741866868825996)
 (-11.258893934233257,-4.3727024188743417)
 (-14.134499373550852,-4.0806952087396882)
 (-15.925585281269178,-3.5093633512561619)
 (-17.04363651192584,-2.72655348061119)
 (-17.79909981782334,-1.8402423885994104)
 (-18.381341685149508,-1.0234919615916951)
 (-18.864495582028077,-0.58908579901071434)
 (-19.233126366232995,-1.1280721000770555)
 (-19.505231245303563,-3.6446737838395684)
 (-20.208158561955713,-9.0350830560039519)
 (21.343091333840633,0.2436986493473666)
 (18.568206618700415,2.7610364734171569)
 (16.033052971273023,5.1144304387047352)
 (14.412617667058257,7.5651466088971064)
 (14.942718504960737,10.721855207348096)
 (20.509588685601017,16.06871111102555)
 (40.417324001658045,28.326493871229196)
 (128.72179899846449,74.329098133759217)
 (-2062.9906335269393,-995.00238862315564)
 (-382.67588553446041,-162.57171938751668)
 (-3851.640444408446,-1544.3833677743999)
 (156.07286154060785,64.774361881929281)
 (54.979296753150386,26.883551695115202)
 (27.533580038266017,18.52047326925684)
 (15.946679993480586,17.042476821930411)
 (9.4791517184423526,18.680373319415846)
 (4.2045208992370675,22.747341124948534)
 (-2.7915255591156694,30.074451980415922)
 (-16.954949376164407,44.607816095101448)
 (-64.2337894830533,89.122569230552273)
 (875.60750413798974,-759.1481370519939)
 (101.25085691576072,-59.194442810163537)
 (62.785080561472896,-26.215525046414655)
 (45.45139962902676,-14.614183829818721)
 (32.447074239438074,-9.1420245284186983)
 (20.914604148354513,-6.4202812291148801)
 (10.799764947008569,-5.0936810278536599)
 (2.5937357539644097,-4.4045779265825526)
 (-3.516898501491994,-3.9075021122122053)
 (-7.7812659134750959,-3.3736329508234943)
 (-10.683569923890076,-2.7109055849290145)
 (-12.737192659298699,-1.8992766936969345)
 (-14.388940623406171,-0.95473352465707784)
 (-16.017402237730991,0.078467519849844791)
 (-17.994879197694786,1.1091401832040741)
 (-20.828600347948722,1.9426211753640565)
 (-25.510293300907819,2.141033014410457)
 (-34.536213126627821,0.67592468904111414)
 (15.14307333876738,4.289107957209505)
 (14.179484831682956,8.0617685005981201)
 (15.5560694346415,13.410425590791142)
 (22.800663638339174,23.199061280378551)
 (51.025485737002455,49.737262955794222)
 (412.47869917986361,344.80516673450541)
 (-159.1617071734151,-110.48544270666653)
 (-113.86588992035979,-65.644629818447186)
 (-151.17370323144524,-72.767757492036111)
 (-9348.4818242423189,-3792.8841551428477)
 (91.042483180103105,32.598249121673717)
 (37.701065428578801,13.798371672460227)
 (21.959220382985407,10.531487321169397)
 (14.660628684155903,11.530800566144677)
 (9.4969889812587169,15.022647007440062)
 (3.1740775311606484,21.184886387218885)
 (-8.7505648358656032,32.01711914844946)
 (-39.751994744217399,55.966208232610008)
 (-213.65055978950232,176.97601645654154)
 (251.30447334986326,-140.79242518683134)
 (107.65159048359028,-44.444761531153823)
 (69.804934744794878,-23.107879252175685)
 (46.722840066722839,-13.799309947911166)
 (29.306674861010258,-8.8951036336584082)
 (16.130666526279114,-6.0705625277608029)
 (6.6850836155434479,-4.2755263710274134)
 (0.24072353037604444,-2.9687343222046261)
 (-4.0657115886689752,-1.8692613063816621)
 (-7.0216440064879038,-0.83226838607546538)
 (-9.2580518672022265,0.21836143211128523)
 (-11.27451710107205,1.3224886005905159)
 (-13.523189310037978,2.4950507393660253)
 (-16.558783799574144,3.7230924382242776)
 (-21.375360351342806,4.9462540646831243)
 (12.522712350322919,16.687586740620382)
 (18.825563183941426,29.140554837303775)
 (41.998891434560505,60.541322927875967)
 (260.99204597496475,312.81013673805563)
 (-156.81290975264108,-149.70357719990409)
 (-103.66922841178302,-76.950272263756077)
 (-127.92920482753394,-70.724886840745185)
 (-650.21718834601324,-243.22190906509675)
 (112.37694447576303,23.194753034516509)
 (44.292430525430021,3.1929417234097102)
 (26.507696805829482,0.30569234498585907)
 (18.701257175630857,1.2929499295278273)
 (13.418555232918614,4.2842130396585567)
 (7.1940393424488605,9.1174914687060706)
 (-3.5817991744896744,16.39407512569451)
 (-25.337714555093214,27.85819241861762)
 (-75.253444367214982,49.273669477385027)
 (-252.56202708975991,118.40216093997)
 (821.64264178423616,-303.23001355143521)
 (172.34000422583119,-54.034402866553378)
 (83.859591528399079,-24.036168555859426)
 (45.058888144597766,-12.66480508715054)
 (23.894676230043416,-7.0046264990332787)
 (11.597162750880997,-3.7283269131310508)
 (4.2195588173700855,-1.5726743912018062)
 (-0.39336271143696422,0.030262458604084053)
 (-3.5119855609485029,1.3642611416157946)
 (-5.9330731273265087,2.5850100426285376)
 (-8.2173120477215207,3.785643109810195)
 (-10.866731947173008,5.0257118281977959)
 (23.068166231994013,55.669127332662796)
 (69.456527903253175,126.99331398624095)
 (3449.2383955440241,4672.3364138000161)
 (-210.44382330868928,-205.86303158025132)
 (-266.54064003635381,-174.63355133092284)
 (498.75612536679614,176.02004792274019)
 (85.616144617683105,5.3507327165606497)
 (41.764207956267839,-8.221726068133016)
 (26.98238927714813,-10.508352297883151)
 (19.736794759954975,-9.7110338291524663)
 (14.324027578079807,-7.3209204552393183)
 (7.6690627853887321,-3.5548363775100285)
 (-3.0002709238865748,1.7045599490958949)
 (-20.416410028474132,8.5363465981272189)
 (-46.7084588184685,16.842766002494812)
 (-84.721730529820476,27.092828922014206)
 (-151.87880534100051,44.33731217959533)
 (-477.14283773326093,130.97612160940329)
 (272.56269988995803,-71.897118755751762)
 (78.062004526566653,-19.788559813650323)
 (34.803999668266016,-8.0745530735395263)
 (17.011237370471619,-2.9608477014820238)
 (7.988263234237408,-0.052462661346833528)
 (2.7861167067829484,1.9059454967156464)
 (-0.62689835441068453,3.4077095721933692)
 (-3.2722674000059158,4.6874150392398102)
 (125.45520663642338,175.74134439272714)
 (151.9315212430194,130.10841109449026)
 (90.907455743369482,34.643842165635171)
 (51.002198972741709,-3.1604372826433931)
 (32.440799808402673,-15.159259969581271)
 (23.055611967922403,-18.798698377712444)
 (17.137031531386896,-19.2365317093508)
 (11.618604161658496,-17.89627884130163)
 (4.1981608324532829,-14.988195590342778)
 (-6.9575300289038324,-10.393975787867269)
 (-22.424292496081222,-4.2660150125755143)
 (-40.88184866358263,2.6777368496581957)
 (-60.863718938430921,9.720421775493044)
 (-85.299444509262059,17.441042591691996)
 (-134.34959223100086,30.787893828262163)
 (-540.96424126502495,130.4409912329852)
 (146.30135904295832,-34.718708940607243)
 (47.249858858813369,-9.7126346672692634)
 (21.842573295358761,-2.6125657150560322)
 (10.901496880764327,0.89868348839557832)
 (21.121467730458036,-17.494597434619781)
 (16.019542010029767,-23.882961490140847)
 (11.281583480419314,-26.720459342174472)
 (5.3975715543036102,-27.206826713946935)
 (-3.2400292971840088,-25.401864132778535)
 (-15.554753019708812,-20.962016125307429)
 (-30.682123797980097,-14.071369864323881)
 (-46.282880808515145,-5.9045337372254094)
 (-61.223224647800677,2.2645926737236239)
 (-78.541787104859381,10.469166110753127)
 (-111.81542573949423,21.811928636537701)
 (-278.43420338052476,64.9285611839734)


# name: Kvec
# type: complex matrix
# rows: 3852
# columns: 1
 (-6.9000000000000004,-1.1000000000000001)
 (-6.9000000000000004,-0.90000000000000002)
 (-6.9000000000000004,-0.70000000000000007)
 (-6.9000000000000004,-0.5)
 (-6.9000000000000004,-0.30000000000000004)
 (-6.9000000000000004,-0.10000000000000001)
 (-6.9000000000000004,0.10000000000000001)
 (-6.9000000000000004,0.30000000000000004)
 (-6.9000000000000004,0.5)
 (-6.9000000000000004,0.70000000000000007)
 (-6.9000000000000004,0.90000000000000002)
 (-6.9000000000000004,1.1000000000000001)
 (-6.7000000000000002,-1.9000000000000001)
 (-6.7000000000000002,-1.7000000000000002)
 (-6.7000000000000002,-1.5000000000000002)
 (-6.7000000000000002,-1.3000000000000003)
 (-6.7000000000000002,-1.1000000000000001)
 (-6.7000000000000002,-0.90000000000000002)
 (-6.7000000000000002,-0.70000000000000007)
 (-6.7000000000000002,-0.5)
 (-6.7000000000000002,-0.30000000000000004)
 (-6.7000000000000002,-0.10000000000000001)
 (-6.7000000000000002,0.10000000000000001)
 (-6.7000000000000002,0.30000000000000004)
 (-6.7000000000000002,0.5)
 (-6.7000000000000002,0.70000000000000007)
 (-6.7000000000000002,0.90000000000000002)
 (-6.7000000000000002,1.1000000000000001)
 (-6.7000000000000002,1.3000000000000003)
 (-6.7000000000000002,1.5000000000000002)
 (-6.7000000000000002,1.7000000000000002)
 (-6.7000000000000002,1.9000000000000001)
 (-6.5,-2.5000000000000004)
 (-6.5,-2.3000000000000003)
 (-6.5,-2.1000000000000001)
 (-6.5,-1.9000000000000001)
 (-6.5,-1.7000000000000002)
 (-6.5,-1.5000000000000002)
 (-6.5,-1.3000000000000003)
 (-6.5,-1.1000000000000001)
 (-6.5,-0.90000000000000002)
 (-6.5,-0.70000000000000007)
 (-6.5,-0.5)
 (-6.5,-0.30000000000000004)
 (-6.5,-0.10000000000000001)
 (-6.5,0.10000000000000001)
 (-6.5,0.30000000000000004)
 (-6.5,0.5)
 (-6.5,0.70000000000000007)
 (-6.5,0.90000000000000002)
 (-6.5,1.1000000000000001)
 (-6.5,1.3000000000000003)
 (-6.5,1.5000000000000002)
 (-6.5,1.7000000000000002)
 (-6.5,1.9000000000000001)
 (-6.5,2.1000000000000001)
 (-6.5,2.3000000000000003)
 (-6.5,2.5000000000000004)
 (-6.2999999999999998,-2.9000000000000004)
 (-6.2999999999999998,-2.7000000000000002)
 (-6.2999999999999998,-2.5000000000000004)
 (-6.2999999999999998,-2.3000000000000003)
 (-6.2999999999999998,-2.1000000000000001)
 (-6.2999999999999998,-1.9000000000000001)
 (-6.2999999999999998,-1.7000000000000002)
 (-6.2999999999999998,-1.5000000000000002)
 (-6.2999999999999998,-1.3000000000000003)
 (-6.2999999999999998,-1.1000000000000001)
 (-6.2999999999999998,-0.90000000000000002)
 (-6.2999999999999998,-0.70000000000000007)
 (-6.2999999999999998,-0.5)
 (-6.2999999999999998,-0.30000000000000004)
 (-6.2999999999999998,-0.10000000000000001)
 (-6.2999999999999998,0.10000000000000001)
 (-6.2999999999999998,0.30000000000000004)
 (-6.2999999999999998,0.5)
 (-6.2999999999999998,0.70000000000000007)
 (-6.2999999999999998,0.90000000000000002)
 (-6.2999999999999998,1.1000000000000001)
 (-6.2999999999999998,1.3000000000000003)
 (-6.2999999999999998,1.5000000000000002)
 (-6.2999999999999998,1.7000000000000002)
 (-6.2999999999999998,1.9000000000000001)
 (-6.2999999999999998,2.1000000000000001)
 (-6.2999999999999998,2.3000000000000003)
 (-6.2999999999999998,2.5000000000000004)
 (-6.2999999999999998,2.7000000000000002)
 (-6.2999999999999998,2.9000000000000004)
 (-6.0999999999999996,-3.3000000000000003)
 (-6.0999999999999996,-3.1000000000000001)
 (-6.0999999999999996,-2.9000000000000004)
 (-6.0999999999999996,-2.7000000000000002)
 (-6.0999999999999996,-2.5000000000000004)
 (-6.0999999999999996,-2.3000000000000003)
 (-6.0999999999999996,-2.1000000000000001)
 (-6.0999999999999996,-1.9000000000000001)
 (-6.0999999999999996,-1.7000000000000002)
 (-6.0999999999999996,-1.5000000000000002)
 (-6.0999999999999996,-1.3000000000000003)
 (-6.0999999999999996,-1.1000000000000001)
 (-6.0999999999999996,-0.90000000000000002)
 (-6.0999999999999996,-0.70000000000000007)
 (-6.0999999999999996,-0.5)
 (-6.0999999999999996,-0.30000000000000004)
 (-6.0999999999999996,-0.10000000000000001)
 (-6.0999999999999996,0.10000000000000001)
 (-6.0999999999999996,0.30000000000000004)
 (-6.0999999999999996,0.5)
 (-6.0999999999999996,0.70000000000000007)
 (-6.0999999999999996,0.90000000000000002)
 (-6.0999999999999996,1.1000000000000001)
 (-6.0999999999999996,1.3000000000000003)
 (-6.0999999999999996,1.5000000000000002)
 (-6.0999999999999996,1.7000000000000002)
 (-6.0999999999999996,1.9000000000000001)
 (-6.0999999999999996,2.1000000000000001)
 (-6.0999999999999996,2.3000000000000003)
 (-6.0999999999999996,2.5000000000000004)
 (-6.0999999999999996,2.7000000000000002)
 (-6.0999999999999996,2.9000000000000004)
 (-6.0999999999999996,3.1000000000000001)
 (-6.0999999999999996,3.3000000000000003)
 (-5.9000000000000004,-3.7000000000000002)
 (-5.9000000000000004,-3.5000000000000004)
 (-5.9000000000000004,-3.3000000000000003)
 (-5.9000000000000004,-3.1000000000000001)
 (-5.9000000000000004,-2.9000000000000004)
 (-5.9000000000000004,-2.7000000000000002)
 (-5.9000000000000004,-2.5000000000000004)
 (-5.9000000000000004,-2.3000000000000003)
 (-5.9000000000000004,-2.1000000000000001)
 (-5.9000000000000004,-1.9000000000000001)
 (-5.9000000000000004,-1.7000000000000002)
 (-5.9000000000000004,-1.5000000000000002)
 (-5.9000000000000004,-1.3000000000000003)
 (-5.9000000000000004,-1.1000000000000001)
 (-5.9000000000000004,-0.90000000000000002)
 (-5.9000000000000004,-0.70000000000000007)
 (-5.9000000000000004,-0.5)
 (-5.9000000000000004,-0.30000000000000004)
 (-5.9000000000000004,-0.10000000000000001)
 (-5.9000000000000004,0.10000000000000001)
 (-5.9000000000000004,0.30000000000000004)
 (-5.9000000000000004,0.5)
 (-5.9000000000000004,0.70000000000000007)
 (-5.9000000000000004,0.90000000000000002)
 (-5.9000000000000004,1.1000000000000001)
 (-5.9000000000000004,1.3000000000000003)
 (-5.9000000000000004,1.5000000000000002)
 (-5.9000000000000004,1.7000000000000002)
 (-5.9000000000000004,1.9000000000000001)
 (-5.9000000000000004,2.1000000000000001)
 (-5.9000000000000004,2.3000000000000003)
 (-5.9000000000000004,2.5000000000000004)
 (-5.9000000000000004,2.7000000000000002)
 (-5.9000000000000004,2.9000000000000004)
 (-5.9000000000000004,3.1000000000000001)
 (-5.9000000000000004,3.3000000000000003)
 (-5.9000000000000004,3.5000000000000004)
 (-5.9000000000000004,3.7000000000000002)
 (-5.7000000000000002,-3.9000000000000004)
 (-5.7000000000000002,-3.7000000000000002)
 (-5.7000000000000002,-3.5000000000000004)
 (-5.7000000000000002,-3.3000000000000003)
 (-5.7000000000000002,-3.1000000000000001)
 (-5.7000000000000002,-2.9000000000000004)
 (-5.7000000000000002,-2.7000000000000002)
 (-5.7000000000000002,-2.5000000000000004)
 (-5.7000000000000002,-2.3000000000000003)
 (-5.7000000000000002,-2.1000000000000001)
 (-5.7000000000000002,-1.9000000000000001)
 (-5.7000000000000002,-1.7000000000000002)
 (-5.7000000000000002,-1.5000000000000002)
 (-5.7000000000000002,-1.3000000000000003)
 (-5.7000000000000002,-1.1000000000000001)
 (-5.7000000000000002,-0.90000000000000002)
 (-5.7000000000000002,-0.70000000000000007)
 (-5.7000000000000002,-0.5)
 (-5.7000000000000002,-0.30000000000000004)
 (-5.7000000000000002,-0.10000000000000001)
 (-5.7000000000000002,0.10000000000000001)
 (-5.7000000000000002,0.30000000000000004)
 (-5.7000000000000002,0.5)
 (-5.7000000000000002,0.70000000000000007)
 (-5.7000000000000002,0.90000000000000002)
 (-5.7000000000000002,1.1000000000000001)
 (-5.7000000000000002,1.3000000000000003)
 (-5.7000000000000002,1.5000000000000002)
 (-5.7000000000000002,1.7000000000000002)
 (-5.7000000000000002,1.9000000000000001)
 (-5.7000000000000002,2.1000000000000001)
 (-5.7000000000000002,2.3000000000000003)
 (-5.7000000000000002,2.5000000000000004)
 (-5.7000000000000002,2.7000000000000002)
 (-5.7000000000000002,2.9000000000000004)
 (-5.7000000000000002,3.1000000000000001)
 (-5.7000000000000002,3.3000000000000003)
 (-5.7000000000000002,3.5000000000000004)
 (-5.7000000000000002,3.7000000000000002)
 (-5.7000000000000002,3.9000000000000004)
 (-5.5,-4.2999999999999998)
 (-5.5,-4.0999999999999996)
 (-5.5,-3.9000000000000004)
 (-5.5,-3.7000000000000002)
 (-5.5,-3.5000000000000004)
 (-5.5,-3.3000000000000003)
 (-5.5,-3.1000000000000001)
 (-5.5,-2.9000000000000004)
 (-5.5,-2.7000000000000002)
 (-5.5,-2.5000000000000004)
 (-5.5,-2.3000000000000003)
 (-5.5,-2.1000000000000001)
 (-5.5,-1.9000000000000001)
 (-5.5,-1.7000000000000002)
 (-5.5,-1.5000000000000002)
 (-5.5,-1.3000000000000003)
 (-5.5,-1.1000000000000001)
 (-5.5,-0.90000000000000002)
 (-5.5,-0.70000000000000007)
 (-5.5,-0.5)
 (-5.5,-0.30000000000000004)
 (-5.5,-0.10000000000000001)
 (-5.5,0.10000000000000001)
 (-5.5,0.30000000000000004)
 (-5.5,0.5)
 (-5.5,0.70000000000000007)
 (-5.5,0.90000000000000002)
 (-5.5,1.1000000000000001)
 (-5.5,1.3000000000000003)
 (-5.5,1.5000000000000002)
 (-5.5,1.7000000000000002)
 (-5.5,1.9000000000000001)
 (-5.5,2.1000000000000001)
 (-5.5,2.3000000000000003)
 (-5.5,2.5000000000000004)
 (-5.5,2.7000000000000002)
 (-5.5,2.9000000000000004)
 (-5.5,3.1000000000000001)
 (-5.5,3.3000000000000003)
 (-5.5,3.5000000000000004)
 (-5.5,3.7000000000000002)
 (-5.5,3.9000000000000004)
 (-5.5,4.0999999999999996)
 (-5.5,4.2999999999999998)
 (-5.2999999999999998,-4.5)
 (-5.2999999999999998,-4.2999999999999998)
 (-5.2999999999999998,-4.0999999999999996)
 (-5.2999999999999998,-3.9000000000000004)
 (-5.2999999999999998,-3.7000000000000002)
 (-5.2999999999999998,-3.5000000000000004)
 (-5.2999999999999998,-3.3000000000000003)
 (-5.2999999999999998,-3.1000000000000001)
 (-5.2999999999999998,-2.9000000000000004)
 (-5.2999999999999998,-2.7000000000000002)
 (-5.2999999999999998,-2.5000000000000004)
 (-5.2999999999999998,-2.3000000000000003)
 (-5.2999999999999998,-2.1000000000000001)
 (-5.2999999999999998,-1.9000000000000001)
 (-5.2999999999999998,-1.7000000000000002)
 (-5.2999999999999998,-1.5000000000000002)
 (-5.2999999999999998,-1.3000000000000003)
 (-5.2999999999999998,-1.1000000000000001)
 (-5.2999999999999998,-0.90000000000000002)
 (-5.2999999999999998,-0.70000000000000007)
 (-5.2999999999999998,-0.5)
 (-5.2999999999999998,-0.30000000000000004)
 (-5.2999999999999998,-0.10000000000000001)
 (-5.2999999999999998,0.10000000000000001)
 (-5.2999999999999998,0.30000000000000004)
 (-5.2999999999999998,0.5)
 (-5.2999999999999998,0.70000000000000007)
 (-5.2999999999999998,0.90000000000000002)
 (-5.2999999999999998,1.1000000000000001)
 (-5.2999999999999998,1.3000000000000003)
 (-5.2999999999999998,1.5000000000000002)
 (-5.2999999999999998,1.7000000000000002)
 (-5.2999999999999998,1.9000000000000001)
 (-5.2999999999999998,2.1000000000000001)
 (-5.2999999999999998,2.3000000000000003)
 (-5.2999999999999998,2.5000000000000004)
 (-5.2999999999999998,2.7000000000000002)
 (-5.2999999999999998,2.9000000000000004)
 (-5.2999999999999998,3.1000000000000001)
 (-5.2999999999999998,3.3000000000000003)
 (-5.2999999999999998,3.5000000000000004)
 (-5.2999999999999998,3.7000000000000002)
 (-5.2999999999999998,3.9000000000000004)
 (-5.2999999999999998,4.0999999999999996)
 (-5.2999999999999998,4.2999999999999998)
 (-5.2999999999999998,4.5)
 (-5.0999999999999996,-4.7000000000000002)
 (-5.0999999999999996,-4.5)
 (-5.0999999999999996,-4.2999999999999998)
 (-5.0999999999999996,-4.0999999999999996)
 (-5.0999999999999996,-3.9000000000000004)
 (-5.0999999999999996,-3.7000000000000002)
 (-5.0999999999999996,-3.5000000000000004)
 (-5.0999999999999996,-3.3000000000000003)
 (-5.0999999999999996,-3.1000000000000001)
 (-5.0999999999999996,-2.9000000000000004)
 (-5.0999999999999996,-2.7000000000000002)
 (-5.0999999999999996,-2.5000000000000004)
 (-5.0999999999999996,-2.3000000000000003)
 (-5.0999999999999996,-2.1000000000000001)
 (-5.0999999999999996,-1.9000000000000001)
 (-5.0999999999999996,-1.7000000000000002)
 (-5.0999999999999996,-1.5000000000000002)
 (-5.0999999999999996,-1.3000000000000003)
 (-5.0999999999999996,-1.1000000000000001)
 (-5.0999999999999996,-0.90000000000000002)
 (-5.0999999999999996,-0.70000000000000007)
 (-5.0999999999999996,-0.5)
 (-5.0999999999999996,-0.30000000000000004)
 (-5.0999999999999996,-0.10000000000000001)
 (-5.0999999999999996,0.10000000000000001)
 (-5.0999999999999996,0.30000000000000004)
 (-5.0999999999999996,0.5)
 (-5.0999999999999996,0.70000000000000007)
 (-5.0999999999999996,0.90000000000000002)
 (-5.0999999999999996,1.1000000000000001)
 (-5.0999999999999996,1.3000000000000003)
 (-5.0999999999999996,1.5000000000000002)
 (-5.0999999999999996,1.7000000000000002)
 (-5.0999999999999996,1.9000000000000001)
 (-5.0999999999999996,2.1000000000000001)
 (-5.0999999999999996,2.3000000000000003)
 (-5.0999999999999996,2.5000000000000004)
 (-5.0999999999999996,2.7000000000000002)
 (-5.0999999999999996,2.9000000000000004)
 (-5.0999999999999996,3.1000000000000001)
 (-5.0999999999999996,3.3000000000000003)
 (-5.0999999999999996,3.5000000000000004)
 (-5.0999999999999996,3.7000000000000002)
 (-5.0999999999999996,3.9000000000000004)
 (-5.0999999999999996,4.0999999999999996)
 (-5.0999999999999996,4.2999999999999998)
 (-5.0999999999999996,4.5)
 (-5.0999999999999996,4.7000000000000002)
 (-4.9000000000000004,-4.9000000000000004)
 (-4.9000000000000004,-4.7000000000000002)
 (-4.9000000000000004,-4.5)
 (-4.9000000000000004,-4.2999999999999998)
 (-4.9000000000000004,-4.0999999999999996)
 (-4.9000000000000004,-3.9000000000000004)
 (-4.9000000000000004,-3.7000000000000002)
 (-4.9000000000000004,-3.5000000000000004)
 (-4.9000000000000004,-3.3000000000000003)
 (-4.9000000000000004,-3.1000000000000001)
 (-4.9000000000000004,-2.9000000000000004)
 (-4.9000000000000004,-2.7000000000000002)
 (-4.9000000000000004,-2.5000000000000004)
 (-4.9000000000000004,-2.3000000000000003)
 (-4.9000000000000004,-2.1000000000000001)
 (-4.9000000000000004,-1.9000000000000001)
 (-4.9000000000000004,-1.7000000000000002)
 (-4.9000000000000004,-1.5000000000000002)
 (-4.9000000000000004,-1.3000000000000003)
 (-4.9000000000000004,-1.1000000000000001)
 (-4.9000000000000004,-0.90000000000000002)
 (-4.9000000000000004,-0.70000000000000007)
 (-4.9000000000000004,-0.5)
 (-4.9000000000000004,-0.30000000000000004)
 (-4.9000000000000004,-0.10000000000000001)
 (-4.9000000000000004,0.10000000000000001)
 (-4.9000000000000004,0.30000000000000004)
 (-4.9000000000000004,0.5)
 (-4.9000000000000004,0.70000000000000007)
 (-4.9000000000000004,0.90000000000000002)
 (-4.9000000000000004,1.1000000000000001)
 (-4.9000000000000004,1.3000000000000003)
 (-4.9000000000000004,1.5000000000000002)
 (-4.9000000000000004,1.7000000000000002)
 (-4.9000000000000004,1.9000000000000001)
 (-4.9000000000000004,2.1000000000000001)
 (-4.9000000000000004,2.3000000000000003)
 (-4.9000000000000004,2.5000000000000004)
 (-4.9000000000000004,2.7000000000000002)
 (-4.9000000000000004,2.9000000000000004)
 (-4.9000000000000004,3.1000000000000001)
 (-4.9000000000000004,3.3000000000000003)
 (-4.9000000000000004,3.5000000000000004)
 (-4.9000000000000004,3.7000000000000002)
 (-4.9000000000000004,3.9000000000000004)
 (-4.9000000000000004,4.0999999999999996)
 (-4.9000000000000004,4.2999999999999998)
 (-4.9000000000000004,4.5)
 (-4.9000000000000004,4.7000000000000002)
 (-4.9000000000000004,4.9000000000000004)
 (-4.7000000000000002,-5.0999999999999996)
 (-4.7000000000000002,-4.9000000000000004)
 (-4.7000000000000002,-4.7000000000000002)
 (-4.7000000000000002,-4.5)
 (-4.7000000000000002,-4.2999999999999998)
 (-4.7000000000000002,-4.0999999999999996)
 (-4.7000000000000002,-3.9000000000000004)
 (-4.7000000000000002,-3.7000000000000002)
 (-4.7000000000000002,-3.5000000000000004)
 (-4.7000000000000002,-3.3000000000000003)
 (-4.7000000000000002,-3.1000000000000001)
 (-4.7000000000000002,-2.9000000000000004)
 (-4.7000000000000002,-2.7000000000000002)
 (-4.7000000000000002,-2.5000000000000004)
 (-4.7000000000000002,-2.3000000000000003)
 (-4.7000000000000002,-2.1000000000000001)
 (-4.7000000000000002,-1.9000000000000001)
 (-4.7000000000000002,-1.7000000000000002)
 (-4.7000000000000002,-1.5000000000000002)
 (-4.7000000000000002,-1.3000000000000003)
 (-4.7000000000000002,-1.1000000000000001)
 (-4.7000000000000002,-0.90000000000000002)
 (-4.7000000000000002,-0.70000000000000007)
 (-4.7000000000000002,-0.5)
 (-4.7000000000000002,-0.30000000000000004)
 (-4.7000000000000002,-0.10000000000000001)
 (-4.7000000000000002,0.10000000000000001)
 (-4.7000000000000002,0.30000000000000004)
 (-4.7000000000000002,0.5)
 (-4.7000000000000002,0.70000000000000007)
 (-4.7000000000000002,0.90000000000000002)
 (-4.7000000000000002,1.1000000000000001)
 (-4.7000000000000002,1.3000000000000003)
 (-4.7000000000000002,1.5000000000000002)
 (-4.7000000000000002,1.7000000000000002)
 (-4.7000000000000002,1.9000000000000001)
 (-4.7000000000000002,2.1000000000000001)
 (-4.7000000000000002,2.3000000000000003)
 (-4.7000000000000002,2.5000000000000004)
 (-4.7000000000000002,2.7000000000000002)
 (-4.7000000000000002,2.9000000000000004)
 (-4.7000000000000002,3.1000000000000001)
 (-4.7000000000000002,3.3000000000000003)
 (-4.7000000000000002,3.5000000000000004)
 (-4.7000000000000002,3.7000000000000002)
 (-4.7000000000000002,3.9000000000000004)
 (-4.7000000000000002,4.0999999999999996)
 (-4.7000000000000002,4.2999999999999998)
 (-4.7000000000000002,4.5)
 (-4.7000000000000002,4.7000000000000002)
 (-4.7000000000000002,4.9000000000000004)
 (-4.7000000000000002,5.0999999999999996)
 (-4.5,-5.2999999999999998)
 (-4.5,-5.0999999999999996)
 (-4.5,-4.9000000000000004)
 (-4.5,-4.7000000000000002)
 (-4.5,-4.5)
 (-4.5,-4.2999999999999998)
 (-4.5,-4.0999999999999996)
 (-4.5,-3.9000000000000004)
 (-4.5,-3.7000000000000002)
 (-4.5,-3.5000000000000004)
 (-4.5,-3.3000000000000003)
 (-4.5,-3.1000000000000001)
 (-4.5,-2.9000000000000004)
 (-4.5,-2.7000000000000002)
 (-4.5,-2.5000000000000004)
 (-4.5,-2.3000000000000003)
 (-4.5,-2.1000000000000001)
 (-4.5,-1.9000000000000001)
 (-4.5,-1.7000000000000002)
 (-4.5,-1.5000000000000002)
 (-4.5,-1.3000000000000003)
 (-4.5,-1.1000000000000001)
 (-4.5,-0.90000000000000002)
 (-4.5,-0.70000000000000007)
 (-4.5,-0.5)
 (-4.5,-0.30000000000000004)
 (-4.5,-0.10000000000000001)
 (-4.5,0.10000000000000001)
 (-4.5,0.30000000000000004)
 (-4.5,0.5)
 (-4.5,0.70000000000000007)
 (-4.5,0.90000000000000002)
 (-4.5,1.1000000000000001)
 (-4.5,1.3000000000000003)
 (-4.5,1.5000000000000002)
 (-4.5,1.7000000000000002)
 (-4.5,1.9000000000000001)
 (-4.5,2.1000000000000001)
 (-4.5,2.3000000000000003)
 (-4.5,2.5000000000000004)
 (-4.5,2.7000000000000002)
 (-4.5,2.9000000000000004)
 (-4.5,3.1000000000000001)
 (-4.5,3.3000000000000003)
 (-4.5,3.5000000000000004)
 (-4.5,3.7000000000000002)
 (-4.5,3.9000000000000004)
 (-4.5,4.0999999999999996)
 (-4.5,4.2999999999999998)
 (-4.5,4.5)
 (-4.5,4.7000000000000002)
 (-4.5,4.9000000000000004)
 (-4.5,5.0999999999999996)
 (-4.5,5.2999999999999998)
 (-4.2999999999999998,-5.5)
 (-4.2999999999999998,-5.2999999999999998)
 (-4.2999999999999998,-5.0999999999999996)
 (-4.2999999999999998,-4.9000000000000004)
 (-4.2999999999999998,-4.7000000000000002)
 (-4.2999999999999998,-4.5)
 (-4.2999999999999998,-4.2999999999999998)
 (-4.2999999999999998,-4.0999999999999996)
 (-4.2999999999999998,-3.9000000000000004)
 (-4.2999999999999998,-3.7000000000000002)
 (-4.2999999999999998,-3.5000000000000004)
 (-4.2999999999999998,-3.3000000000000003)
 (-4.2999999999999998,-3.1000000000000001)
 (-4.2999999999999998,-2.9000000000000004)
 (-4.2999999999999998,-2.7000000000000002)
 (-4.2999999999999998,-2.5000000000000004)
 (-4.2999999999999998,-2.3000000000000003)
 (-4.2999999999999998,-2.1000000000000001)
 (-4.2999999999999998,-1.9000000000000001)
 (-4.2999999999999998,-1.7000000000000002)
 (-4.2999999999999998,-1.5000000000000002)
 (-4.2999999999999998,-1.3000000000000003)
 (-4.2999999999999998,-1.1000000000000001)
 (-4.2999999999999998,-0.90000000000000002)
 (-4.2999999999999998,-0.70000000000000007)
 (-4.2999999999999998,-0.5)
 (-4.2999999999999998,-0.30000000000000004)
 (-4.2999999999999998,-0.10000000000000001)
 (-4.2999999999999998,0.10000000000000001)
 (-4.2999999999999998,0.30000000000000004)
 (-4.2999999999999998,0.5)
 (-4.2999999999999998,0.70000000000000007)
 (-4.2999999999999998,0.90000000000000002)
 (-4.2999999999999998,1.1000000000000001)
 (-4.2999999999999998,1.3000000000000003)
 (-4.2999999999999998,1.5000000000000002)
 (-4.2999999999999998,1.7000000000000002)
 (-4.2999999999999998,1.9000000000000001)
 (-4.2999999999999998,2.1000000000000001)
 (-4.2999999999999998,2.3000000000000003)
 (-4.2999999999999998,2.5000000000000004)
 (-4.2999999999999998,2.7000000000000002)
 (-4.2999999999999998,2.9000000000000004)
 (-4.2999999999999998,3.1000000000000001)
 (-4.2999999999999998,3.3000000000000003)
 (-4.2999999999999998,3.5000000000000004)
 (-4.2999999999999998,3.7000000000000002)
 (-4.2999999999999998,3.9000000000000004)
 (-4.2999999999999998,4.0999999999999996)
 (-4.2999999999999998,4.2999999999999998)
 (-4.2999999999999998,4.5)
 (-4.2999999999999998,4.7000000000000002)
 (-4.2999999999999998,4.9000000000000004)
 (-4.2999999999999998,5.0999999999999996)
 (-4.2999999999999998,5.2999999999999998)
 (-4.2999999999999998,5.5)
 (-4.0999999999999996,-5.5)
 (-4.0999999999999996,-5.2999999999999998)
 (-4.0999999999999996,-5.0999999999999996)
 (-4.0999999999999996,-4.9000000000000004)
 (-4.0999999999999996,-4.7000000000000002)
 (-4.0999999999999996,-4.5)
 (-4.0999999999999996,-4.2999999999999998)
 (-4.0999999999999996,-4.0999999999999996)
 (-4.0999999999999996,-3.9000000000000004)
 (-4.0999999999999996,-3.7000000000000002)
 (-4.0999999999999996,-3.5000000000000004)
 (-4.0999999999999996,-3.3000000000000003)
 (-4.0999999999999996,-3.1000000000000001)
 (-4.0999999999999996,-2.9000000000000004)
 (-4.0999999999999996,-2.7000000000000002)
 (-4.0999999999999996,-2.5000000000000004)
 (-4.0999999999999996,-2.3000000000000003)
 (-4.0999999999999996,-2.1000000000000001)
 (-4.0999999999999996,-1.9000000000000001)
 (-4.0999999999999996,-1.7000000000000002)
 (-4.0999999999999996,-1.5000000000000002)
 (-4.0999999999999996,-1.3000000000000003)
 (-4.0999999999999996,-1.1000000000000001)
 (-4.0999999999999996,-0.90000000000000002)
 (-4.0999999999999996,-0.70000000000000007)
 (-4.0999999999999996,-0.5)
 (-4.0999999999999996,-0.30000000000000004)
 (-4.0999999999999996,-0.10000000000000001)
 (-4.0999999999999996,0.10000000000000001)
 (-4.0999999999999996,0.30000000000000004)
 (-4.0999999999999996,0.5)
 (-4.0999999999999996,0.70000000000000007)
 (-4.0999999999999996,0.90000000000000002)
 (-4.0999999999999996,1.1000000000000001)
 (-4.0999999999999996,1.3000000000000003)
 (-4.0999999999999996,1.5000000000000002)
 (-4.0999999999999996,1.7000000000000002)
 (-4.0999999999999996,1.9000000000000001)
 (-4.0999999999999996,2.1000000000000001)
 (-4.0999999999999996,2.3000000000000003)
 (-4.0999999999999996,2.5000000000000004)
 (-4.0999999999999996,2.7000000000000002)
 (-4.0999999999999996,2.9000000000000004)
 (-4.0999999999999996,3.1000000000000001)
 (-4.0999999999999996,3.3000000000000003)
 (-4.0999999999999996,3.5000000000000004)
 (-4.0999999999999996,3.7000000000000002)
 (-4.0999999999999996,3.9000000000000004)
 (-4.0999999999999996,4.0999999999999996)
 (-4.0999999999999996,4.2999999999999998)
 (-4.0999999999999996,4.5)
 (-4.0999999999999996,4.7000000000000002)
 (-4.0999999999999996,4.9000000000000004)
 (-4.0999999999999996,5.0999999999999996)
 (-4.0999999999999996,5.2999999999999998)
 (-4.0999999999999996,5.5)
 (-3.9000000000000004,-5.7000000000000002)
 (-3.9000000000000004,-5.5)
 (-3.9000000000000004,-5.2999999999999998)
 (-3.9000000000000004,-5.0999999999999996)
 (-3.9000000000000004,-4.9000000000000004)
 (-3.9000000000000004,-4.7000000000000002)
 (-3.9000000000000004,-4.5)
 (-3.9000000000000004,-4.2999999999999998)
 (-3.9000000000000004,-4.0999999999999996)
 (-3.9000000000000004,-3.9000000000000004)
 (-3.9000000000000004,-3.7000000000000002)
 (-3.9000000000000004,-3.5000000000000004)
 (-3.9000000000000004,-3.3000000000000003)
 (-3.9000000000000004,-3.1000000000000001)
 (-3.9000000000000004,-2.9000000000000004)
 (-3.9000000000000004,-2.7000000000000002)
 (-3.9000000000000004,-2.5000000000000004)
 (-3.9000000000000004,-2.3000000000000003)
 (-3.9000000000000004,-2.1000000000000001)
 (-3.9000000000000004,-1.9000000000000001)
 (-3.9000000000000004,-1.7000000000000002)
 (-3.9000000000000004,-1.5000000000000002)
 (-3.9000000000000004,-1.3000000000000003)
 (-3.9000000000000004,-1.1000000000000001)
 (-3.9000000000000004,-0.90000000000000002)
 (-3.9000000000000004,-0.70000000000000007)
 (-3.9000000000000004,-0.5)
 (-3.9000000000000004,-0.30000000000000004)
 (-3.9000000000000004,-0.10000000000000001)
 (-3.9000000000000004,0.10000000000000001)
 (-3.9000000000000004,0.30000000000000004)
 (-3.9000000000000004,0.5)
 (-3.9000000000000004,0.70000000000000007)
 (-3.9000000000000004,0.90000000000000002)
 (-3.9000000000000004,1.1000000000000001)
 (-3.9000000000000004,1.3000000000000003)
 (-3.9000000000000004,1.5000000000000002)
 (-3.9000000000000004,1.7000000000000002)
 (-3.9000000000000004,1.9000000000000001)
 (-3.9000000000000004,2.1000000000000001)
 (-3.9000000000000004,2.3000000000000003)
 (-3.9000000000000004,2.5000000000000004)
 (-3.9000000000000004,2.7000000000000002)
 (-3.9000000000000004,2.9000000000000004)
 (-3.9000000000000004,3.1000000000000001)
 (-3.9000000000000004,3.3000000000000003)
 (-3.9000000000000004,3.5000000000000004)
 (-3.9000000000000004,3.7000000000000002)
 (-3.9000000000000004,3.9000000000000004)
 (-3.9000000000000004,4.0999999999999996)
 (-3.9000000000000004,4.2999999999999998)
 (-3.9000000000000004,4.5)
 (-3.9000000000000004,4.7000000000000002)
 (-3.9000000000000004,4.9000000000000004)
 (-3.9000000000000004,5.0999999999999996)
 (-3.9000000000000004,5.2999999999999998)
 (-3.9000000000000004,5.5)
 (-3.9000000000000004,5.7000000000000002)
 (-3.7000000000000002,-5.9000000000000004)
 (-3.7000000000000002,-5.7000000000000002)
 (-3.7000000000000002,-5.5)
 (-3.7000000000000002,-5.2999999999999998)
 (-3.7000000000000002,-5.0999999999999996)
 (-3.7000000000000002,-4.9000000000000004)
 (-3.7000000000000002,-4.7000000000000002)
 (-3.7000000000000002,-4.5)
 (-3.7000000000000002,-4.2999999999999998)
 (-3.7000000000000002,-4.0999999999999996)
 (-3.7000000000000002,-3.9000000000000004)
 (-3.7000000000000002,-3.7000000000000002)
 (-3.7000000000000002,-3.5000000000000004)
 (-3.7000000000000002,-3.3000000000000003)
 (-3.7000000000000002,-3.1000000000000001)
 (-3.7000000000000002,-2.9000000000000004)
 (-3.7000000000000002,-2.7000000000000002)
 (-3.7000000000000002,-2.5000000000000004)
 (-3.7000000000000002,-2.3000000000000003)
 (-3.7000000000000002,-2.1000000000000001)
 (-3.7000000000000002,-1.9000000000000001)
 (-3.7000000000000002,-1.7000000000000002)
 (-3.7000000000000002,-1.5000000000000002)
 (-3.7000000000000002,-1.3000000000000003)
 (-3.7000000000000002,-1.1000000000000001)
 (-3.7000000000000002,-0.90000000000000002)
 (-3.7000000000000002,-0.70000000000000007)
 (-3.7000000000000002,-0.5)
 (-3.7000000000000002,-0.30000000000000004)
 (-3.7000000000000002,-0.10000000000000001)
 (-3.7000000000000002,0.10000000000000001)
 (-3.7000000000000002,0.30000000000000004)
 (-3.7000000000000002,0.5)
 (-3.7000000000000002,0.70000000000000007)
 (-3.7000000000000002,0.90000000000000002)
 (-3.7000000000000002,1.1000000000000001)
 (-3.7000000000000002,1.3000000000000003)
 (-3.7000000000000002,1.5000000000000002)
 (-3.7000000000000002,1.7000000000000002)
 (-3.7000000000000002,1.9000000000000001)
 (-3.7000000000000002,2.1000000000000001)
 (-3.7000000000000002,2.3000000000000003)
 (-3.7000000000000002,2.5000000000000004)
 (-3.7000000000000002,2.7000000000000002)
 (-3.7000000000000002,2.9000000000000004)
 (-3.7000000000000002,3.1000000000000001)
 (-3.7000000000000002,3.3000000000000003)
 (-3.7000000000000002,3.5000000000000004)
 (-3.7000000000000002,3.7000000000000002)
 (-3.7000000000000002,3.9000000000000004)
 (-3.7000000000000002,4.0999999999999996)
 (-3.7000000000000002,4.2999999999999998)
 (-3.7000000000000002,4.5)
 (-3.7000000000000002,4.7000000000000002)
 (-3.7000000000000002,4.9000000000000004)
 (-3.7000000000000002,5.0999999999999996)
 (-3.7000000000000002,5.2999999999999998)
 (-3.7000000000000002,5.5)
 (-3.7000000000000002,5.7000000000000002)
 (-3.7000000000000002,5.9000000000000004)
 (-3.5000000000000004,-5.9000000000000004)
 (-3.5000000000000004,-5.7000000000000002)
 (-3.5000000000000004,-5.5)
 (-3.5000000000000004,-5.2999999999999998)
 (-3.5000000000000004,-5.0999999999999996)
 (-3.5000000000000004,-4.9000000000000004)
 (-3.5000000000000004,-4.7000000000000002)
 (-3.5000000000000004,-4.5)
 (-3.5000000000000004,-4.2999999999999998)
 (-3.5000000000000004,-4.0999999999999996)
 (-3.5000000000000004,-3.9000000000000004)
 (-3.5000000000000004,-3.7000000000000002)
 (-3.5000000000000004,-3.5000000000000004)
 (-3.5000000000000004,-3.3000000000000003)
 (-3.5000000000000004,-3.1000000000000001)
 (-3.5000000000000004,-2.9000000000000004)
 (-3.5000000000000004,-2.7000000000000002)
 (-3.5000000000000004,-2.5000000000000004)
 (-3.5000000000000004,-2.3000000000000003)
 (-3.5000000000000004,-2.1000000000000001)
 (-3.5000000000000004,-1.9000000000000001)
 (-3.5000000000000004,-1.7000000000000002)
 (-3.5000000000000004,-1.5000000000000002)
 (-3.5000000000000004,-1.3000000000000003)
 (-3.5000000000000004,-1.1000000000000001)
 (-3.5000000000000004,-0.90000000000000002)
 (-3.5000000000000004,-0.70000000000000007)
 (-3.5000000000000004,-0.5)
 (-3.5000000000000004,-0.30000000000000004)
 (-3.5000000000000004,-0.10000000000000001)
 (-3.5000000000000004,0.10000000000000001)
 (-3.5000000000000004,0.30000000000000004)
 (-3.5000000000000004,0.5)
 (-3.5000000000000004,0.70000000000000007)
 (-3.5000000000000004,0.90000000000000002)
 (-3.5000000000000004,1.1000000000000001)
 (-3.5000000000000004,1.3000000000000003)
 (-3.5000000000000004,1.5000000000000002)
 (-3.5000000000000004,1.7000000000000002)
 (-3.5000000000000004,1.9000000000000001)
 (-3.5000000000000004,2.1000000000000001)
 (-3.5000000000000004,2.3000000000000003)
 (-3.5000000000000004,2.5000000000000004)
 (-3.5000000000000004,2.7000000000000002)
 (-3.5000000000000004,2.9000000000000004)
 (-3.5000000000000004,3.1000000000000001)
 (-3.5000000000000004,3.3000000000000003)
 (-3.5000000000000004,3.5000000000000004)
 (-3.5000000000000004,3.7000000000000002)
 (-3.5000000000000004,3.9000000000000004)
 (-3.5000000000000004,4.0999999999999996)
 (-3.5000000000000004,4.2999999999999998)
 (-3.5000000000000004,4.5)
 (-3.5000000000000004,4.7000000000000002)
 (-3.5000000000000004,4.9000000000000004)
 (-3.5000000000000004,5.0999999999999996)
 (-3.5000000000000004,5.2999999999999998)
 (-3.5000000000000004,5.5)
 (-3.5000000000000004,5.7000000000000002)
 (-3.5000000000000004,5.9000000000000004)
 (-3.3000000000000003,-6.0999999999999996)
 (-3.3000000000000003,-5.9000000000000004)
 (-3.3000000000000003,-5.7000000000000002)
 (-3.3000000000000003,-5.5)
 (-3.3000000000000003,-5.2999999999999998)
 (-3.3000000000000003,-5.0999999999999996)
 (-3.3000000000000003,-4.9000000000000004)
 (-3.3000000000000003,-4.7000000000000002)
 (-3.3000000000000003,-4.5)
 (-3.3000000000000003,-4.2999999999999998)
 (-3.3000000000000003,-4.0999999999999996)
 (-3.3000000000000003,-3.9000000000000004)
 (-3.3000000000000003,-3.7000000000000002)
 (-3.3000000000000003,-3.5000000000000004)
 (-3.3000000000000003,-3.3000000000000003)
 (-3.3000000000000003,-3.1000000000000001)
 (-3.3000000000000003,-2.9000000000000004)
 (-3.3000000000000003,-2.7000000000000002)
 (-3.3000000000000003,-2.5000000000000004)
 (-3.3000000000000003,-2.3000000000000003)
 (-3.3000000000000003,-2.1000000000000001)
 (-3.3000000000000003,-1.9000000000000001)
 (-3.3000000000000003,-1.7000000000000002)
 (-3.3000000000000003,-1.5000000000000002)
 (-3.3000000000000003,-1.3000000000000003)
 (-3.3000000000000003,-1.1000000000000001)
 (-3.3000000000000003,-0.90000000000000002)
 (-3.3000000000000003,-0.70000000000000007)
 (-3.3000000000000003,-0.5)
 (-3.3000000000000003,-0.30000000000000004)
 (-3.3000000000000003,-0.10000000000000001)
 (-3.3000000000000003,0.10000000000000001)
 (-3.3000000000000003,0.30000000000000004)
 (-3.3000000000000003,0.5)
 (-3.3000000000000003,0.70000000000000007)
 (-3.3000000000000003,0.90000000000000002)
 (-3.3000000000000003,1.1000000000000001)
 (-3.3000000000000003,1.3000000000000003)
 (-3.3000000000000003,1.5000000000000002)
 (-3.3000000000000003,1.7000000000000002)
 (-3.3000000000000003,1.9000000000000001)
 (-3.3000000000000003,2.1000000000000001)
 (-3.3000000000000003,2.3000000000000003)
 (-3.3000000000000003,2.5000000000000004)
 (-3.3000000000000003,2.7000000000000002)
 (-3.3000000000000003,2.9000000000000004)
 (-3.3000000000000003,3.1000000000000001)
 (-3.3000000000000003,3.3000000000000003)
 (-3.3000000000000003,3.5000000000000004)
 (-3.3000000000000003,3.7000000000000002)
 (-3.3000000000000003,3.9000000000000004)
 (-3.3000000000000003,4.0999999999999996)
 (-3.3000000000000003,4.2999999999999998)
 (-3.3000000000000003,4.5)
 (-3.3000000000000003,4.7000000000000002)
 (-3.3000000000000003,4.9000000000000004)
 (-3.3000000000000003,5.0999999999999996)
 (-3.3000000000000003,5.2999999999999998)
 (-3.3000000000000003,5.5)
 (-3.3000000000000003,5.7000000000000002)
 (-3.3000000000000003,5.9000000000000004)
 (-3.3000000000000003,6.0999999999999996)
 (-3.1000000000000001,-6.0999999999999996)
 (-3.1000000000000001,-5.9000000000000004)
 (-3.1000000000000001,-5.7000000000000002)
 (-3.1000000000000001,-5.5)
 (-3.1000000000000001,-5.2999999999999998)
 (-3.1000000000000001,-5.0999999999999996)
 (-3.1000000000000001,-4.9000000000000004)
 (-3.1000000000000001,-4.7000000000000002)
 (-3.1000000000000001,-4.5)
 (-3.1000000000000001,-4.2999999999999998)
 (-3.1000000000000001,-4.0999999999999996)
 (-3.1000000000000001,-3.9000000000000004)
 (-3.1000000000000001,-3.7000000000000002)
 (-3.1000000000000001,-3.5000000000000004)
 (-3.1000000000000001,-3.3000000000000003)
 (-3.1000000000000001,-3.1000000000000001)
 (-3.1000000000000001,-2.9000000000000004)
 (-3.1000000000000001,-2.7000000000000002)
 (-3.1000000000000001,-2.5000000000000004)
 (-3.1000000000000001,-2.3000000000000003)
 (-3.1000000000000001,-2.1000000000000001)
 (-3.1000000000000001,-1.9000000000000001)
 (-3.1000000000000001,-1.7000000000000002)
 (-3.1000000000000001,-1.5000000000000002)
 (-3.1000000000000001,-1.3000000000000003)
 (-3.1000000000000001,-1.1000000000000001)
 (-3.1000000000000001,-0.90000000000000002)
 (-3.1000000000000001,-0.70000000000000007)
 (-3.1000000000000001,-0.5)
 (-3.1000000000000001,-0.30000000000000004)
 (-3.1000000000000001,-0.10000000000000001)
 (-3.1000000000000001,0.10000000000000001)
 (-3.1000000000000001,0.30000000000000004)
 (-3.1000000000000001,0.5)
 (-3.1000000000000001,0.70000000000000007)
 (-3.1000000000000001,0.90000000000000002)
 (-3.1000000000000001,1.1000000000000001)
 (-3.1000000000000001,1.3000000000000003)
 (-3.1000000000000001,1.5000000000000002)
 (-3.1000000000000001,1.7000000000000002)
 (-3.1000000000000001,1.9000000000000001)
 (-3.1000000000000001,2.1000000000000001)
 (-3.1000000000000001,2.3000000000000003)
 (-3.1000000000000001,2.5000000000000004)
 (-3.1000000000000001,2.7000000000000002)
 (-3.1000000000000001,2.9000000000000004)
 (-3.1000000000000001,3.1000000000000001)
 (-3.1000000000000001,3.3000000000000003)
 (-3.1000000000000001,3.5000000000000004)
 (-3.1000000000000001,3.7000000000000002)
 (-3.1000000000000001,3.9000000000000004)
 (-3.1000000000000001,4.0999999999999996)
 (-3.1000000000000001,4.2999999999999998)
 (-3.1000000000000001,4.5)
 (-3.1000000000000001,4.7000000000000002)
 (-3.1000000000000001,4.9000000000000004)
 (-3.1000000000000001,5.0999999999999996)
 (-3.1000000000000001,5.2999999999999998)
 (-3.1000000000000001,5.5)
 (-3.1000000000000001,5.7000000000000002)
 (-3.1000000000000001,5.9000000000000004)
 (-3.1000000000000001,6.0999999999999996)
 (-2.9000000000000004,-6.2999999999999998)
 (-2.9000000000000004,-6.0999999999999996)
 (-2.9000000000000004,-5.9000000000000004)
 (-2.9000000000000004,-5.7000000000000002)
 (-2.9000000000000004,-5.5)
 (-2.9000000000000004,-5.2999999999999998)
 (-2.9000000000000004,-5.0999999999999996)
 (-2.9000000000000004,-4.9000000000000004)
 (-2.9000000000000004,-4.7000000000000002)
 (-2.9000000000000004,-4.5)
 (-2.9000000000000004,-4.2999999999999998)
 (-2.9000000000000004,-4.0999999999999996)
 (-2.9000000000000004,-3.9000000000000004)
 (-2.9000000000000004,-3.7000000000000002)
 (-2.9000000000000004,-3.5000000000000004)
 (-2.9000000000000004,-3.3000000000000003)
 (-2.9000000000000004,-3.1000000000000001)
 (-2.9000000000000004,-2.9000000000000004)
 (-2.9000000000000004,-2.7000000000000002)
 (-2.9000000000000004,-2.5000000000000004)
 (-2.9000000000000004,-2.3000000000000003)
 (-2.9000000000000004,-2.1000000000000001)
 (-2.9000000000000004,-1.9000000000000001)
 (-2.9000000000000004,-1.7000000000000002)
 (-2.9000000000000004,-1.5000000000000002)
 (-2.9000000000000004,-1.3000000000000003)
 (-2.9000000000000004,-1.1000000000000001)
 (-2.9000000000000004,-0.90000000000000002)
 (-2.9000000000000004,-0.70000000000000007)
 (-2.9000000000000004,-0.5)
 (-2.9000000000000004,-0.30000000000000004)
 (-2.9000000000000004,-0.10000000000000001)
 (-2.9000000000000004,0.10000000000000001)
 (-2.9000000000000004,0.30000000000000004)
 (-2.9000000000000004,0.5)
 (-2.9000000000000004,0.70000000000000007)
 (-2.9000000000000004,0.90000000000000002)
 (-2.9000000000000004,1.1000000000000001)
 (-2.9000000000000004,1.3000000000000003)
 (-2.9000000000000004,1.5000000000000002)
 (-2.9000000000000004,1.7000000000000002)
 (-2.9000000000000004,1.9000000000000001)
 (-2.9000000000000004,2.1000000000000001)
 (-2.9000000000000004,2.3000000000000003)
 (-2.9000000000000004,2.5000000000000004)
 (-2.9000000000000004,2.7000000000000002)
 (-2.9000000000000004,2.9000000000000004)
 (-2.9000000000000004,3.1000000000000001)
 (-2.9000000000000004,3.3000000000000003)
 (-2.9000000000000004,3.5000000000000004)
 (-2.9000000000000004,3.7000000000000002)
 (-2.9000000000000004,3.9000000000000004)
 (-2.9000000000000004,4.0999999999999996)
 (-2.9000000000000004,4.2999999999999998)
 (-2.9000000000000004,4.5)
 (-2.9000000000000004,4.7000000000000002)
 (-2.9000000000000004,4.9000000000000004)
 (-2.9000000000000004,5.0999999999999996)
 (-2.9000000000000004,5.2999999999999998)
 (-2.9000000000000004,5.5)
 (-2.9000000000000004,5.7000000000000002)
 (-2.9000000000000004,5.9000000000000004)
 (-2.9000000000000004,6.0999999999999996)
 (-2.9000000000000004,6.2999999999999998)
 (-2.7000000000000002,-6.2999999999999998)
 (-2.7000000000000002,-6.0999999999999996)
 (-2.7000000000000002,-5.9000000000000004)
 (-2.7000000000000002,-5.7000000000000002)
 (-2.7000000000000002,-5.5)
 (-2.7000000000000002,-5.2999999999999998)
 (-2.7000000000000002,-5.0999999999999996)
 (-2.7000000000000002,-4.9000000000000004)
 (-2.7000000000000002,-4.7000000000000002)
 (-2.7000000000000002,-4.5)
 (-2.7000000000000002,-4.2999999999999998)
 (-2.7000000000000002,-4.0999999999999996)
 (-2.7000000000000002,-3.9000000000000004)
 (-2.7000000000000002,-3.7000000000000002)
 (-2.7000000000000002,-3.5000000000000004)
 (-2.7000000000000002,-3.3000000000000003)
 (-2.7000000000000002,-3.1000000000000001)
 (-2.7000000000000002,-2.9000000000000004)
 (-2.7000000000000002,-2.7000000000000002)
 (-2.7000000000000002,-2.5000000000000004)
 (-2.7000000000000002,-2.3000000000000003)
 (-2.7000000000000002,-2.1000000000000001)
 (-2.7000000000000002,-1.9000000000000001)
 (-2.7000000000000002,-1.7000000000000002)
 (-2.7000000000000002,-1.5000000000000002)
 (-2.7000000000000002,-1.3000000000000003)
 (-2.7000000000000002,-1.1000000000000001)
 (-2.7000000000000002,-0.90000000000000002)
 (-2.7000000000000002,-0.70000000000000007)
 (-2.7000000000000002,-0.5)
 (-2.7000000000000002,-0.30000000000000004)
 (-2.7000000000000002,-0.10000000000000001)
 (-2.7000000000000002,0.10000000000000001)
 (-2.7000000000000002,0.30000000000000004)
 (-2.7000000000000002,0.5)
 (-2.7000000000000002,0.70000000000000007)
 (-2.7000000000000002,0.90000000000000002)
 (-2.7000000000000002,1.1000000000000001)
 (-2.7000000000000002,1.3000000000000003)
 (-2.7000000000000002,1.5000000000000002)
 (-2.7000000000000002,1.7000000000000002)
 (-2.7000000000000002,1.9000000000000001)
 (-2.7000000000000002,2.1000000000000001)
 (-2.7000000000000002,2.3000000000000003)
 (-2.7000000000000002,2.5000000000000004)
 (-2.7000000000000002,2.7000000000000002)
 (-2.7000000000000002,2.9000000000000004)
 (-2.7000000000000002,3.1000000000000001)
 (-2.7000000000000002,3.3000000000000003)
 (-2.7000000000000002,3.5000000000000004)
 (-2.7000000000000002,3.7000000000000002)
 (-2.7000000000000002,3.9000000000000004)
 (-2.7000000000000002,4.0999999999999996)
 (-2.7000000000000002,4.2999999999999998)
 (-2.7000000000000002,4.5)
 (-2.7000000000000002,4.7000000000000002)
 (-2.7000000000000002,4.9000000000000004)
 (-2.7000000000000002,5.0999999999999996)
 (-2.7000000000000002,5.2999999999999998)
 (-2.7000000000000002,5.5)
 (-2.7000000000000002,5.7000000000000002)
 (-2.7000000000000002,5.9000000000000004)
 (-2.7000000000000002,6.0999999999999996)
 (-2.7000000000000002,6.2999999999999998)
 (-2.5000000000000004,-6.5)
 (-2.5000000000000004,-6.2999999999999998)
 (-2.5000000000000004,-6.0999999999999996)
 (-2.5000000000000004,-5.9000000000000004)
 (-2.5000000000000004,-5.7000000000000002)
 (-2.5000000000000004,-5.5)
 (-2.5000000000000004,-5.2999999999999998)
 (-2.5000000000000004,-5.0999999999999996)
 (-2.5000000000000004,-4.9000000000000004)
 (-2.5000000000000004,-4.7000000000000002)
 (-2.5000000000000004,-4.5)
 (-2.5000000000000004,-4.2999999999999998)
 (-2.5000000000000004,-4.0999999999999996)
 (-2.5000000000000004,-3.9000000000000004)
 (-2.5000000000000004,-3.7000000000000002)
 (-2.5000000000000004,-3.5000000000000004)
 (-2.5000000000000004,-3.3000000000000003)
 (-2.5000000000000004,-3.1000000000000001)
 (-2.5000000000000004,-2.9000000000000004)
 (-2.5000000000000004,-2.7000000000000002)
 (-2.5000000000000004,-2.5000000000000004)
 (-2.5000000000000004,-2.3000000000000003)
 (-2.5000000000000004,-2.1000000000000001)
 (-2.5000000000000004,-1.9000000000000001)
 (-2.5000000000000004,-1.7000000000000002)
 (-2.5000000000000004,-1.5000000000000002)
 (-2.5000000000000004,-1.3000000000000003)
 (-2.5000000000000004,-1.1000000000000001)
 (-2.5000000000000004,-0.90000000000000002)
 (-2.5000000000000004,-0.70000000000000007)
 (-2.5000000000000004,-0.5)
 (-2.5000000000000004,-0.30000000000000004)
 (-2.5000000000000004,-0.10000000000000001)
 (-2.5000000000000004,0.10000000000000001)
 (-2.5000000000000004,0.30000000000000004)
 (-2.5000000000000004,0.5)
 (-2.5000000000000004,0.70000000000000007)
 (-2.5000000000000004,0.90000000000000002)
 (-2.5000000000000004,1.1000000000000001)
 (-2.5000000000000004,1.3000000000000003)
 (-2.5000000000000004,1.5000000000000002)
 (-2.5000000000000004,1.7000000000000002)
 (-2.5000000000000004,1.9000000000000001)
 (-2.5000000000000004,2.1000000000000001)
 (-2.5000000000000004,2.3000000000000003)
 (-2.5000000000000004,2.5000000000000004)
 (-2.5000000000000004,2.7000000000000002)
 (-2.5000000000000004,2.9000000000000004)
 (-2.5000000000000004,3.1000000000000001)
 (-2.5000000000000004,3.3000000000000003)
 (-2.5000000000000004,3.5000000000000004)
 (-2.5000000000000004,3.7000000000000002)
 (-2.5000000000000004,3.9000000000000004)
 (-2.5000000000000004,4.0999999999999996)
 (-2.5000000000000004,4.2999999999999998)
 (-2.5000000000000004,4.5)
 (-2.5000000000000004,4.7000000000000002)
 (-2.5000000000000004,4.9000000000000004)
 (-2.5000000000000004,5.0999999999999996)
 (-2.5000000000000004,5.2999999999999998)
 (-2.5000000000000004,5.5)
 (-2.5000000000000004,5.7000000000000002)
 (-2.5000000000000004,5.9000000000000004)
 (-2.5000000000000004,6.0999999999999996)
 (-2.5000000000000004,6.2999999999999998)
 (-2.5000000000000004,6.5)
 (-2.3000000000000003,-6.5)
 (-2.3000000000000003,-6.2999999999999998)
 (-2.3000000000000003,-6.0999999999999996)
 (-2.3000000000000003,-5.9000000000000004)
 (-2.3000000000000003,-5.7000000000000002)
 (-2.3000000000000003,-5.5)
 (-2.3000000000000003,-5.2999999999999998)
 (-2.3000000000000003,-5.0999999999999996)
 (-2.3000000000000003,-4.9000000000000004)
 (-2.3000000000000003,-4.7000000000000002)
 (-2.3000000000000003,-4.5)
 (-2.3000000000000003,-4.2999999999999998)
 (-2.3000000000000003,-4.0999999999999996)
 (-2.3000000000000003,-3.9000000000000004)
 (-2.3000000000000003,-3.7000000000000002)
 (-2.3000000000000003,-3.5000000000000004)
 (-2.3000000000000003,-3.3000000000000003)
 (-2.3000000000000003,-3.1000000000000001)
 (-2.3000000000000003,-2.9000000000000004)
 (-2.3000000000000003,-2.7000000000000002)
 (-2.3000000000000003,-2.5000000000000004)
 (-2.3000000000000003,-2.3000000000000003)
 (-2.3000000000000003,-2.1000000000000001)
 (-2.3000000000000003,-1.9000000000000001)
 (-2.3000000000000003,-1.7000000000000002)
 (-2.3000000000000003,-1.5000000000000002)
 (-2.3000000000000003,-1.3000000000000003)
 (-2.3000000000000003,-1.1000000000000001)
 (-2.3000000000000003,-0.90000000000000002)
 (-2.3000000000000003,-0.70000000000000007)
 (-2.3000000000000003,-0.5)
 (-2.3000000000000003,-0.30000000000000004)
 (-2.3000000000000003,-0.10000000000000001)
 (-2.3000000000000003,0.10000000000000001)
 (-2.3000000000000003,0.30000000000000004)
 (-2.3000000000000003,0.5)
 (-2.3000000000000003,0.70000000000000007)
 (-2.3000000000000003,0.90000000000000002)
 (-2.3000000000000003,1.1000000000000001)
 (-2.3000000000000003,1.3000000000000003)
 (-2.3000000000000003,1.5000000000000002)
 (-2.3000000000000003,1.7000000000000002)
 (-2.3000000000000003,1.9000000000000001)
 (-2.3000000000000003,2.1000000000000001)
 (-2.3000000000000003,2.3000000000000003)
 (-2.3000000000000003,2.5000000000000004)
 (-2.3000000000000003,2.7000000000000002)
 (-2.3000000000000003,2.9000000000000004)
 (-2.3000000000000003,3.1000000000000001)
 (-2.3000000000000003,3.3000000000000003)
 (-2.3000000000000003,3.5000000000000004)
 (-2.3000000000000003,3.7000000000000002)
 (-2.3000000000000003,3.9000000000000004)
 (-2.3000000000000003,4.0999999999999996)
 (-2.3000000000000003,4.2999999999999998)
 (-2.3000000000000003,4.5)
 (-2.3000000000000003,4.7000000000000002)
 (-2.3000000000000003,4.9000000000000004)
 (-2.3000000000000003,5.0999999999999996)
 (-2.3000000000000003,5.2999999999999998)
 (-2.3000000000000003,5.5)
 (-2.3000000000000003,5.7000000000000002)
 (-2.3000000000000003,5.9000000000000004)
 (-2.3000000000000003,6.0999999999999996)
 (-2.3000000000000003,6.2999999999999998)
 (-2.3000000000000003,6.5)
 (-2.1000000000000001,-6.5)
 (-2.1000000000000001,-6.2999999999999998)
 (-2.1000000000000001,-6.0999999999999996)
 (-2.1000000000000001,-5.9000000000000004)
 (-2.1000000000000001,-5.7000000000000002)
 (-2.1000000000000001,-5.5)
 (-2.1000000000000001,-5.2999999999999998)
 (-2.1000000000000001,-5.0999999999999996)
 (-2.1000000000000001,-4.9000000000000004)
 (-2.1000000000000001,-4.7000000000000002)
 (-2.1000000000000001,-4.5)
 (-2.1000000000000001,-4.2999999999999998)
 (-2.1000000000000001,-4.0999999999999996)
 (-2.1000000000000001,-3.9000000000000004)
 (-2.1000000000000001,-3.7000000000000002)
 (-2.1000000000000001,-3.5000000000000004)
 (-2.1000000000000001,-3.3000000000000003)
 (-2.1000000000000001,-3.1000000000000001)
 (-2.1000000000000001,-2.9000000000000004)
 (-2.1000000000000001,-2.7000000000000002)
 (-2.1000000000000001,-2.5000000000000004)
 (-2.1000000000000001,-2.3000000000000003)
 (-2.1000000000000001,-2.1000000000000001)
 (-2.1000000000000001,-1.9000000000000001)
 (-2.1000000000000001,-1.7000000000000002)
 (-2.1000000000000001,-1.5000000000000002)
 (-2.1000000000000001,-1.3000000000000003)
 (-2.1000000000000001,-1.1000000000000001)
 (-2.1000000000000001,-0.90000000000000002)
 (-2.1000000000000001,-0.70000000000000007)
 (-2.1000000000000001,-0.5)
 (-2.1000000000000001,-0.30000000000000004)
 (-2.1000000000000001,-0.10000000000000001)
 (-2.1000000000000001,0.10000000000000001)
 (-2.1000000000000001,0.30000000000000004)
 (-2.1000000000000001,0.5)
 (-2.1000000000000001,0.70000000000000007)
 (-2.1000000000000001,0.90000000000000002)
 (-2.1000000000000001,1.1000000000000001)
 (-2.1000000000000001,1.3000000000000003)
 (-2.1000000000000001,1.5000000000000002)
 (-2.1000000000000001,1.7000000000000002)
 (-2.1000000000000001,1.9000000000000001)
 (-2.1000000000000001,2.1000000000000001)
 (-2.1000000000000001,2.3000000000000003)
 (-2.1000000000000001,2.5000000000000004)
 (-2.1000000000000001,2.7000000000000002)
 (-2.1000000000000001,2.9000000000000004)
 (-2.1000000000000001,3.1000000000000001)
 (-2.1000000000000001,3.3000000000000003)
 (-2.1000000000000001,3.5000000000000004)
 (-2.1000000000000001,3.7000000000000002)
 (-2.1000000000000001,3.9000000000000004)
 (-2.1000000000000001,4.0999999999999996)
 (-2.1000000000000001,4.2999999999999998)
 (-2.1000000000000001,4.5)
 (-2.1000000000000001,4.7000000000000002)
 (-2.1000000000000001,4.9000000000000004)
 (-2.1000000000000001,5.0999999999999996)
 (-2.1000000000000001,5.2999999999999998)
 (-2.1000000000000001,5.5)
 (-2.1000000000000001,5.7000000000000002)
 (-2.1000000000000001,5.9000000000000004)
 (-2.1000000000000001,6.0999999999999996)
 (-2.1000000000000001,6.2999999999999998)
 (-2.1000000000000001,6.5)
 (-1.9000000000000001,-6.7000000000000002)
 (-1.9000000000000001,-6.5)
 (-1.9000000000000001,-6.2999999999999998)
 (-1.9000000000000001,-6.0999999999999996)
 (-1.9000000000000001,-5.9000000000000004)
 (-1.9000000000000001,-5.7000000000000002)
 (-1.9000000000000001,-5.5)
 (-1.9000000000000001,-5.2999999999999998)
 (-1.9000000000000001,-5.0999999999999996)
 (-1.9000000000000001,-4.9000000000000004)
 (-1.9000000000000001,-4.7000000000000002)
 (-1.9000000000000001,-4.5)
 (-1.9000000000000001,-4.2999999999999998)
 (-1.9000000000000001,-4.0999999999999996)
 (-1.9000000000000001,-3.9000000000000004)
 (-1.9000000000000001,-3.7000000000000002)
 (-1.9000000000000001,-3.5000000000000004)
 (-1.9000000000000001,-3.3000000000000003)
 (-1.9000000000000001,-3.1000000000000001)
 (-1.9000000000000001,-2.9000000000000004)
 (-1.9000000000000001,-2.7000000000000002)
 (-1.9000000000000001,-2.5000000000000004)
 (-1.9000000000000001,-2.3000000000000003)
 (-1.9000000000000001,-2.1000000000000001)
 (-1.9000000000000001,-1.9000000000000001)
 (-1.9000000000000001,-1.7000000000000002)
 (-1.9000000000000001,-1.5000000000000002)
 (-1.9000000000000001,-1.3000000000000003)
 (-1.9000000000000001,-1.1000000000000001)
 (-1.9000000000000001,-0.90000000000000002)
 (-1.9000000000000001,-0.70000000000000007)
 (-1.9000000000000001,-0.5)
 (-1.9000000000000001,-0.30000000000000004)
 (-1.9000000000000001,-0.10000000000000001)
 (-1.9000000000000001,0.10000000000000001)
 (-1.9000000000000001,0.30000000000000004)
 (-1.9000000000000001,0.5)
 (-1.9000000000000001,0.70000000000000007)
 (-1.9000000000000001,0.90000000000000002)
 (-1.9000000000000001,1.1000000000000001)
 (-1.9000000000000001,1.3000000000000003)
 (-1.9000000000000001,1.5000000000000002)
 (-1.9000000000000001,1.7000000000000002)
 (-1.9000000000000001,1.9000000000000001)
 (-1.9000000000000001,2.1000000000000001)
 (-1.9000000000000001,2.3000000000000003)
 (-1.9000000000000001,2.5000000000000004)
 (-1.9000000000000001,2.7000000000000002)
 (-1.9000000000000001,2.9000000000000004)
 (-1.9000000000000001,3.1000000000000001)
 (-1.9000000000000001,3.3000000000000003)
 (-1.9000000000000001,3.5000000000000004)
 (-1.9000000000000001,3.7000000000000002)
 (-1.9000000000000001,3.9000000000000004)
 (-1.9000000000000001,4.0999999999999996)
 (-1.9000000000000001,4.2999999999999998)
 (-1.9000000000000001,4.5)
 (-1.9000000000000001,4.7000000000000002)
 (-1.9000000000000001,4.9000000000000004)
 (-1.9000000000000001,5.0999999999999996)
 (-1.9000000000000001,5.2999999999999998)
 (-1.9000000000000001,5.5)
 (-1.9000000000000001,5.7000000000000002)
 (-1.9000000000000001,5.9000000000000004)
 (-1.9000000000000001,6.0999999999999996)
 (-1.9000000000000001,6.2999999999999998)
 (-1.9000000000000001,6.5)
 (-1.9000000000000001,6.7000000000000002)
 (-1.7000000000000002,-6.7000000000000002)
 (-1.7000000000000002,-6.5)
 (-1.7000000000000002,-6.2999999999999998)
 (-1.7000000000000002,-6.0999999999999996)
 (-1.7000000000000002,-5.9000000000000004)
 (-1.7000000000000002,-5.7000000000000002)
 (-1.7000000000000002,-5.5)
 (-1.7000000000000002,-5.2999999999999998)
 (-1.7000000000000002,-5.0999999999999996)
 (-1.7000000000000002,-4.9000000000000004)
 (-1.7000000000000002,-4.7000000000000002)
 (-1.7000000000000002,-4.5)
 (-1.7000000000000002,-4.2999999999999998)
 (-1.7000000000000002,-4.0999999999999996)
 (-1.7000000000000002,-3.9000000000000004)
 (-1.7000000000000002,-3.7000000000000002)
 (-1.7000000000000002,-3.5000000000000004)
 (-1.7000000000000002,-3.3000000000000003)
 (-1.7000000000000002,-3.1000000000000001)
 (-1.7000000000000002,-2.9000000000000004)
 (-1.7000000000000002,-2.7000000000000002)
 (-1.7000000000000002,-2.5000000000000004)
 (-1.7000000000000002,-2.3000000000000003)
 (-1.7000000000000002,-2.1000000000000001)
 (-1.7000000000000002,-1.9000000000000001)
 (-1.7000000000000002,-1.7000000000000002)
 (-1.7000000000000002,-1.5000000000000002)
 (-1.7000000000000002,-1.3000000000000003)
 (-1.7000000000000002,-1.1000000000000001)
 (-1.7000000000000002,-0.90000000000000002)
 (-1.7000000000000002,-0.70000000000000007)
 (-1.7000000000000002,-0.5)
 (-1.7000000000000002,-0.30000000000000004)
 (-1.7000000000000002,-0.10000000000000001)
 (-1.7000000000000002,0.10000000000000001)
 (-1.7000000000000002,0.30000000000000004)
 (-1.7000000000000002,0.5)
 (-1.7000000000000002,0.70000000000000007)
 (-1.7000000000000002,0.90000000000000002)
 (-1.7000000000000002,1.1000000000000001)
 (-1.7000000000000002,1.3000000000000003)
 (-1.7000000000000002,1.5000000000000002)
 (-1.7000000000000002,1.7000000000000002)
 (-1.7000000000000002,1.9000000000000001)
 (-1.7000000000000002,2.1000000000000001)
 (-1.7000000000000002,2.3000000000000003)
 (-1.7000000000000002,2.5000000000000004)
 (-1.7000000000000002,2.7000000000000002)
 (-1.7000000000000002,2.9000000000000004)
 (-1.7000000000000002,3.1000000000000001)
 (-1.7000000000000002,3.3000000000000003)
 (-1.7000000000000002,3.5000000000000004)
 (-1.7000000000000002,3.7000000000000002)
 (-1.7000000000000002,3.9000000000000004)
 (-1.7000000000000002,4.0999999999999996)
 (-1.7000000000000002,4.2999999999999998)
 (-1.7000000000000002,4.5)
 (-1.7000000000000002,4.7000000000000002)
 (-1.7000000000000002,4.9000000000000004)
 (-1.7000000000000002,5.0999999999999996)
 (-1.7000000000000002,5.2999999999999998)
 (-1.7000000000000002,5.5)
 (-1.7000000000000002,5.7000000000000002)
 (-1.7000000000000002,5.9000000000000004)
 (-1.7000000000000002,6.0999999999999996)
 (-1.7000000000000002,6.2999999999999998)
 (-1.7000000000000002,6.5)
 (-1.7000000000000002,6.7000000000000002)
 (-1.5000000000000002,-6.7000000000000002)
 (-1.5000000000000002,-6.5)
 (-1.5000000000000002,-6.2999999999999998)
 (-1.5000000000000002,-6.0999999999999996)
 (-1.5000000000000002,-5.9000000000000004)
 (-1.5000000000000002,-5.7000000000000002)
 (-1.5000000000000002,-5.5)
 (-1.5000000000000002,-5.2999999999999998)
 (-1.5000000000000002,-5.0999999999999996)
 (-1.5000000000000002,-4.9000000000000004)
 (-1.5000000000000002,-4.7000000000000002)
 (-1.5000000000000002,-4.5)
 (-1.5000000000000002,-4.2999999999999998)
 (-1.5000000000000002,-4.0999999999999996)
 (-1.5000000000000002,-3.9000000000000004)
 (-1.5000000000000002,-3.7000000000000002)
 (-1.5000000000000002,-3.5000000000000004)
 (-1.5000000000000002,-3.3000000000000003)
 (-1.5000000000000002,-3.1000000000000001)
 (-1.5000000000000002,-2.9000000000000004)
 (-1.5000000000000002,-2.7000000000000002)
 (-1.5000000000000002,-2.5000000000000004)
 (-1.5000000000000002,-2.3000000000000003)
 (-1.5000000000000002,-2.1000000000000001)
 (-1.5000000000000002,-1.9000000000000001)
 (-1.5000000000000002,-1.7000000000000002)
 (-1.5000000000000002,-1.5000000000000002)
 (-1.5000000000000002,-1.3000000000000003)
 (-1.5000000000000002,-1.1000000000000001)
 (-1.5000000000000002,-0.90000000000000002)
 (-1.5000000000000002,-0.70000000000000007)
 (-1.5000000000000002,-0.5)
 (-1.5000000000000002,-0.30000000000000004)
 (-1.5000000000000002,-0.10000000000000001)
 (-1.5000000000000002,0.10000000000000001)
 (-1.5000000000000002,0.30000000000000004)
 (-1.5000000000000002,0.5)
 (-1.5000000000000002,0.70000000000000007)
 (-1.5000000000000002,0.90000000000000002)
 (-1.5000000000000002,1.1000000000000001)
 (-1.5000000000000002,1.3000000000000003)
 (-1.5000000000000002,1.5000000000000002)
 (-1.5000000000000002,1.7000000000000002)
 (-1.5000000000000002,1.9000000000000001)
 (-1.5000000000000002,2.1000000000000001)
 (-1.5000000000000002,2.3000000000000003)
 (-1.5000000000000002,2.5000000000000004)
 (-1.5000000000000002,2.7000000000000002)
 (-1.5000000000000002,2.9000000000000004)
 (-1.5000000000000002,3.1000000000000001)
 (-1.5000000000000002,3.3000000000000003)
 (-1.5000000000000002,3.5000000000000004)
 (-1.5000000000000002,3.7000000000000002)
 (-1.5000000000000002,3.9000000000000004)
 (-1.5000000000000002,4.0999999999999996)
 (-1.5000000000000002,4.2999999999999998)
 (-1.5000000000000002,4.5)
 (-1.5000000000000002,4.7000000000000002)
 (-1.5000000000000002,4.9000000000000004)
 (-1.5000000000000002,5.0999999999999996)
 (-1.5000000000000002,5.2999999999999998)
 (-1.5000000000000002,5.5)
 (-1.5000000000000002,5.7000000000000002)
 (-1.5000000000000002,5.9000000000000004)
 (-1.5000000000000002,6.0999999999999996)
 (-1.5000000000000002,6.2999999999999998)
 (-1.5000000000000002,6.5)
 (-1.5000000000000002,6.7000000000000002)
 (-1.3000000000000003,-6.7000000000000002)
 (-1.3000000000000003,-6.5)
 (-1.3000000000000003,-6.2999999999999998)
 (-1.3000000000000003,-6.0999999999999996)
 (-1.3000000000000003,-5.9000000000000004)
 (-1.3000000000000003,-5.7000000000000002)
 (-1.3000000000000003,-5.5)
 (-1.3000000000000003,-5.2999999999999998)
 (-1.3000000000000003,-5.0999999999999996)
 (-1.3000000000000003,-4.9000000000000004)
 (-1.3000000000000003,-4.7000000000000002)
 (-1.3000000000000003,-4.5)
 (-1.3000000000000003,-4.2999999999999998)
 (-1.3000000000000003,-4.0999999999999996)
 (-1.3000000000000003,-3.9000000000000004)
 (-1.3000000000000003,-3.7000000000000002)
 (-1.3000000000000003,-3.5000000000000004)
 (-1.3000000000000003,-3.3000000000000003)
 (-1.3000000000000003,-3.1000000000000001)
 (-1.3000000000000003,-2.9000000000000004)
 (-1.3000000000000003,-2.7000000000000002)
 (-1.3000000000000003,-2.5000000000000004)
 (-1.3000000000000003,-2.3000000000000003)
 (-1.3000000000000003,-2.1000000000000001)
 (-1.3000000000000003,-1.9000000000000001)
 (-1.3000000000000003,-1.7000000000000002)
 (-1.3000000000000003,-1.5000000000000002)
 (-1.3000000000000003,-1.3000000000000003)
 (-1.3000000000000003,-1.1000000000000001)
 (-1.3000000000000003,-0.90000000000000002)
 (-1.3000000000000003,-0.70000000000000007)
 (-1.3000000000000003,-0.5)
 (-1.3000000000000003,-0.30000000000000004)
 (-1.3000000000000003,-0.10000000000000001)
 (-1.3000000000000003,0.10000000000000001)
 (-1.3000000000000003,0.30000000000000004)
 (-1.3000000000000003,0.5)
 (-1.3000000000000003,0.70000000000000007)
 (-1.3000000000000003,0.90000000000000002)
 (-1.3000000000000003,1.1000000000000001)
 (-1.3000000000000003,1.3000000000000003)
 (-1.3000000000000003,1.5000000000000002)
 (-1.3000000000000003,1.7000000000000002)
 (-1.3000000000000003,1.9000000000000001)
 (-1.3000000000000003,2.1000000000000001)
 (-1.3000000000000003,2.3000000000000003)
 (-1.3000000000000003,2.5000000000000004)
 (-1.3000000000000003,2.7000000000000002)
 (-1.3000000000000003,2.9000000000000004)
 (-1.3000000000000003,3.1000000000000001)
 (-1.3000000000000003,3.3000000000000003)
 (-1.3000000000000003,3.5000000000000004)
 (-1.3000000000000003,3.7000000000000002)
 (-1.3000000000000003,3.9000000000000004)
 (-1.3000000000000003,4.0999999999999996)
 (-1.3000000000000003,4.2999999999999998)
 (-1.3000000000000003,4.5)
 (-1.3000000000000003,4.7000000000000002)
 (-1.3000000000000003,4.9000000000000004)
 (-1.3000000000000003,5.0999999999999996)
 (-1.3000000000000003,5.2999999999999998)
 (-1.3000000000000003,5.5)
 (-1.3000000000000003,5.7000000000000002)
 (-1.3000000000000003,5.9000000000000004)
 (-1.3000000000000003,6.0999999999999996)
 (-1.3000000000000003,6.2999999999999998)
 (-1.3000000000000003,6.5)
 (-1.3000000000000003,6.7000000000000002)
 (-1.1000000000000001,-6.9000000000000004)
 (-1.1000000000000001,-6.7000000000000002)
 (-1.1000000000000001,-6.5)
 (-1.1000000000000001,-6.2999999999999998)
 (-1.1000000000000001,-6.0999999999999996)
 (-1.1000000000000001,-5.9000000000000004)
 (-1.1000000000000001,-5.7000000000000002)
 (-1.1000000000000001,-5.5)
 (-1.1000000000000001,-5.2999999999999998)
 (-1.1000000000000001,-5.0999999999999996)
 (-1.1000000000000001,-4.9000000000000004)
 (-1.1000000000000001,-4.7000000000000002)
 (-1.1000000000000001,-4.5)
 (-1.1000000000000001,-4.2999999999999998)
 (-1.1000000000000001,-4.0999999999999996)
 (-1.1000000000000001,-3.9000000000000004)
 (-1.1000000000000001,-3.7000000000000002)
 (-1.1000000000000001,-3.5000000000000004)
 (-1.1000000000000001,-3.3000000000000003)
 (-1.1000000000000001,-3.1000000000000001)
 (-1.1000000000000001,-2.9000000000000004)
 (-1.1000000000000001,-2.7000000000000002)
 (-1.1000000000000001,-2.5000000000000004)
 (-1.1000000000000001,-2.3000000000000003)
 (-1.1000000000000001,-2.1000000000000001)
 (-1.1000000000000001,-1.9000000000000001)
 (-1.1000000000000001,-1.7000000000000002)
 (-1.1000000000000001,-1.5000000000000002)
 (-1.1000000000000001,-1.3000000000000003)
 (-1.1000000000000001,-1.1000000000000001)
 (-1.1000000000000001,-0.90000000000000002)
 (-1.1000000000000001,-0.70000000000000007)
 (-1.1000000000000001,-0.5)
 (-1.1000000000000001,-0.30000000000000004)
 (-1.1000000000000001,-0.10000000000000001)
 (-1.1000000000000001,0.10000000000000001)
 (-1.1000000000000001,0.30000000000000004)
 (-1.1000000000000001,0.5)
 (-1.1000000000000001,0.70000000000000007)
 (-1.1000000000000001,0.90000000000000002)
 (-1.1000000000000001,1.1000000000000001)
 (-1.1000000000000001,1.3000000000000003)
 (-1.1000000000000001,1.5000000000000002)
 (-1.1000000000000001,1.7000000000000002)
 (-1.1000000000000001,1.9000000000000001)
 (-1.1000000000000001,2.1000000000000001)
 (-1.1000000000000001,2.3000000000000003)
 (-1.1000000000000001,2.5000000000000004)
 (-1.1000000000000001,2.7000000000000002)
 (-1.1000000000000001,2.9000000000000004)
 (-1.1000000000000001,3.1000000000000001)
 (-1.1000000000000001,3.3000000000000003)
 (-1.1000000000000001,3.5000000000000004)
 (-1.1000000000000001,3.7000000000000002)
 (-1.1000000000000001,3.9000000000000004)
 (-1.1000000000000001,4.0999999999999996)
 (-1.1000000000000001,4.2999999999999998)
 (-1.1000000000000001,4.5)
 (-1.1000000000000001,4.7000000000000002)
 (-1.1000000000000001,4.9000000000000004)
 (-1.1000000000000001,5.0999999999999996)
 (-1.1000000000000001,5.2999999999999998)
 (-1.1000000000000001,5.5)
 (-1.1000000000000001,5.7000000000000002)
 (-1.1000000000000001,5.9000000000000004)
 (-1.1000000000000001,6.0999999999999996)
 (-1.1000000000000001,6.2999999999999998)
 (-1.1000000000000001,6.5)
 (-1.1000000000000001,6.7000000000000002)
 (-1.1000000000000001,6.9000000000000004)
 (-0.90000000000000002,-6.9000000000000004)
 (-0.90000000000000002,-6.7000000000000002)
 (-0.90000000000000002,-6.5)
 (-0.90000000000000002,-6.2999999999999998)
 (-0.90000000000000002,-6.0999999999999996)
 (-0.90000000000000002,-5.9000000000000004)
 (-0.90000000000000002,-5.7000000000000002)
 (-0.90000000000000002,-5.5)
 (-0.90000000000000002,-5.2999999999999998)
 (-0.90000000000000002,-5.0999999999999996)
 (-0.90000000000000002,-4.9000000000000004)
 (-0.90000000000000002,-4.7000000000000002)
 (-0.90000000000000002,-4.5)
 (-0.90000000000000002,-4.2999999999999998)
 (-0.90000000000000002,-4.0999999999999996)
 (-0.90000000000000002,-3.9000000000000004)
 (-0.90000000000000002,-3.7000000000000002)
 (-0.90000000000000002,-3.5000000000000004)
 (-0.90000000000000002,-3.3000000000000003)
 (-0.90000000000000002,-3.1000000000000001)
 (-0.90000000000000002,-2.9000000000000004)
 (-0.90000000000000002,-2.7000000000000002)
 (-0.90000000000000002,-2.5000000000000004)
 (-0.90000000000000002,-2.3000000000000003)
 (-0.90000000000000002,-2.1000000000000001)
 (-0.90000000000000002,-1.9000000000000001)
 (-0.90000000000000002,-1.7000000000000002)
 (-0.90000000000000002,-1.5000000000000002)
 (-0.90000000000000002,-1.3000000000000003)
 (-0.90000000000000002,-1.1000000000000001)
 (-0.90000000000000002,-0.90000000000000002)
 (-0.90000000000000002,-0.70000000000000007)
 (-0.90000000000000002,-0.5)
 (-0.90000000000000002,-0.30000000000000004)
 (-0.90000000000000002,-0.10000000000000001)
 (-0.90000000000000002,0.10000000000000001)
 (-0.90000000000000002,0.30000000000000004)
 (-0.90000000000000002,0.5)
 (-0.90000000000000002,0.70000000000000007)
 (-0.90000000000000002,0.90000000000000002)
 (-0.90000000000000002,1.1000000000000001)
 (-0.90000000000000002,1.3000000000000003)
 (-0.90000000000000002,1.5000000000000002)
 (-0.90000000000000002,1.7000000000000002)
 (-0.90000000000000002,1.9000000000000001)
 (-0.90000000000000002,2.1000000000000001)
 (-0.90000000000000002,2.3000000000000003)
 (-0.90000000000000002,2.5000000000000004)
 (-0.90000000000000002,2.7000000000000002)
 (-0.90000000000000002,2.9000000000000004)
 (-0.90000000000000002,3.1000000000000001)
 (-0.90000000000000002,3.3000000000000003)
 (-0.90000000000000002,3.5000000000000004)
 (-0.90000000000000002,3.7000000000000002)
 (-0.90000000000000002,3.9000000000000004)
 (-0.90000000000000002,4.0999999999999996)
 (-0.90000000000000002,4.2999999999999998)
 (-0.90000000000000002,4.5)
 (-0.90000000000000002,4.7000000000000002)
 (-0.90000000000000002,4.9000000000000004)
 (-0.90000000000000002,5.0999999999999996)
 (-0.90000000000000002,5.2999999999999998)
 (-0.90000000000000002,5.5)
 (-0.90000000000000002,5.7000000000000002)
 (-0.90000000000000002,5.9000000000000004)
 (-0.90000000000000002,6.0999999999999996)
 (-0.90000000000000002,6.2999999999999998)
 (-0.90000000000000002,6.5)
 (-0.90000000000000002,6.7000000000000002)
 (-0.90000000000000002,6.9000000000000004)
 (-0.70000000000000007,-6.9000000000000004)
 (-0.70000000000000007,-6.7000000000000002)
 (-0.70000000000000007,-6.5)
 (-0.70000000000000007,-6.2999999999999998)
 (-0.70000000000000007,-6.0999999999999996)
 (-0.70000000000000007,-5.9000000000000004)
 (-0.70000000000000007,-5.7000000000000002)
 (-0.70000000000000007,-5.5)
 (-0.70000000000000007,-5.2999999999999998)
 (-0.70000000000000007,-5.0999999999999996)
 (-0.70000000000000007,-4.9000000000000004)
 (-0.70000000000000007,-4.7000000000000002)
 (-0.70000000000000007,-4.5)
 (-0.70000000000000007,-4.2999999999999998)
 (-0.70000000000000007,-4.0999999999999996)
 (-0.70000000000000007,-3.9000000000000004)
 (-0.70000000000000007,-3.7000000000000002)
 (-0.70000000000000007,-3.5000000000000004)
 (-0.70000000000000007,-3.3000000000000003)
 (-0.70000000000000007,-3.1000000000000001)
 (-0.70000000000000007,-2.9000000000000004)
 (-0.70000000000000007,-2.7000000000000002)
 (-0.70000000000000007,-2.5000000000000004)
 (-0.70000000000000007,-2.3000000000000003)
 (-0.70000000000000007,-2.1000000000000001)
 (-0.70000000000000007,-1.9000000000000001)
 (-0.70000000000000007,-1.7000000000000002)
 (-0.70000000000000007,-1.5000000000000002)
 (-0.70000000000000007,-1.3000000000000003)
 (-0.70000000000000007,-1.1000000000000001)
 (-0.70000000000000007,-0.90000000000000002)
 (-0.70000000000000007,-0.70000000000000007)
 (-0.70000000000000007,-0.5)
 (-0.70000000000000007,-0.30000000000000004)
 (-0.70000000000000007,-0.10000000000000001)
 (-0.70000000000000007,0.10000000000000001)
 (-0.70000000000000007,0.30000000000000004)
 (-0.70000000000000007,0.5)
 (-0.70000000000000007,0.70000000000000007)
 (-0.70000000000000007,0.90000000000000002)
 (-0.70000000000000007,1.1000000000000001)
 (-0.70000000000000007,1.3000000000000003)
 (-0.70000000000000007,1.5000000000000002)
 (-0.70000000000000007,1.7000000000000002)
 (-0.70000000000000007,1.9000000000000001)
 (-0.70000000000000007,2.1000000000000001)
 (-0.70000000000000007,2.3000000000000003)
 (-0.70000000000000007,2.5000000000000004)
 (-0.70000000000000007,2.7000000000000002)
 (-0.70000000000000007,2.9000000000000004)
 (-0.70000000000000007,3.1000000000000001)
 (-0.70000000000000007,3.3000000000000003)
 (-0.70000000000000007,3.5000000000000004)
 (-0.70000000000000007,3.7000000000000002)
 (-0.70000000000000007,3.9000000000000004)
 (-0.70000000000000007,4.0999999999999996)
 (-0.70000000000000007,4.2999999999999998)
 (-0.70000000000000007,4.5)
 (-0.70000000000000007,4.7000000000000002)
 (-0.70000000000000007,4.9000000000000004)
 (-0.70000000000000007,5.0999999999999996)
 (-0.70000000000000007,5.2999999999999998)
 (-0.70000000000000007,5.5)
 (-0.70000000000000007,5.7000000000000002)
 (-0.70000000000000007,5.9000000000000004)
 (-0.70000000000000007,6.0999999999999996)
 (-0.70000000000000007,6.2999999999999998)
 (-0.70000000000000007,6.5)
 (-0.70000000000000007,6.7000000000000002)
 (-0.70000000000000007,6.9000000000000004)
 (-0.5,-6.9000000000000004)
 (-0.5,-6.7000000000000002)
 (-0.5,-6.5)
 (-0.5,-6.2999999999999998)
 (-0.5,-6.0999999999999996)
 (-0.5,-5.9000000000000004)
 (-0.5,-5.7000000000000002)
 (-0.5,-5.5)
 (-0.5,-5.2999999999999998)
 (-0.5,-5.0999999999999996)
 (-0.5,-4.9000000000000004)
 (-0.5,-4.7000000000000002)
 (-0.5,-4.5)
 (-0.5,-4.2999999999999998)
 (-0.5,-4.0999999999999996)
 (-0.5,-3.9000000000000004)
 (-0.5,-3.7000000000000002)
 (-0.5,-3.5000000000000004)
 (-0.5,-3.3000000000000003)
 (-0.5,-3.1000000000000001)
 (-0.5,-2.9000000000000004)
 (-0.5,-2.7000000000000002)
 (-0.5,-2.5000000000000004)
 (-0.5,-2.3000000000000003)
 (-0.5,-2.1000000000000001)
 (-0.5,-1.9000000000000001)
 (-0.5,-1.7000000000000002)
 (-0.5,-1.5000000000000002)
 (-0.5,-1.3000000000000003)
 (-0.5,-1.1000000000000001)
 (-0.5,-0.90000000000000002)
 (-0.5,-0.70000000000000007)
 (-0.5,-0.5)
 (-0.5,-0.30000000000000004)
 (-0.5,-0.10000000000000001)
 (-0.5,0.10000000000000001)
 (-0.5,0.30000000000000004)
 (-0.5,0.5)
 (-0.5,0.70000000000000007)
 (-0.5,0.90000000000000002)
 (-0.5,1.1000000000000001)
 (-0.5,1.3000000000000003)
 (-0.5,1.5000000000000002)
 (-0.5,1.7000000000000002)
 (-0.5,1.9000000000000001)
 (-0.5,2.1000000000000001)
 (-0.5,2.3000000000000003)
 (-0.5,2.5000000000000004)
 (-0.5,2.7000000000000002)
 (-0.5,2.9000000000000004)
 (-0.5,3.1000000000000001)
 (-0.5,3.3000000000000003)
 (-0.5,3.5000000000000004)
 (-0.5,3.7000000000000002)
 (-0.5,3.9000000000000004)
 (-0.5,4.0999999999999996)
 (-0.5,4.2999999999999998)
 (-0.5,4.5)
 (-0.5,4.7000000000000002)
 (-0.5,4.9000000000000004)
 (-0.5,5.0999999999999996)
 (-0.5,5.2999999999999998)
 (-0.5,5.5)
 (-0.5,5.7000000000000002)
 (-0.5,5.9000000000000004)
 (-0.5,6.0999999999999996)
 (-0.5,6.2999999999999998)
 (-0.5,6.5)
 (-0.5,6.7000000000000002)
 (-0.5,6.9000000000000004)
 (-0.30000000000000004,-6.9000000000000004)
 (-0.30000000000000004,-6.7000000000000002)
 (-0.30000000000000004,-6.5)
 (-0.30000000000000004,-6.2999999999999998)
 (-0.30000000000000004,-6.0999999999999996)
 (-0.30000000000000004,-5.9000000000000004)
 (-0.30000000000000004,-5.7000000000000002)
 (-0.30000000000000004,-5.5)
 (-0.30000000000000004,-5.2999999999999998)
 (-0.30000000000000004,-5.0999999999999996)
 (-0.30000000000000004,-4.9000000000000004)
 (-0.30000000000000004,-4.7000000000000002)
 (-0.30000000000000004,-4.5)
 (-0.30000000000000004,-4.2999999999999998)
 (-0.30000000000000004,-4.0999999999999996)
 (-0.30000000000000004,-3.9000000000000004)
 (-0.30000000000000004,-3.7000000000000002)
 (-0.30000000000000004,-3.5000000000000004)
 (-0.30000000000000004,-3.3000000000000003)
 (-0.30000000000000004,-3.1000000000000001)
 (-0.30000000000000004,-2.9000000000000004)
 (-0.30000000000000004,-2.7000000000000002)
 (-0.30000000000000004,-2.5000000000000004)
 (-0.30000000000000004,-2.3000000000000003)
 (-0.30000000000000004,-2.1000000000000001)
 (-0.30000000000000004,-1.9000000000000001)
 (-0.30000000000000004,-1.7000000000000002)
 (-0.30000000000000004,-1.5000000000000002)
 (-0.30000000000000004,-1.3000000000000003)
 (-0.30000000000000004,-1.1000000000000001)
 (-0.30000000000000004,-0.90000000000000002)
 (-0.30000000000000004,-0.70000000000000007)
 (-0.30000000000000004,-0.5)
 (-0.30000000000000004,-0.30000000000000004)
 (-0.30000000000000004,-0.10000000000000001)
 (-0.30000000000000004,0.10000000000000001)
 (-0.30000000000000004,0.30000000000000004)
 (-0.30000000000000004,0.5)
 (-0.30000000000000004,0.70000000000000007)
 (-0.30000000000000004,0.90000000000000002)
 (-0.30000000000000004,1.1000000000000001)
 (-0.30000000000000004,1.3000000000000003)
 (-0.30000000000000004,1.5000000000000002)
 (-0.30000000000000004,1.7000000000000002)
 (-0.30000000000000004,1.9000000000000001)
 (-0.30000000000000004,2.1000000000000001)
 (-0.30000000000000004,2.3000000000000003)
 (-0.30000000000000004,2.5000000000000004)
 (-0.30000000000000004,2.7000000000000002)
 (-0.30000000000000004,2.9000000000000004)
 (-0.30000000000000004,3.1000000000000001)
 (-0.30000000000000004,3.3000000000000003)
 (-0.30000000000000004,3.5000000000000004)
 (-0.30000000000000004,3.7000000000000002)
 (-0.30000000000000004,3.9000000000000004)
 (-0.30000000000000004,4.0999999999999996)
 (-0.30000000000000004,4.2999999999999998)
 (-0.30000000000000004,4.5)
 (-0.30000000000000004,4.7000000000000002)
 (-0.30000000000000004,4.9000000000000004)
 (-0.30000000000000004,5.0999999999999996)
 (-0.30000000000000004,5.2999999999999998)
 (-0.30000000000000004,5.5)
 (-0.30000000000000004,5.7000000000000002)
 (-0.30000000000000004,5.9000000000000004)
 (-0.30000000000000004,6.0999999999999996)
 (-0.30000000000000004,6.2999999999999998)
 (-0.30000000000000004,6.5)
 (-0.30000000000000004,6.7000000000000002)
 (-0.30000000000000004,6.9000000000000004)
 (-0.10000000000000001,-6.9000000000000004)
 (-0.10000000000000001,-6.7000000000000002)
 (-0.10000000000000001,-6.5)
 (-0.10000000000000001,-6.2999999999999998)
 (-0.10000000000000001,-6.0999999999999996)
 (-0.10000000000000001,-5.9000000000000004)
 (-0.10000000000000001,-5.7000000000000002)
 (-0.10000000000000001,-5.5)
 (-0.10000000000000001,-5.2999999999999998)
 (-0.10000000000000001,-5.0999999999999996)
 (-0.10000000000000001,-4.9000000000000004)
 (-0.10000000000000001,-4.7000000000000002)
 (-0.10000000000000001,-4.5)
 (-0.10000000000000001,-4.2999999999999998)
 (-0.10000000000000001,-4.0999999999999996)
 (-0.10000000000000001,-3.9000000000000004)
 (-0.10000000000000001,-3.7000000000000002)
 (-0.10000000000000001,-3.5000000000000004)
 (-0.10000000000000001,-3.3000000000000003)
 (-0.10000000000000001,-3.1000000000000001)
 (-0.10000000000000001,-2.9000000000000004)
 (-0.10000000000000001,-2.7000000000000002)
 (-0.10000000000000001,-2.5000000000000004)
 (-0.10000000000000001,-2.3000000000000003)
 (-0.10000000000000001,-2.1000000000000001)
 (-0.10000000000000001,-1.9000000000000001)
 (-0.10000000000000001,-1.7000000000000002)
 (-0.10000000000000001,-1.5000000000000002)
 (-0.10000000000000001,-1.3000000000000003)
 (-0.10000000000000001,-1.1000000000000001)
 (-0.10000000000000001,-0.90000000000000002)
 (-0.10000000000000001,-0.70000000000000007)
 (-0.10000000000000001,-0.5)
 (-0.10000000000000001,-0.30000000000000004)
 (-0.10000000000000001,-0.10000000000000001)
 (-0.10000000000000001,0.10000000000000001)
 (-0.10000000000000001,0.30000000000000004)
 (-0.10000000000000001,0.5)
 (-0.10000000000000001,0.70000000000000007)
 (-0.10000000000000001,0.90000000000000002)
 (-0.10000000000000001,1.1000000000000001)
 (-0.10000000000000001,1.3000000000000003)
 (-0.10000000000000001,1.5000000000000002)
 (-0.10000000000000001,1.7000000000000002)
 (-0.10000000000000001,1.9000000000000001)
 (-0.10000000000000001,2.1000000000000001)
 (-0.10000000000000001,2.3000000000000003)
 (-0.10000000000000001,2.5000000000000004)
 (-0.10000000000000001,2.7000000000000002)
 (-0.10000000000000001,2.9000000000000004)
 (-0.10000000000000001,3.1000000000000001)
 (-0.10000000000000001,3.3000000000000003)
 (-0.10000000000000001,3.5000000000000004)
 (-0.10000000000000001,3.7000000000000002)
 (-0.10000000000000001,3.9000000000000004)
 (-0.10000000000000001,4.0999999999999996)
 (-0.10000000000000001,4.2999999999999998)
 (-0.10000000000000001,4.5)
 (-0.10000000000000001,4.7000000000000002)
 (-0.10000000000000001,4.9000000000000004)
 (-0.10000000000000001,5.0999999999999996)
 (-0.10000000000000001,5.2999999999999998)
 (-0.10000000000000001,5.5)
 (-0.10000000000000001,5.7000000000000002)
 (-0.10000000000000001,5.9000000000000004)
 (-0.10000000000000001,6.0999999999999996)
 (-0.10000000000000001,6.2999999999999998)
 (-0.10000000000000001,6.5)
 (-0.10000000000000001,6.7000000000000002)
 (-0.10000000000000001,6.9000000000000004)
 (0.10000000000000001,-6.9000000000000004)
 (0.10000000000000001,-6.7000000000000002)
 (0.10000000000000001,-6.5)
 (0.10000000000000001,-6.2999999999999998)
 (0.10000000000000001,-6.0999999999999996)
 (0.10000000000000001,-5.9000000000000004)
 (0.10000000000000001,-5.7000000000000002)
 (0.10000000000000001,-5.5)
 (0.10000000000000001,-5.2999999999999998)
 (0.10000000000000001,-5.0999999999999996)
 (0.10000000000000001,-4.9000000000000004)
 (0.10000000000000001,-4.7000000000000002)
 (0.10000000000000001,-4.5)
 (0.10000000000000001,-4.2999999999999998)
 (0.10000000000000001,-4.0999999999999996)
 (0.10000000000000001,-3.9000000000000004)
 (0.10000000000000001,-3.7000000000000002)
 (0.10000000000000001,-3.5000000000000004)
 (0.10000000000000001,-3.3000000000000003)
 (0.10000000000000001,-3.1000000000000001)
 (0.10000000000000001,-2.9000000000000004)
 (0.10000000000000001,-2.7000000000000002)
 (0.10000000000000001,-2.5000000000000004)
 (0.10000000000000001,-2.3000000000000003)
 (0.10000000000000001,-2.1000000000000001)
 (0.10000000000000001,-1.9000000000000001)
 (0.10000000000000001,-1.7000000000000002)
 (0.10000000000000001,-1.5000000000000002)
 (0.10000000000000001,-1.3000000000000003)
 (0.10000000000000001,-1.1000000000000001)
 (0.10000000000000001,-0.90000000000000002)
 (0.10000000000000001,-0.70000000000000007)
 (0.10000000000000001,-0.5)
 (0.10000000000000001,-0.30000000000000004)
 (0.10000000000000001,-0.10000000000000001)
 (0.10000000000000001,0.10000000000000001)
 (0.10000000000000001,0.30000000000000004)
 (0.10000000000000001,0.5)
 (0.10000000000000001,0.70000000000000007)
 (0.10000000000000001,0.90000000000000002)
 (0.10000000000000001,1.1000000000000001)
 (0.10000000000000001,1.3000000000000003)
 (0.10000000000000001,1.5000000000000002)
 (0.10000000000000001,1.7000000000000002)
 (0.10000000000000001,1.9000000000000001)
 (0.10000000000000001,2.1000000000000001)
 (0.10000000000000001,2.3000000000000003)
 (0.10000000000000001,2.5000000000000004)
 (0.10000000000000001,2.7000000000000002)
 (0.10000000000000001,2.9000000000000004)
 (0.10000000000000001,3.1000000000000001)
 (0.10000000000000001,3.3000000000000003)
 (0.10000000000000001,3.5000000000000004)
 (0.10000000000000001,3.7000000000000002)
 (0.10000000000000001,3.9000000000000004)
 (0.10000000000000001,4.0999999999999996)
 (0.10000000000000001,4.2999999999999998)
 (0.10000000000000001,4.5)
 (0.10000000000000001,4.7000000000000002)
 (0.10000000000000001,4.9000000000000004)
 (0.10000000000000001,5.0999999999999996)
 (0.10000000000000001,5.2999999999999998)
 (0.10000000000000001,5.5)
 (0.10000000000000001,5.7000000000000002)
 (0.10000000000000001,5.9000000000000004)
 (0.10000000000000001,6.0999999999999996)
 (0.10000000000000001,6.2999999999999998)
 (0.10000000000000001,6.5)
 (0.10000000000000001,6.7000000000000002)
 (0.10000000000000001,6.9000000000000004)
 (0.30000000000000004,-6.9000000000000004)
 (0.30000000000000004,-6.7000000000000002)
 (0.30000000000000004,-6.5)
 (0.30000000000000004,-6.2999999999999998)
 (0.30000000000000004,-6.0999999999999996)
 (0.30000000000000004,-5.9000000000000004)
 (0.30000000000000004,-5.7000000000000002)
 (0.30000000000000004,-5.5)
 (0.30000000000000004,-5.2999999999999998)
 (0.30000000000000004,-5.0999999999999996)
 (0.30000000000000004,-4.9000000000000004)
 (0.30000000000000004,-4.7000000000000002)
 (0.30000000000000004,-4.5)
 (0.30000000000000004,-4.2999999999999998)
 (0.30000000000000004,-4.0999999999999996)
 (0.30000000000000004,-3.9000000000000004)
 (0.30000000000000004,-3.7000000000000002)
 (0.30000000000000004,-3.5000000000000004)
 (0.30000000000000004,-3.3000000000000003)
 (0.30000000000000004,-3.1000000000000001)
 (0.30000000000000004,-2.9000000000000004)
 (0.30000000000000004,-2.7000000000000002)
 (0.30000000000000004,-2.5000000000000004)
 (0.30000000000000004,-2.3000000000000003)
 (0.30000000000000004,-2.1000000000000001)
 (0.30000000000000004,-1.9000000000000001)
 (0.30000000000000004,-1.7000000000000002)
 (0.30000000000000004,-1.5000000000000002)
 (0.30000000000000004,-1.3000000000000003)
 (0.30000000000000004,-1.1000000000000001)
 (0.30000000000000004,-0.90000000000000002)
 (0.30000000000000004,-0.70000000000000007)
 (0.30000000000000004,-0.5)
 (0.30000000000000004,-0.30000000000000004)
 (0.30000000000000004,-0.10000000000000001)
 (0.30000000000000004,0.10000000000000001)
 (0.30000000000000004,0.30000000000000004)
 (0.30000000000000004,0.5)
 (0.30000000000000004,0.70000000000000007)
 (0.30000000000000004,0.90000000000000002)
 (0.30000000000000004,1.1000000000000001)
 (0.30000000000000004,1.3000000000000003)
 (0.30000000000000004,1.5000000000000002)
 (0.30000000000000004,1.7000000000000002)
 (0.30000000000000004,1.9000000000000001)
 (0.30000000000000004,2.1000000000000001)
 (0.30000000000000004,2.3000000000000003)
 (0.30000000000000004,2.5000000000000004)
 (0.30000000000000004,2.7000000000000002)
 (0.30000000000000004,2.9000000000000004)
 (0.30000000000000004,3.1000000000000001)
 (0.30000000000000004,3.3000000000000003)
 (0.30000000000000004,3.5000000000000004)
 (0.30000000000000004,3.7000000000000002)
 (0.30000000000000004,3.9000000000000004)
 (0.30000000000000004,4.0999999999999996)
 (0.30000000000000004,4.2999999999999998)
 (0.30000000000000004,4.5)
 (0.30000000000000004,4.7000000000000002)
 (0.30000000000000004,4.9000000000000004)
 (0.30000000000000004,5.0999999999999996)
 (0.30000000000000004,5.2999999999999998)
 (0.30000000000000004,5.5)
 (0.30000000000000004,5.7000000000000002)
 (0.30000000000000004,5.9000000000000004)
 (0.30000000000000004,6.0999999999999996)
 (0.30000000000000004,6.2999999999999998)
 (0.30000000000000004,6.5)
 (0.30000000000000004,6.7000000000000002)
 (0.30000000000000004,6.9000000000000004)
 (0.5,-6.9000000000000004)
 (0.5,-6.7000000000000002)
 (0.5,-6.5)
 (0.5,-6.2999999999999998)
 (0.5,-6.0999999999999996)
 (0.5,-5.9000000000000004)
 (0.5,-5.7000000000000002)
 (0.5,-5.5)
 (0.5,-5.2999999999999998)
 (0.5,-5.0999999999999996)
 (0.5,-4.9000000000000004)
 (0.5,-4.7000000000000002)
 (0.5,-4.5)
 (0.5,-4.2999999999999998)
 (0.5,-4.0999999999999996)
 (0.5,-3.9000000000000004)
 (0.5,-3.7000000000000002)
 (0.5,-3.5000000000000004)
 (0.5,-3.3000000000000003)
 (0.5,-3.1000000000000001)
 (0.5,-2.9000000000000004)
 (0.5,-2.7000000000000002)
 (0.5,-2.5000000000000004)
 (0.5,-2.3000000000000003)
 (0.5,-2.1000000000000001)
 (0.5,-1.9000000000000001)
 (0.5,-1.7000000000000002)
 (0.5,-1.5000000000000002)
 (0.5,-1.3000000000000003)
 (0.5,-1.1000000000000001)
 (0.5,-0.90000000000000002)
 (0.5,-0.70000000000000007)
 (0.5,-0.5)
 (0.5,-0.30000000000000004)
 (0.5,-0.10000000000000001)
 (0.5,0.10000000000000001)
 (0.5,0.30000000000000004)
 (0.5,0.5)
 (0.5,0.70000000000000007)
 (0.5,0.90000000000000002)
 (0.5,1.1000000000000001)
 (0.5,1.3000000000000003)
 (0.5,1.5000000000000002)
 (0.5,1.7000000000000002)
 (0.5,1.9000000000000001)
 (0.5,2.1000000000000001)
 (0.5,2.3000000000000003)
 (0.5,2.5000000000000004)
 (0.5,2.7000000000000002)
 (0.5,2.9000000000000004)
 (0.5,3.1000000000000001)
 (0.5,3.3000000000000003)
 (0.5,3.5000000000000004)
 (0.5,3.7000000000000002)
 (0.5,3.9000000000000004)
 (0.5,4.0999999999999996)
 (0.5,4.2999999999999998)
 (0.5,4.5)
 (0.5,4.7000000000000002)
 (0.5,4.9000000000000004)
 (0.5,5.0999999999999996)
 (0.5,5.2999999999999998)
 (0.5,5.5)
 (0.5,5.7000000000000002)
 (0.5,5.9000000000000004)
 (0.5,6.0999999999999996)
 (0.5,6.2999999999999998)
 (0.5,6.5)
 (0.5,6.7000000000000002)
 (0.5,6.9000000000000004)
 (0.70000000000000007,-6.9000000000000004)
 (0.70000000000000007,-6.7000000000000002)
 (0.70000000000000007,-6.5)
 (0.70000000000000007,-6.2999999999999998)
 (0.70000000000000007,-6.0999999999999996)
 (0.70000000000000007,-5.9000000000000004)
 (0.70000000000000007,-5.7000000000000002)
 (0.70000000000000007,-5.5)
 (0.70000000000000007,-5.2999999999999998)
 (0.70000000000000007,-5.0999999999999996)
 (0.70000000000000007,-4.9000000000000004)
 (0.70000000000000007,-4.7000000000000002)
 (0.70000000000000007,-4.5)
 (0.70000000000000007,-4.2999999999999998)
 (0.70000000000000007,-4.0999999999999996)
 (0.70000000000000007,-3.9000000000000004)
 (0.70000000000000007,-3.7000000000000002)
 (0.70000000000000007,-3.5000000000000004)
 (0.70000000000000007,-3.3000000000000003)
 (0.70000000000000007,-3.1000000000000001)
 (0.70000000000000007,-2.9000000000000004)
 (0.70000000000000007,-2.7000000000000002)
 (0.70000000000000007,-2.5000000000000004)
 (0.70000000000000007,-2.3000000000000003)
 (0.70000000000000007,-2.1000000000000001)
 (0.70000000000000007,-1.9000000000000001)
 (0.70000000000000007,-1.7000000000000002)
 (0.70000000000000007,-1.5000000000000002)
 (0.70000000000000007,-1.3000000000000003)
 (0.70000000000000007,-1.1000000000000001)
 (0.70000000000000007,-0.90000000000000002)
 (0.70000000000000007,-0.70000000000000007)
 (0.70000000000000007,-0.5)
 (0.70000000000000007,-0.30000000000000004)
 (0.70000000000000007,-0.10000000000000001)
 (0.70000000000000007,0.10000000000000001)
 (0.70000000000000007,0.30000000000000004)
 (0.70000000000000007,0.5)
 (0.70000000000000007,0.70000000000000007)
 (0.70000000000000007,0.90000000000000002)
 (0.70000000000000007,1.1000000000000001)
 (0.70000000000000007,1.3000000000000003)
 (0.70000000000000007,1.5000000000000002)
 (0.70000000000000007,1.7000000000000002)
 (0.70000000000000007,1.9000000000000001)
 (0.70000000000000007,2.1000000000000001)
 (0.70000000000000007,2.3000000000000003)
 (0.70000000000000007,2.5000000000000004)
 (0.70000000000000007,2.7000000000000002)
 (0.70000000000000007,2.9000000000000004)
 (0.70000000000000007,3.1000000000000001)
 (0.70000000000000007,3.3000000000000003)
 (0.70000000000000007,3.5000000000000004)
 (0.70000000000000007,3.7000000000000002)
 (0.70000000000000007,3.9000000000000004)
 (0.70000000000000007,4.0999999999999996)
 (0.70000000000000007,4.2999999999999998)
 (0.70000000000000007,4.5)
 (0.70000000000000007,4.7000000000000002)
 (0.70000000000000007,4.9000000000000004)
 (0.70000000000000007,5.0999999999999996)
 (0.70000000000000007,5.2999999999999998)
 (0.70000000000000007,5.5)
 (0.70000000000000007,5.7000000000000002)
 (0.70000000000000007,5.9000000000000004)
 (0.70000000000000007,6.0999999999999996)
 (0.70000000000000007,6.2999999999999998)
 (0.70000000000000007,6.5)
 (0.70000000000000007,6.7000000000000002)
 (0.70000000000000007,6.9000000000000004)
 (0.90000000000000002,-6.9000000000000004)
 (0.90000000000000002,-6.7000000000000002)
 (0.90000000000000002,-6.5)
 (0.90000000000000002,-6.2999999999999998)
 (0.90000000000000002,-6.0999999999999996)
 (0.90000000000000002,-5.9000000000000004)
 (0.90000000000000002,-5.7000000000000002)
 (0.90000000000000002,-5.5)
 (0.90000000000000002,-5.2999999999999998)
 (0.90000000000000002,-5.0999999999999996)
 (0.90000000000000002,-4.9000000000000004)
 (0.90000000000000002,-4.7000000000000002)
 (0.90000000000000002,-4.5)
 (0.90000000000000002,-4.2999999999999998)
 (0.90000000000000002,-4.0999999999999996)
 (0.90000000000000002,-3.9000000000000004)
 (0.90000000000000002,-3.7000000000000002)
 (0.90000000000000002,-3.5000000000000004)
 (0.90000000000000002,-3.3000000000000003)
 (0.90000000000000002,-3.1000000000000001)
 (0.90000000000000002,-2.9000000000000004)
 (0.90000000000000002,-2.7000000000000002)
 (0.90000000000000002,-2.5000000000000004)
 (0.90000000000000002,-2.3000000000000003)
 (0.90000000000000002,-2.1000000000000001)
 (0.90000000000000002,-1.9000000000000001)
 (0.90000000000000002,-1.7000000000000002)
 (0.90000000000000002,-1.5000000000000002)
 (0.90000000000000002,-1.3000000000000003)
 (0.90000000000000002,-1.1000000000000001)
 (0.90000000000000002,-0.90000000000000002)
 (0.90000000000000002,-0.70000000000000007)
 (0.90000000000000002,-0.5)
 (0.90000000000000002,-0.30000000000000004)
 (0.90000000000000002,-0.10000000000000001)
 (0.90000000000000002,0.10000000000000001)
 (0.90000000000000002,0.30000000000000004)
 (0.90000000000000002,0.5)
 (0.90000000000000002,0.70000000000000007)
 (0.90000000000000002,0.90000000000000002)
 (0.90000000000000002,1.1000000000000001)
 (0.90000000000000002,1.3000000000000003)
 (0.90000000000000002,1.5000000000000002)
 (0.90000000000000002,1.7000000000000002)
 (0.90000000000000002,1.9000000000000001)
 (0.90000000000000002,2.1000000000000001)
 (0.90000000000000002,2.3000000000000003)
 (0.90000000000000002,2.5000000000000004)
 (0.90000000000000002,2.7000000000000002)
 (0.90000000000000002,2.9000000000000004)
 (0.90000000000000002,3.1000000000000001)
 (0.90000000000000002,3.3000000000000003)
 (0.90000000000000002,3.5000000000000004)
 (0.90000000000000002,3.7000000000000002)
 (0.90000000000000002,3.9000000000000004)
 (0.90000000000000002,4.0999999999999996)
 (0.90000000000000002,4.2999999999999998)
 (0.90000000000000002,4.5)
 (0.90000000000000002,4.7000000000000002)
 (0.90000000000000002,4.9000000000000004)
 (0.90000000000000002,5.0999999999999996)
 (0.90000000000000002,5.2999999999999998)
 (0.90000000000000002,5.5)
 (0.90000000000000002,5.7000000000000002)
 (0.90000000000000002,5.9000000000000004)
 (0.90000000000000002,6.0999999999999996)
 (0.90000000000000002,6.2999999999999998)
 (0.90000000000000002,6.5)
 (0.90000000000000002,6.7000000000000002)
 (0.90000000000000002,6.9000000000000004)
 (1.1000000000000001,-6.9000000000000004)
 (1.1000000000000001,-6.7000000000000002)
 (1.1000000000000001,-6.5)
 (1.1000000000000001,-6.2999999999999998)
 (1.1000000000000001,-6.0999999999999996)
 (1.1000000000000001,-5.9000000000000004)
 (1.1000000000000001,-5.7000000000000002)
 (1.1000000000000001,-5.5)
 (1.1000000000000001,-5.2999999999999998)
 (1.1000000000000001,-5.0999999999999996)
 (1.1000000000000001,-4.9000000000000004)
 (1.1000000000000001,-4.7000000000000002)
 (1.1000000000000001,-4.5)
 (1.1000000000000001,-4.2999999999999998)
 (1.1000000000000001,-4.0999999999999996)
 (1.1000000000000001,-3.9000000000000004)
 (1.1000000000000001,-3.7000000000000002)
 (1.1000000000000001,-3.5000000000000004)
 (1.1000000000000001,-3.3000000000000003)
 (1.1000000000000001,-3.1000000000000001)
 (1.1000000000000001,-2.9000000000000004)
 (1.1000000000000001,-2.7000000000000002)
 (1.1000000000000001,-2.5000000000000004)
 (1.1000000000000001,-2.3000000000000003)
 (1.1000000000000001,-2.1000000000000001)
 (1.1000000000000001,-1.9000000000000001)
 (1.1000000000000001,-1.7000000000000002)
 (1.1000000000000001,-1.5000000000000002)
 (1.1000000000000001,-1.3000000000000003)
 (1.1000000000000001,-1.1000000000000001)
 (1.1000000000000001,-0.90000000000000002)
 (1.1000000000000001,-0.70000000000000007)
 (1.1000000000000001,-0.5)
 (1.1000000000000001,-0.30000000000000004)
 (1.1000000000000001,-0.10000000000000001)
 (1.1000000000000001,0.10000000000000001)
 (1.1000000000000001,0.30000000000000004)
 (1.1000000000000001,0.5)
 (1.1000000000000001,0.70000000000000007)
 (1.1000000000000001,0.90000000000000002)
 (1.1000000000000001,1.1000000000000001)
 (1.1000000000000001,1.3000000000000003)
 (1.1000000000000001,1.5000000000000002)
 (1.1000000000000001,1.7000000000000002)
 (1.1000000000000001,1.9000000000000001)
 (1.1000000000000001,2.1000000000000001)
 (1.1000000000000001,2.3000000000000003)
 (1.1000000000000001,2.5000000000000004)
 (1.1000000000000001,2.7000000000000002)
 (1.1000000000000001,2.9000000000000004)
 (1.1000000000000001,3.1000000000000001)
 (1.1000000000000001,3.3000000000000003)
 (1.1000000000000001,3.5000000000000004)
 (1.1000000000000001,3.7000000000000002)
 (1.1000000000000001,3.9000000000000004)
 (1.1000000000000001,4.0999999999999996)
 (1.1000000000000001,4.2999999999999998)
 (1.1000000000000001,4.5)
 (1.1000000000000001,4.7000000000000002)
 (1.1000000000000001,4.9000000000000004)
 (1.1000000000000001,5.0999999999999996)
 (1.1000000000000001,5.2999999999999998)
 (1.1000000000000001,5.5)
 (1.1000000000000001,5.7000000000000002)
 (1.1000000000000001,5.9000000000000004)
 (1.1000000000000001,6.0999999999999996)
 (1.1000000000000001,6.2999999999999998)
 (1.1000000000000001,6.5)
 (1.1000000000000001,6.7000000000000002)
 (1.1000000000000001,6.9000000000000004)
 (1.3000000000000003,-6.7000000000000002)
 (1.3000000000000003,-6.5)
 (1.3000000000000003,-6.2999999999999998)
 (1.3000000000000003,-6.0999999999999996)
 (1.3000000000000003,-5.9000000000000004)
 (1.3000000000000003,-5.7000000000000002)
 (1.3000000000000003,-5.5)
 (1.3000000000000003,-5.2999999999999998)
 (1.3000000000000003,-5.0999999999999996)
 (1.3000000000000003,-4.9000000000000004)
 (1.3000000000000003,-4.7000000000000002)
 (1.3000000000000003,-4.5)
 (1.3000000000000003,-4.2999999999999998)
 (1.3000000000000003,-4.0999999999999996)
 (1.3000000000000003,-3.9000000000000004)
 (1.3000000000000003,-3.7000000000000002)
 (1.3000000000000003,-3.5000000000000004)
 (1.3000000000000003,-3.3000000000000003)
 (1.3000000000000003,-3.1000000000000001)
 (1.3000000000000003,-2.9000000000000004)
 (1.3000000000000003,-2.7000000000000002)
 (1.3000000000000003,-2.5000000000000004)
 (1.3000000000000003,-2.3000000000000003)
 (1.3000000000000003,-2.1000000000000001)
 (1.3000000000000003,-1.9000000000000001)
 (1.3000000000000003,-1.7000000000000002)
 (1.3000000000000003,-1.5000000000000002)
 (1.3000000000000003,-1.3000000000000003)
 (1.3000000000000003,-1.1000000000000001)
 (1.3000000000000003,-0.90000000000000002)
 (1.3000000000000003,-0.70000000000000007)
 (1.3000000000000003,-0.5)
 (1.3000000000000003,-0.30000000000000004)
 (1.3000000000000003,-0.10000000000000001)
 (1.3000000000000003,0.10000000000000001)
 (1.3000000000000003,0.30000000000000004)
 (1.3000000000000003,0.5)
 (1.3000000000000003,0.70000000000000007)
 (1.3000000000000003,0.90000000000000002)
 (1.3000000000000003,1.1000000000000001)
 (1.3000000000000003,1.3000000000000003)
 (1.3000000000000003,1.5000000000000002)
 (1.3000000000000003,1.7000000000000002)
 (1.3000000000000003,1.9000000000000001)
 (1.3000000000000003,2.1000000000000001)
 (1.3000000000000003,2.3000000000000003)
 (1.3000000000000003,2.5000000000000004)
 (1.3000000000000003,2.7000000000000002)
 (1.3000000000000003,2.9000000000000004)
 (1.3000000000000003,3.1000000000000001)
 (1.3000000000000003,3.3000000000000003)
 (1.3000000000000003,3.5000000000000004)
 (1.3000000000000003,3.7000000000000002)
 (1.3000000000000003,3.9000000000000004)
 (1.3000000000000003,4.0999999999999996)
 (1.3000000000000003,4.2999999999999998)
 (1.3000000000000003,4.5)
 (1.3000000000000003,4.7000000000000002)
 (1.3000000000000003,4.9000000000000004)
 (1.3000000000000003,5.0999999999999996)
 (1.3000000000000003,5.2999999999999998)
 (1.3000000000000003,5.5)
 (1.3000000000000003,5.7000000000000002)
 (1.3000000000000003,5.9000000000000004)
 (1.3000000000000003,6.0999999999999996)
 (1.3000000000000003,6.2999999999999998)
 (1.3000000000000003,6.5)
 (1.3000000000000003,6.7000000000000002)
 (1.5000000000000002,-6.7000000000000002)
 (1.5000000000000002,-6.5)
 (1.5000000000000002,-6.2999999999999998)
 (1.5000000000000002,-6.0999999999999996)
 (1.5000000000000002,-5.9000000000000004)
 (1.5000000000000002,-5.7000000000000002)
 (1.5000000000000002,-5.5)
 (1.5000000000000002,-5.2999999999999998)
 (1.5000000000000002,-5.0999999999999996)
 (1.5000000000000002,-4.9000000000000004)
 (1.5000000000000002,-4.7000000000000002)
 (1.5000000000000002,-4.5)
 (1.5000000000000002,-4.2999999999999998)
 (1.5000000000000002,-4.0999999999999996)
 (1.5000000000000002,-3.9000000000000004)
 (1.5000000000000002,-3.7000000000000002)
 (1.5000000000000002,-3.5000000000000004)
 (1.5000000000000002,-3.3000000000000003)
 (1.5000000000000002,-3.1000000000000001)
 (1.5000000000000002,-2.9000000000000004)
 (1.5000000000000002,-2.7000000000000002)
 (1.5000000000000002,-2.5000000000000004)
 (1.5000000000000002,-2.3000000000000003)
 (1.5000000000000002,-2.1000000000000001)
 (1.5000000000000002,-1.9000000000000001)
 (1.5000000000000002,-1.7000000000000002)
 (1.5000000000000002,-1.5000000000000002)
 (1.5000000000000002,-1.3000000000000003)
 (1.5000000000000002,-1.1000000000000001)
 (1.5000000000000002,-0.90000000000000002)
 (1.5000000000000002,-0.70000000000000007)
 (1.5000000000000002,-0.5)
 (1.5000000000000002,-0.30000000000000004)
 (1.5000000000000002,-0.10000000000000001)
 (1.5000000000000002,0.10000000000000001)
 (1.5000000000000002,0.30000000000000004)
 (1.5000000000000002,0.5)
 (1.5000000000000002,0.70000000000000007)
 (1.5000000000000002,0.90000000000000002)
 (1.5000000000000002,1.1000000000000001)
 (1.5000000000000002,1.3000000000000003)
 (1.5000000000000002,1.5000000000000002)
 (1.5000000000000002,1.7000000000000002)
 (1.5000000000000002,1.9000000000000001)
 (1.5000000000000002,2.1000000000000001)
 (1.5000000000000002,2.3000000000000003)
 (1.5000000000000002,2.5000000000000004)
 (1.5000000000000002,2.7000000000000002)
 (1.5000000000000002,2.9000000000000004)
 (1.5000000000000002,3.1000000000000001)
 (1.5000000000000002,3.3000000000000003)
 (1.5000000000000002,3.5000000000000004)
 (1.5000000000000002,3.7000000000000002)
 (1.5000000000000002,3.9000000000000004)
 (1.5000000000000002,4.0999999999999996)
 (1.5000000000000002,4.2999999999999998)
 (1.5000000000000002,4.5)
 (1.5000000000000002,4.7000000000000002)
 (1.5000000000000002,4.9000000000000004)
 (1.5000000000000002,5.0999999999999996)
 (1.5000000000000002,5.2999999999999998)
 (1.5000000000000002,5.5)
 (1.5000000000000002,5.7000000000000002)
 (1.5000000000000002,5.9000000000000004)
 (1.5000000000000002,6.0999999999999996)
 (1.5000000000000002,6.2999999999999998)
 (1.5000000000000002,6.5)
 (1.5000000000000002,6.7000000000000002)
 (1.7000000000000002,-6.7000000000000002)
 (1.7000000000000002,-6.5)
 (1.7000000000000002,-6.2999999999999998)
 (1.7000000000000002,-6.0999999999999996)
 (1.7000000000000002,-5.9000000000000004)
 (1.7000000000000002,-5.7000000000000002)
 (1.7000000000000002,-5.5)
 (1.7000000000000002,-5.2999999999999998)
 (1.7000000000000002,-5.0999999999999996)
 (1.7000000000000002,-4.9000000000000004)
 (1.7000000000000002,-4.7000000000000002)
 (1.7000000000000002,-4.5)
 (1.7000000000000002,-4.2999999999999998)
 (1.7000000000000002,-4.0999999999999996)
 (1.7000000000000002,-3.9000000000000004)
 (1.7000000000000002,-3.7000000000000002)
 (1.7000000000000002,-3.5000000000000004)
 (1.7000000000000002,-3.3000000000000003)
 (1.7000000000000002,-3.1000000000000001)
 (1.7000000000000002,-2.9000000000000004)
 (1.7000000000000002,-2.7000000000000002)
 (1.7000000000000002,-2.5000000000000004)
 (1.7000000000000002,-2.3000000000000003)
 (1.7000000000000002,-2.1000000000000001)
 (1.7000000000000002,-1.9000000000000001)
 (1.7000000000000002,-1.7000000000000002)
 (1.7000000000000002,-1.5000000000000002)
 (1.7000000000000002,-1.3000000000000003)
 (1.7000000000000002,-1.1000000000000001)
 (1.7000000000000002,-0.90000000000000002)
 (1.7000000000000002,-0.70000000000000007)
 (1.7000000000000002,-0.5)
 (1.7000000000000002,-0.30000000000000004)
 (1.7000000000000002,-0.10000000000000001)
 (1.7000000000000002,0.10000000000000001)
 (1.7000000000000002,0.30000000000000004)
 (1.7000000000000002,0.5)
 (1.7000000000000002,0.70000000000000007)
 (1.7000000000000002,0.90000000000000002)
 (1.7000000000000002,1.1000000000000001)
 (1.7000000000000002,1.3000000000000003)
 (1.7000000000000002,1.5000000000000002)
 (1.7000000000000002,1.7000000000000002)
 (1.7000000000000002,1.9000000000000001)
 (1.7000000000000002,2.1000000000000001)
 (1.7000000000000002,2.3000000000000003)
 (1.7000000000000002,2.5000000000000004)
 (1.7000000000000002,2.7000000000000002)
 (1.7000000000000002,2.9000000000000004)
 (1.7000000000000002,3.1000000000000001)
 (1.7000000000000002,3.3000000000000003)
 (1.7000000000000002,3.5000000000000004)
 (1.7000000000000002,3.7000000000000002)
 (1.7000000000000002,3.9000000000000004)
 (1.7000000000000002,4.0999999999999996)
 (1.7000000000000002,4.2999999999999998)
 (1.7000000000000002,4.5)
 (1.7000000000000002,4.7000000000000002)
 (1.7000000000000002,4.9000000000000004)
 (1.7000000000000002,5.0999999999999996)
 (1.7000000000000002,5.2999999999999998)
 (1.7000000000000002,5.5)
 (1.7000000000000002,5.7000000000000002)
 (1.7000000000000002,5.9000000000000004)
 (1.7000000000000002,6.0999999999999996)
 (1.7000000000000002,6.2999999999999998)
 (1.7000000000000002,6.5)
 (1.7000000000000002,6.7000000000000002)
 (1.9000000000000001,-6.7000000000000002)
 (1.9000000000000001,-6.5)
 (1.9000000000000001,-6.2999999999999998)
 (1.9000000000000001,-6.0999999999999996)
 (1.9000000000000001,-5.9000000000000004)
 (1.9000000000000001,-5.7000000000000002)
 (1.9000000000000001,-5.5)
 (1.9000000000000001,-5.2999999999999998)
 (1.9000000000000001,-5.0999999999999996)
 (1.9000000000000001,-4.9000000000000004)
 (1.9000000000000001,-4.7000000000000002)
 (1.9000000000000001,-4.5)
 (1.9000000000000001,-4.2999999999999998)
 (1.9000000000000001,-4.0999999999999996)
 (1.9000000000000001,-3.9000000000000004)
 (1.9000000000000001,-3.7000000000000002)
 (1.9000000000000001,-3.5000000000000004)
 (1.9000000000000001,-3.3000000000000003)
 (1.9000000000000001,-3.1000000000000001)
 (1.9000000000000001,-2.9000000000000004)
 (1.9000000000000001,-2.7000000000000002)
 (1.9000000000000001,-2.5000000000000004)
 (1.9000000000000001,-2.3000000000000003)
 (1.9000000000000001,-2.1000000000000001)
 (1.9000000000000001,-1.9000000000000001)
 (1.9000000000000001,-1.7000000000000002)
 (1.9000000000000001,-1.5000000000000002)
 (1.9000000000000001,-1.3000000000000003)
 (1.9000000000000001,-1.1000000000000001)
 (1.9000000000000001,-0.90000000000000002)
 (1.9000000000000001,-0.70000000000000007)
 (1.9000000000000001,-0.5)
 (1.9000000000000001,-0.30000000000000004)
 (1.9000000000000001,-0.10000000000000001)
 (1.9000000000000001,0.10000000000000001)
 (1.9000000000000001,0.30000000000000004)
 (1.9000000000000001,0.5)
 (1.9000000000000001,0.70000000000000007)
 (1.9000000000000001,0.90000000000000002)
 (1.9000000000000001,1.1000000000000001)
 (1.9000000000000001,1.3000000000000003)
 (1.9000000000000001,1.5000000000000002)
 (1.9000000000000001,1.7000000000000002)
 (1.9000000000000001,1.9000000000000001)
 (1.9000000000000001,2.1000000000000001)
 (1.9000000000000001,2.3000000000000003)
 (1.9000000000000001,2.5000000000000004)
 (1.9000000000000001,2.7000000000000002)
 (1.9000000000000001,2.9000000000000004)
 (1.9000000000000001,3.1000000000000001)
 (1.9000000000000001,3.3000000000000003)
 (1.9000000000000001,3.5000000000000004)
 (1.9000000000000001,3.7000000000000002)
 (1.9000000000000001,3.9000000000000004)
 (1.9000000000000001,4.0999999999999996)
 (1.9000000000000001,4.2999999999999998)
 (1.9000000000000001,4.5)
 (1.9000000000000001,4.7000000000000002)
 (1.9000000000000001,4.9000000000000004)
 (1.9000000000000001,5.0999999999999996)
 (1.9000000000000001,5.2999999999999998)
 (1.9000000000000001,5.5)
 (1.9000000000000001,5.7000000000000002)
 (1.9000000000000001,5.9000000000000004)
 (1.9000000000000001,6.0999999999999996)
 (1.9000000000000001,6.2999999999999998)
 (1.9000000000000001,6.5)
 (1.9000000000000001,6.7000000000000002)
 (2.1000000000000001,-6.5)
 (2.1000000000000001,-6.2999999999999998)
 (2.1000000000000001,-6.0999999999999996)
 (2.1000000000000001,-5.9000000000000004)
 (2.1000000000000001,-5.7000000000000002)
 (2.1000000000000001,-5.5)
 (2.1000000000000001,-5.2999999999999998)
 (2.1000000000000001,-5.0999999999999996)
 (2.1000000000000001,-4.9000000000000004)
 (2.1000000000000001,-4.7000000000000002)
 (2.1000000000000001,-4.5)
 (2.1000000000000001,-4.2999999999999998)
 (2.1000000000000001,-4.0999999999999996)
 (2.1000000000000001,-3.9000000000000004)
 (2.1000000000000001,-3.7000000000000002)
 (2.1000000000000001,-3.5000000000000004)
 (2.1000000000000001,-3.3000000000000003)
 (2.1000000000000001,-3.1000000000000001)
 (2.1000000000000001,-2.9000000000000004)
 (2.1000000000000001,-2.7000000000000002)
 (2.1000000000000001,-2.5000000000000004)
 (2.1000000000000001,-2.3000000000000003)
 (2.1000000000000001,-2.1000000000000001)
 (2.1000000000000001,-1.9000000000000001)
 (2.1000000000000001,-1.7000000000000002)
 (2.1000000000000001,-1.5000000000000002)
 (2.1000000000000001,-1.3000000000000003)
 (2.1000000000000001,-1.1000000000000001)
 (2.1000000000000001,-0.90000000000000002)
 (2.1000000000000001,-0.70000000000000007)
 (2.1000000000000001,-0.5)
 (2.1000000000000001,-0.30000000000000004)
 (2.1000000000000001,-0.10000000000000001)
 (2.1000000000000001,0.10000000000000001)
 (2.1000000000000001,0.30000000000000004)
 (2.1000000000000001,0.5)
 (2.1000000000000001,0.70000000000000007)
 (2.1000000000000001,0.90000000000000002)
 (2.1000000000000001,1.1000000000000001)
 (2.1000000000000001,1.3000000000000003)
 (2.1000000000000001,1.5000000000000002)
 (2.1000000000000001,1.7000000000000002)
 (2.1000000000000001,1.9000000000000001)
 (2.1000000000000001,2.1000000000000001)
 (2.1000000000000001,2.3000000000000003)
 (2.1000000000000001,2.5000000000000004)
 (2.1000000000000001,2.7000000000000002)
 (2.1000000000000001,2.9000000000000004)
 (2.1000000000000001,3.1000000000000001)
 (2.1000000000000001,3.3000000000000003)
 (2.1000000000000001,3.5000000000000004)
 (2.1000000000000001,3.7000000000000002)
 (2.1000000000000001,3.9000000000000004)
 (2.1000000000000001,4.0999999999999996)
 (2.1000000000000001,4.2999999999999998)
 (2.1000000000000001,4.5)
 (2.1000000000000001,4.7000000000000002)
 (2.1000000000000001,4.9000000000000004)
 (2.1000000000000001,5.0999999999999996)
 (2.1000000000000001,5.2999999999999998)
 (2.1000000000000001,5.5)
 (2.1000000000000001,5.7000000000000002)
 (2.1000000000000001,5.9000000000000004)
 (2.1000000000000001,6.0999999999999996)
 (2.1000000000000001,6.2999999999999998)
 (2.1000000000000001,6.5)
 (2.3000000000000003,-6.5)
 (2.3000000000000003,-6.2999999999999998)
 (2.3000000000000003,-6.0999999999999996)
 (2.3000000000000003,-5.9000000000000004)
 (2.3000000000000003,-5.7000000000000002)
 (2.3000000000000003,-5.5)
 (2.3000000000000003,-5.2999999999999998)
 (2.3000000000000003,-5.0999999999999996)
 (2.3000000000000003,-4.9000000000000004)
 (2.3000000000000003,-4.7000000000000002)
 (2.3000000000000003,-4.5)
 (2.3000000000000003,-4.2999999999999998)
 (2.3000000000000003,-4.0999999999999996)
 (2.3000000000000003,-3.9000000000000004)
 (2.3000000000000003,-3.7000000000000002)
 (2.3000000000000003,-3.5000000000000004)
 (2.3000000000000003,-3.3000000000000003)
 (2.3000000000000003,-3.1000000000000001)
 (2.3000000000000003,-2.9000000000000004)
 (2.3000000000000003,-2.7000000000000002)
 (2.3000000000000003,-2.5000000000000004)
 (2.3000000000000003,-2.3000000000000003)
 (2.3000000000000003,-2.1000000000000001)
 (2.3000000000000003,-1.9000000000000001)
 (2.3000000000000003,-1.7000000000000002)
 (2.3000000000000003,-1.5000000000000002)
 (2.3000000000000003,-1.3000000000000003)
 (2.3000000000000003,-1.1000000000000001)
 (2.3000000000000003,-0.90000000000000002)
 (2.3000000000000003,-0.70000000000000007)
 (2.3000000000000003,-0.5)
 (2.3000000000000003,-0.30000000000000004)
 (2.3000000000000003,-0.10000000000000001)
 (2.3000000000000003,0.10000000000000001)
 (2.3000000000000003,0.30000000000000004)
 (2.3000000000000003,0.5)
 (2.3000000000000003,0.70000000000000007)
 (2.3000000000000003,0.90000000000000002)
 (2.3000000000000003,1.1000000000000001)
 (2.3000000000000003,1.3000000000000003)
 (2.3000000000000003,1.5000000000000002)
 (2.3000000000000003,1.7000000000000002)
 (2.3000000000000003,1.9000000000000001)
 (2.3000000000000003,2.1000000000000001)
 (2.3000000000000003,2.3000000000000003)
 (2.3000000000000003,2.5000000000000004)
 (2.3000000000000003,2.7000000000000002)
 (2.3000000000000003,2.9000000000000004)
 (2.3000000000000003,3.1000000000000001)
 (2.3000000000000003,3.3000000000000003)
 (2.3000000000000003,3.5000000000000004)
 (2.3000000000000003,3.7000000000000002)
 (2.3000000000000003,3.9000000000000004)
 (2.3000000000000003,4.0999999999999996)
 (2.3000000000000003,4.2999999999999998)
 (2.3000000000000003,4.5)
 (2.3000000000000003,4.7000000000000002)
 (2.3000000000000003,4.9000000000000004)
 (2.3000000000000003,5.0999999999999996)
 (2.3000000000000003,5.2999999999999998)
 (2.3000000000000003,5.5)
 (2.3000000000000003,5.7000000000000002)
 (2.3000000000000003,5.9000000000000004)
 (2.3000000000000003,6.0999999999999996)
 (2.3000000000000003,6.2999999999999998)
 (2.3000000000000003,6.5)
 (2.5000000000000004,-6.5)
 (2.5000000000000004,-6.2999999999999998)
 (2.5000000000000004,-6.0999999999999996)
 (2.5000000000000004,-5.9000000000000004)
 (2.5000000000000004,-5.7000000000000002)
 (2.5000000000000004,-5.5)
 (2.5000000000000004,-5.2999999999999998)
 (2.5000000000000004,-5.0999999999999996)
 (2.5000000000000004,-4.9000000000000004)
 (2.5000000000000004,-4.7000000000000002)
 (2.5000000000000004,-4.5)
 (2.5000000000000004,-4.2999999999999998)
 (2.5000000000000004,-4.0999999999999996)
 (2.5000000000000004,-3.9000000000000004)
 (2.5000000000000004,-3.7000000000000002)
 (2.5000000000000004,-3.5000000000000004)
 (2.5000000000000004,-3.3000000000000003)
 (2.5000000000000004,-3.1000000000000001)
 (2.5000000000000004,-2.9000000000000004)
 (2.5000000000000004,-2.7000000000000002)
 (2.5000000000000004,-2.5000000000000004)
 (2.5000000000000004,-2.3000000000000003)
 (2.5000000000000004,-2.1000000000000001)
 (2.5000000000000004,-1.9000000000000001)
 (2.5000000000000004,-1.7000000000000002)
 (2.5000000000000004,-1.5000000000000002)
 (2.5000000000000004,-1.3000000000000003)
 (2.5000000000000004,-1.1000000000000001)
 (2.5000000000000004,-0.90000000000000002)
 (2.5000000000000004,-0.70000000000000007)
 (2.5000000000000004,-0.5)
 (2.5000000000000004,-0.30000000000000004)
 (2.5000000000000004,-0.10000000000000001)
 (2.5000000000000004,0.10000000000000001)
 (2.5000000000000004,0.30000000000000004)
 (2.5000000000000004,0.5)
 (2.5000000000000004,0.70000000000000007)
 (2.5000000000000004,0.90000000000000002)
 (2.5000000000000004,1.1000000000000001)
 (2.5000000000000004,1.3000000000000003)
 (2.5000000000000004,1.5000000000000002)
 (2.5000000000000004,1.7000000000000002)
 (2.5000000000000004,1.9000000000000001)
 (2.5000000000000004,2.1000000000000001)
 (2.5000000000000004,2.3000000000000003)
 (2.5000000000000004,2.5000000000000004)
 (2.5000000000000004,2.7000000000000002)
 (2.5000000000000004,2.9000000000000004)
 (2.5000000000000004,3.1000000000000001)
 (2.5000000000000004,3.3000000000000003)
 (2.5000000000000004,3.5000000000000004)
 (2.5000000000000004,3.7000000000000002)
 (2.5000000000000004,3.9000000000000004)
 (2.5000000000000004,4.0999999999999996)
 (2.5000000000000004,4.2999999999999998)
 (2.5000000000000004,4.5)
 (2.5000000000000004,4.7000000000000002)
 (2.5000000000000004,4.9000000000000004)
 (2.5000000000000004,5.0999999999999996)
 (2.5000000000000004,5.2999999999999998)
 (2.5000000000000004,5.5)
 (2.5000000000000004,5.7000000000000002)
 (2.5000000000000004,5.9000000000000004)
 (2.5000000000000004,6.0999999999999996)
 (2.5000000000000004,6.2999999999999998)
 (2.5000000000000004,6.5)
 (2.7000000000000002,-6.2999999999999998)
 (2.7000000000000002,-6.0999999999999996)
 (2.7000000000000002,-5.9000000000000004)
 (2.7000000000000002,-5.7000000000000002)
 (2.7000000000000002,-5.5)
 (2.7000000000000002,-5.2999999999999998)
 (2.7000000000000002,-5.0999999999999996)
 (2.7000000000000002,-4.9000000000000004)
 (2.7000000000000002,-4.7000000000000002)
 (2.7000000000000002,-4.5)
 (2.7000000000000002,-4.2999999999999998)
 (2.7000000000000002,-4.0999999999999996)
 (2.7000000000000002,-3.9000000000000004)
 (2.7000000000000002,-3.7000000000000002)
 (2.7000000000000002,-3.5000000000000004)
 (2.7000000000000002,-3.3000000000000003)
 (2.7000000000000002,-3.1000000000000001)
 (2.7000000000000002,-2.9000000000000004)
 (2.7000000000000002,-2.7000000000000002)
 (2.7000000000000002,-2.5000000000000004)
 (2.7000000000000002,-2.3000000000000003)
 (2.7000000000000002,-2.1000000000000001)
 (2.7000000000000002,-1.9000000000000001)
 (2.7000000000000002,-1.7000000000000002)
 (2.7000000000000002,-1.5000000000000002)
 (2.7000000000000002,-1.3000000000000003)
 (2.7000000000000002,-1.1000000000000001)
 (2.7000000000000002,-0.90000000000000002)
 (2.7000000000000002,-0.70000000000000007)
 (2.7000000000000002,-0.5)
 (2.7000000000000002,-0.30000000000000004)
 (2.7000000000000002,-0.10000000000000001)
 (2.7000000000000002,0.10000000000000001)
 (2.7000000000000002,0.30000000000000004)
 (2.7000000000000002,0.5)
 (2.7000000000000002,0.70000000000000007)
 (2.7000000000000002,0.90000000000000002)
 (2.7000000000000002,1.1000000000000001)
 (2.7000000000000002,1.3000000000000003)
 (2.7000000000000002,1.5000000000000002)
 (2.7000000000000002,1.7000000000000002)
 (2.7000000000000002,1.9000000000000001)
 (2.7000000000000002,2.1000000000000001)
 (2.7000000000000002,2.3000000000000003)
 (2.7000000000000002,2.5000000000000004)
 (2.7000000000000002,2.7000000000000002)
 (2.7000000000000002,2.9000000000000004)
 (2.7000000000000002,3.1000000000000001)
 (2.7000000000000002,3.3000000000000003)
 (2.7000000000000002,3.5000000000000004)
 (2.7000000000000002,3.7000000000000002)
 (2.7000000000000002,3.9000000000000004)
 (2.7000000000000002,4.0999999999999996)
 (2.7000000000000002,4.2999999999999998)
 (2.7000000000000002,4.5)
 (2.7000000000000002,4.7000000000000002)
 (2.7000000000000002,4.9000000000000004)
 (2.7000000000000002,5.0999999999999996)
 (2.7000000000000002,5.2999999999999998)
 (2.7000000000000002,5.5)
 (2.7000000000000002,5.7000000000000002)
 (2.7000000000000002,5.9000000000000004)
 (2.7000000000000002,6.0999999999999996)
 (2.7000000000000002,6.2999999999999998)
 (2.9000000000000004,-6.2999999999999998)
 (2.9000000000000004,-6.0999999999999996)
 (2.9000000000000004,-5.9000000000000004)
 (2.9000000000000004,-5.7000000000000002)
 (2.9000000000000004,-5.5)
 (2.9000000000000004,-5.2999999999999998)
 (2.9000000000000004,-5.0999999999999996)
 (2.9000000000000004,-4.9000000000000004)
 (2.9000000000000004,-4.7000000000000002)
 (2.9000000000000004,-4.5)
 (2.9000000000000004,-4.2999999999999998)
 (2.9000000000000004,-4.0999999999999996)
 (2.9000000000000004,-3.9000000000000004)
 (2.9000000000000004,-3.7000000000000002)
 (2.9000000000000004,-3.5000000000000004)
 (2.9000000000000004,-3.3000000000000003)
 (2.9000000000000004,-3.1000000000000001)
 (2.9000000000000004,-2.9000000000000004)
 (2.9000000000000004,-2.7000000000000002)
 (2.9000000000000004,-2.5000000000000004)
 (2.9000000000000004,-2.3000000000000003)
 (2.9000000000000004,-2.1000000000000001)
 (2.9000000000000004,-1.9000000000000001)
 (2.9000000000000004,-1.7000000000000002)
 (2.9000000000000004,-1.5000000000000002)
 (2.9000000000000004,-1.3000000000000003)
 (2.9000000000000004,-1.1000000000000001)
 (2.9000000000000004,-0.90000000000000002)
 (2.9000000000000004,-0.70000000000000007)
 (2.9000000000000004,-0.5)
 (2.9000000000000004,-0.30000000000000004)
 (2.9000000000000004,-0.10000000000000001)
 (2.9000000000000004,0.10000000000000001)
 (2.9000000000000004,0.30000000000000004)
 (2.9000000000000004,0.5)
 (2.9000000000000004,0.70000000000000007)
 (2.9000000000000004,0.90000000000000002)
 (2.9000000000000004,1.1000000000000001)
 (2.9000000000000004,1.3000000000000003)
 (2.9000000000000004,1.5000000000000002)
 (2.9000000000000004,1.7000000000000002)
 (2.9000000000000004,1.9000000000000001)
 (2.9000000000000004,2.1000000000000001)
 (2.9000000000000004,2.3000000000000003)
 (2.9000000000000004,2.5000000000000004)
 (2.9000000000000004,2.7000000000000002)
 (2.9000000000000004,2.9000000000000004)
 (2.9000000000000004,3.1000000000000001)
 (2.9000000000000004,3.3000000000000003)
 (2.9000000000000004,3.5000000000000004)
 (2.9000000000000004,3.7000000000000002)
 (2.9000000000000004,3.9000000000000004)
 (2.9000000000000004,4.0999999999999996)
 (2.9000000000000004,4.2999999999999998)
 (2.9000000000000004,4.5)
 (2.9000000000000004,4.7000000000000002)
 (2.9000000000000004,4.9000000000000004)
 (2.9000000000000004,5.0999999999999996)
 (2.9000000000000004,5.2999999999999998)
 (2.9000000000000004,5.5)
 (2.9000000000000004,5.7000000000000002)
 (2.9000000000000004,5.9000000000000004)
 (2.9000000000000004,6.0999999999999996)
 (2.9000000000000004,6.2999999999999998)
 (3.1000000000000001,-6.0999999999999996)
 (3.1000000000000001,-5.9000000000000004)
 (3.1000000000000001,-5.7000000000000002)
 (3.1000000000000001,-5.5)
 (3.1000000000000001,-5.2999999999999998)
 (3.1000000000000001,-5.0999999999999996)
 (3.1000000000000001,-4.9000000000000004)
 (3.1000000000000001,-4.7000000000000002)
 (3.1000000000000001,-4.5)
 (3.1000000000000001,-4.2999999999999998)
 (3.1000000000000001,-4.0999999999999996)
 (3.1000000000000001,-3.9000000000000004)
 (3.1000000000000001,-3.7000000000000002)
 (3.1000000000000001,-3.5000000000000004)
 (3.1000000000000001,-3.3000000000000003)
 (3.1000000000000001,-3.1000000000000001)
 (3.1000000000000001,-2.9000000000000004)
 (3.1000000000000001,-2.7000000000000002)
 (3.1000000000000001,-2.5000000000000004)
 (3.1000000000000001,-2.3000000000000003)
 (3.1000000000000001,-2.1000000000000001)
 (3.1000000000000001,-1.9000000000000001)
 (3.1000000000000001,-1.7000000000000002)
 (3.1000000000000001,-1.5000000000000002)
 (3.1000000000000001,-1.3000000000000003)
 (3.1000000000000001,-1.1000000000000001)
 (3.1000000000000001,-0.90000000000000002)
 (3.1000000000000001,-0.70000000000000007)
 (3.1000000000000001,-0.5)
 (3.1000000000000001,-0.30000000000000004)
 (3.1000000000000001,-0.10000000000000001)
 (3.1000000000000001,0.10000000000000001)
 (3.1000000000000001,0.30000000000000004)
 (3.1000000000000001,0.5)
 (3.1000000000000001,0.70000000000000007)
 (3.1000000000000001,0.90000000000000002)
 (3.1000000000000001,1.1000000000000001)
 (3.1000000000000001,1.3000000000000003)
 (3.1000000000000001,1.5000000000000002)
 (3.1000000000000001,1.7000000000000002)
 (3.1000000000000001,1.9000000000000001)
 (3.1000000000000001,2.1000000000000001)
 (3.1000000000000001,2.3000000000000003)
 (3.1000000000000001,2.5000000000000004)
 (3.1000000000000001,2.7000000000000002)
 (3.1000000000000001,2.9000000000000004)
 (3.1000000000000001,3.1000000000000001)
 (3.1000000000000001,3.3000000000000003)
 (3.1000000000000001,3.5000000000000004)
 (3.1000000000000001,3.7000000000000002)
 (3.1000000000000001,3.9000000000000004)
 (3.1000000000000001,4.0999999999999996)
 (3.1000000000000001,4.2999999999999998)
 (3.1000000000000001,4.5)
 (3.1000000000000001,4.7000000000000002)
 (3.1000000000000001,4.9000000000000004)
 (3.1000000000000001,5.0999999999999996)
 (3.1000000000000001,5.2999999999999998)
 (3.1000000000000001,5.5)
 (3.1000000000000001,5.7000000000000002)
 (3.1000000000000001,5.9000000000000004)
 (3.1000000000000001,6.0999999999999996)
 (3.3000000000000003,-6.0999999999999996)
 (3.3000000000000003,-5.9000000000000004)
 (3.3000000000000003,-5.7000000000000002)
 (3.3000000000000003,-5.5)
 (3.3000000000000003,-5.2999999999999998)
 (3.3000000000000003,-5.0999999999999996)
 (3.3000000000000003,-4.9000000000000004)
 (3.3000000000000003,-4.7000000000000002)
 (3.3000000000000003,-4.5)
 (3.3000000000000003,-4.2999999999999998)
 (3.3000000000000003,-4.0999999999999996)
 (3.3000000000000003,-3.9000000000000004)
 (3.3000000000000003,-3.7000000000000002)
 (3.3000000000000003,-3.5000000000000004)
 (3.3000000000000003,-3.3000000000000003)
 (3.3000000000000003,-3.1000000000000001)
 (3.3000000000000003,-2.9000000000000004)
 (3.3000000000000003,-2.7000000000000002)
 (3.3000000000000003,-2.5000000000000004)
 (3.3000000000000003,-2.3000000000000003)
 (3.3000000000000003,-2.1000000000000001)
 (3.3000000000000003,-1.9000000000000001)
 (3.3000000000000003,-1.7000000000000002)
 (3.3000000000000003,-1.5000000000000002)
 (3.3000000000000003,-1.3000000000000003)
 (3.3000000000000003,-1.1000000000000001)
 (3.3000000000000003,-0.90000000000000002)
 (3.3000000000000003,-0.70000000000000007)
 (3.3000000000000003,-0.5)
 (3.3000000000000003,-0.30000000000000004)
 (3.3000000000000003,-0.10000000000000001)
 (3.3000000000000003,0.10000000000000001)
 (3.3000000000000003,0.30000000000000004)
 (3.3000000000000003,0.5)
 (3.3000000000000003,0.70000000000000007)
 (3.3000000000000003,0.90000000000000002)
 (3.3000000000000003,1.1000000000000001)
 (3.3000000000000003,1.3000000000000003)
 (3.3000000000000003,1.5000000000000002)
 (3.3000000000000003,1.7000000000000002)
 (3.3000000000000003,1.9000000000000001)
 (3.3000000000000003,2.1000000000000001)
 (3.3000000000000003,2.3000000000000003)
 (3.3000000000000003,2.5000000000000004)
 (3.3000000000000003,2.7000000000000002)
 (3.3000000000000003,2.9000000000000004)
 (3.3000000000000003,3.1000000000000001)
 (3.3000000000000003,3.3000000000000003)
 (3.3000000000000003,3.5000000000000004)
 (3.3000000000000003,3.7000000000000002)
 (3.3000000000000003,3.9000000000000004)
 (3.3000000000000003,4.0999999999999996)
 (3.3000000000000003,4.2999999999999998)
 (3.3000000000000003,4.5)
 (3.3000000000000003,4.7000000000000002)
 (3.3000000000000003,4.9000000000000004)
 (3.3000000000000003,5.0999999999999996)
 (3.3000000000000003,5.2999999999999998)
 (3.3000000000000003,5.5)
 (3.3000000000000003,5.7000000000000002)
 (3.3000000000000003,5.9000000000000004)
 (3.3000000000000003,6.0999999999999996)
 (3.5000000000000004,-5.9000000000000004)
 (3.5000000000000004,-5.7000000000000002)
 (3.5000000000000004,-5.5)
 (3.5000000000000004,-5.2999999999999998)
 (3.5000000000000004,-5.0999999999999996)
 (3.5000000000000004,-4.9000000000000004)
 (3.5000000000000004,-4.7000000000000002)
 (3.5000000000000004,-4.5)
 (3.5000000000000004,-4.2999999999999998)
 (3.5000000000000004,-4.0999999999999996)
 (3.5000000000000004,-3.9000000000000004)
 (3.5000000000000004,-3.7000000000000002)
 (3.5000000000000004,-3.5000000000000004)
 (3.5000000000000004,-3.3000000000000003)
 (3.5000000000000004,-3.1000000000000001)
 (3.5000000000000004,-2.9000000000000004)
 (3.5000000000000004,-2.7000000000000002)
 (3.5000000000000004,-2.5000000000000004)
 (3.5000000000000004,-2.3000000000000003)
 (3.5000000000000004,-2.1000000000000001)
 (3.5000000000000004,-1.9000000000000001)
 (3.5000000000000004,-1.7000000000000002)
 (3.5000000000000004,-1.5000000000000002)
 (3.5000000000000004,-1.3000000000000003)
 (3.5000000000000004,-1.1000000000000001)
 (3.5000000000000004,-0.90000000000000002)
 (3.5000000000000004,-0.70000000000000007)
 (3.5000000000000004,-0.5)
 (3.5000000000000004,-0.30000000000000004)
 (3.5000000000000004,-0.10000000000000001)
 (3.5000000000000004,0.10000000000000001)
 (3.5000000000000004,0.30000000000000004)
 (3.5000000000000004,0.5)
 (3.5000000000000004,0.70000000000000007)
 (3.5000000000000004,0.90000000000000002)
 (3.5000000000000004,1.1000000000000001)
 (3.5000000000000004,1.3000000000000003)
 (3.5000000000000004,1.5000000000000002)
 (3.5000000000000004,1.7000000000000002)
 (3.5000000000000004,1.9000000000000001)
 (3.5000000000000004,2.1000000000000001)
 (3.5000000000000004,2.3000000000000003)
 (3.5000000000000004,2.5000000000000004)
 (3.5000000000000004,2.7000000000000002)
 (3.5000000000000004,2.9000000000000004)
 (3.5000000000000004,3.1000000000000001)
 (3.5000000000000004,3.3000000000000003)
 (3.5000000000000004,3.5000000000000004)
 (3.5000000000000004,3.7000000000000002)
 (3.5000000000000004,3.9000000000000004)
 (3.5000000000000004,4.0999999999999996)
 (3.5000000000000004,4.2999999999999998)
 (3.5000000000000004,4.5)
 (3.5000000000000004,4.7000000000000002)
 (3.5000000000000004,4.9000000000000004)
 (3.5000000000000004,5.0999999999999996)
 (3.5000000000000004,5.2999999999999998)
 (3.5000000000000004,5.5)
 (3.5000000000000004,5.7000000000000002)
 (3.5000000000000004,5.9000000000000004)
 (3.7000000000000002,-5.9000000000000004)
 (3.7000000000000002,-5.7000000000000002)
 (3.7000000000000002,-5.5)
 (3.7000000000000002,-5.2999999999999998)
 (3.7000000000000002,-5.0999999999999996)
 (3.7000000000000002,-4.9000000000000004)
 (3.7000000000000002,-4.7000000000000002)
 (3.7000000000000002,-4.5)
 (3.7000000000000002,-4.2999999999999998)
 (3.7000000000000002,-4.0999999999999996)
 (3.7000000000000002,-3.9000000000000004)
 (3.7000000000000002,-3.7000000000000002)
 (3.7000000000000002,-3.5000000000000004)
 (3.7000000000000002,-3.3000000000000003)
 (3.7000000000000002,-3.1000000000000001)
 (3.7000000000000002,-2.9000000000000004)
 (3.7000000000000002,-2.7000000000000002)
 (3.7000000000000002,-2.5000000000000004)
 (3.7000000000000002,-2.3000000000000003)
 (3.7000000000000002,-2.1000000000000001)
 (3.7000000000000002,-1.9000000000000001)
 (3.7000000000000002,-1.7000000000000002)
 (3.7000000000000002,-1.5000000000000002)
 (3.7000000000000002,-1.3000000000000003)
 (3.7000000000000002,-1.1000000000000001)
 (3.7000000000000002,-0.90000000000000002)
 (3.7000000000000002,-0.70000000000000007)
 (3.7000000000000002,-0.5)
 (3.7000000000000002,-0.30000000000000004)
 (3.7000000000000002,-0.10000000000000001)
 (3.7000000000000002,0.10000000000000001)
 (3.7000000000000002,0.30000000000000004)
 (3.7000000000000002,0.5)
 (3.7000000000000002,0.70000000000000007)
 (3.7000000000000002,0.90000000000000002)
 (3.7000000000000002,1.1000000000000001)
 (3.7000000000000002,1.3000000000000003)
 (3.7000000000000002,1.5000000000000002)
 (3.7000000000000002,1.7000000000000002)
 (3.7000000000000002,1.9000000000000001)
 (3.7000000000000002,2.1000000000000001)
 (3.7000000000000002,2.3000000000000003)
 (3.7000000000000002,2.5000000000000004)
 (3.7000000000000002,2.7000000000000002)
 (3.7000000000000002,2.9000000000000004)
 (3.7000000000000002,3.1000000000000001)
 (3.7000000000000002,3.3000000000000003)
 (3.7000000000000002,3.5000000000000004)
 (3.7000000000000002,3.7000000000000002)
 (3.7000000000000002,3.9000000000000004)
 (3.7000000000000002,4.0999999999999996)
 (3.7000000000000002,4.2999999999999998)
 (3.7000000000000002,4.5)
 (3.7000000000000002,4.7000000000000002)
 (3.7000000000000002,4.9000000000000004)
 (3.7000000000000002,5.0999999999999996)
 (3.7000000000000002,5.2999999999999998)
 (3.7000000000000002,5.5)
 (3.7000000000000002,5.7000000000000002)
 (3.7000000000000002,5.9000000000000004)
 (3.9000000000000004,-5.7000000000000002)
 (3.9000000000000004,-5.5)
 (3.9000000000000004,-5.2999999999999998)
 (3.9000000000000004,-5.0999999999999996)
 (3.9000000000000004,-4.9000000000000004)
 (3.9000000000000004,-4.7000000000000002)
 (3.9000000000000004,-4.5)
 (3.9000000000000004,-4.2999999999999998)
 (3.9000000000000004,-4.0999999999999996)
 (3.9000000000000004,-3.9000000000000004)
 (3.9000000000000004,-3.7000000000000002)
 (3.9000000000000004,-3.5000000000000004)
 (3.9000000000000004,-3.3000000000000003)
 (3.9000000000000004,-3.1000000000000001)
 (3.9000000000000004,-2.9000000000000004)
 (3.9000000000000004,-2.7000000000000002)
 (3.9000000000000004,-2.5000000000000004)
 (3.9000000000000004,-2.3000000000000003)
 (3.9000000000000004,-2.1000000000000001)
 (3.9000000000000004,-1.9000000000000001)
 (3.9000000000000004,-1.7000000000000002)
 (3.9000000000000004,-1.5000000000000002)
 (3.9000000000000004,-1.3000000000000003)
 (3.9000000000000004,-1.1000000000000001)
 (3.9000000000000004,-0.90000000000000002)
 (3.9000000000000004,-0.70000000000000007)
 (3.9000000000000004,-0.5)
 (3.9000000000000004,-0.30000000000000004)
 (3.9000000000000004,-0.10000000000000001)
 (3.9000000000000004,0.10000000000000001)
 (3.9000000000000004,0.30000000000000004)
 (3.9000000000000004,0.5)
 (3.9000000000000004,0.70000000000000007)
 (3.9000000000000004,0.90000000000000002)
 (3.9000000000000004,1.1000000000000001)
 (3.9000000000000004,1.3000000000000003)
 (3.9000000000000004,1.5000000000000002)
 (3.9000000000000004,1.7000000000000002)
 (3.9000000000000004,1.9000000000000001)
 (3.9000000000000004,2.1000000000000001)
 (3.9000000000000004,2.3000000000000003)
 (3.9000000000000004,2.5000000000000004)
 (3.9000000000000004,2.7000000000000002)
 (3.9000000000000004,2.9000000000000004)
 (3.9000000000000004,3.1000000000000001)
 (3.9000000000000004,3.3000000000000003)
 (3.9000000000000004,3.5000000000000004)
 (3.9000000000000004,3.7000000000000002)
 (3.9000000000000004,3.9000000000000004)
 (3.9000000000000004,4.0999999999999996)
 (3.9000000000000004,4.2999999999999998)
 (3.9000000000000004,4.5)
 (3.9000000000000004,4.7000000000000002)
 (3.9000000000000004,4.9000000000000004)
 (3.9000000000000004,5.0999999999999996)
 (3.9000000000000004,5.2999999999999998)
 (3.9000000000000004,5.5)
 (3.9000000000000004,5.7000000000000002)
 (4.0999999999999996,-5.5)
 (4.0999999999999996,-5.2999999999999998)
 (4.0999999999999996,-5.0999999999999996)
 (4.0999999999999996,-4.9000000000000004)
 (4.0999999999999996,-4.7000000000000002)
 (4.0999999999999996,-4.5)
 (4.0999999999999996,-4.2999999999999998)
 (4.0999999999999996,-4.0999999999999996)
 (4.0999999999999996,-3.9000000000000004)
 (4.0999999999999996,-3.7000000000000002)
 (4.0999999999999996,-3.5000000000000004)
 (4.0999999999999996,-3.3000000000000003)
 (4.0999999999999996,-3.1000000000000001)
 (4.0999999999999996,-2.9000000000000004)
 (4.0999999999999996,-2.7000000000000002)
 (4.0999999999999996,-2.5000000000000004)
 (4.0999999999999996,-2.3000000000000003)
 (4.0999999999999996,-2.1000000000000001)
 (4.0999999999999996,-1.9000000000000001)
 (4.0999999999999996,-1.7000000000000002)
 (4.0999999999999996,-1.5000000000000002)
 (4.0999999999999996,-1.3000000000000003)
 (4.0999999999999996,-1.1000000000000001)
 (4.0999999999999996,-0.90000000000000002)
 (4.0999999999999996,-0.70000000000000007)
 (4.0999999999999996,-0.5)
 (4.0999999999999996,-0.30000000000000004)
 (4.0999999999999996,-0.10000000000000001)
 (4.0999999999999996,0.10000000000000001)
 (4.0999999999999996,0.30000000000000004)
 (4.0999999999999996,0.5)
 (4.0999999999999996,0.70000000000000007)
 (4.0999999999999996,0.90000000000000002)
 (4.0999999999999996,1.1000000000000001)
 (4.0999999999999996,1.3000000000000003)
 (4.0999999999999996,1.5000000000000002)
 (4.0999999999999996,1.7000000000000002)
 (4.0999999999999996,1.9000000000000001)
 (4.0999999999999996,2.1000000000000001)
 (4.0999999999999996,2.3000000000000003)
 (4.0999999999999996,2.5000000000000004)
 (4.0999999999999996,2.7000000000000002)
 (4.0999999999999996,2.9000000000000004)
 (4.0999999999999996,3.1000000000000001)
 (4.0999999999999996,3.3000000000000003)
 (4.0999999999999996,3.5000000000000004)
 (4.0999999999999996,3.7000000000000002)
 (4.0999999999999996,3.9000000000000004)
 (4.0999999999999996,4.0999999999999996)
 (4.0999999999999996,4.2999999999999998)
 (4.0999999999999996,4.5)
 (4.0999999999999996,4.7000000000000002)
 (4.0999999999999996,4.9000000000000004)
 (4.0999999999999996,5.0999999999999996)
 (4.0999999999999996,5.2999999999999998)
 (4.0999999999999996,5.5)
 (4.2999999999999998,-5.5)
 (4.2999999999999998,-5.2999999999999998)
 (4.2999999999999998,-5.0999999999999996)
 (4.2999999999999998,-4.9000000000000004)
 (4.2999999999999998,-4.7000000000000002)
 (4.2999999999999998,-4.5)
 (4.2999999999999998,-4.2999999999999998)
 (4.2999999999999998,-4.0999999999999996)
 (4.2999999999999998,-3.9000000000000004)
 (4.2999999999999998,-3.7000000000000002)
 (4.2999999999999998,-3.5000000000000004)
 (4.2999999999999998,-3.3000000000000003)
 (4.2999999999999998,-3.1000000000000001)
 (4.2999999999999998,-2.9000000000000004)
 (4.2999999999999998,-2.7000000000000002)
 (4.2999999999999998,-2.5000000000000004)
 (4.2999999999999998,-2.3000000000000003)
 (4.2999999999999998,-2.1000000000000001)
 (4.2999999999999998,-1.9000000000000001)
 (4.2999999999999998,-1.7000000000000002)
 (4.2999999999999998,-1.5000000000000002)
 (4.2999999999999998,-1.3000000000000003)
 (4.2999999999999998,-1.1000000000000001)
 (4.2999999999999998,-0.90000000000000002)
 (4.2999999999999998,-0.70000000000000007)
 (4.2999999999999998,-0.5)
 (4.2999999999999998,-0.30000000000000004)
 (4.2999999999999998,-0.10000000000000001)
 (4.2999999999999998,0.10000000000000001)
 (4.2999999999999998,0.30000000000000004)
 (4.2999999999999998,0.5)
 (4.2999999999999998,0.70000000000000007)
 (4.2999999999999998,0.90000000000000002)
 (4.2999999999999998,1.1000000000000001)
 (4.2999999999999998,1.3000000000000003)
 (4.2999999999999998,1.5000000000000002)
 (4.2999999999999998,1.7000000000000002)
 (4.2999999999999998,1.9000000000000001)
 (4.2999999999999998,2.1000000000000001)
 (4.2999999999999998,2.3000000000000003)
 (4.2999999999999998,2.5000000000000004)
 (4.2999999999999998,2.7000000000000002)
 (4.2999999999999998,2.9000000000000004)
 (4.2999999999999998,3.1000000000000001)
 (4.2999999999999998,3.3000000000000003)
 (4.2999999999999998,3.5000000000000004)
 (4.2999999999999998,3.7000000000000002)
 (4.2999999999999998,3.9000000000000004)
 (4.2999999999999998,4.0999999999999996)
 (4.2999999999999998,4.2999999999999998)
 (4.2999999999999998,4.5)
 (4.2999999999999998,4.7000000000000002)
 (4.2999999999999998,4.9000000000000004)
 (4.2999999999999998,5.0999999999999996)
 (4.2999999999999998,5.2999999999999998)
 (4.2999999999999998,5.5)
 (4.5,-5.2999999999999998)
 (4.5,-5.0999999999999996)
 (4.5,-4.9000000000000004)
 (4.5,-4.7000000000000002)
 (4.5,-4.5)
 (4.5,-4.2999999999999998)
 (4.5,-4.0999999999999996)
 (4.5,-3.9000000000000004)
 (4.5,-3.7000000000000002)
 (4.5,-3.5000000000000004)
 (4.5,-3.3000000000000003)
 (4.5,-3.1000000000000001)
 (4.5,-2.9000000000000004)
 (4.5,-2.7000000000000002)
 (4.5,-2.5000000000000004)
 (4.5,-2.3000000000000003)
 (4.5,-2.1000000000000001)
 (4.5,-1.9000000000000001)
 (4.5,-1.7000000000000002)
 (4.5,-1.5000000000000002)
 (4.5,-1.3000000000000003)
 (4.5,-1.1000000000000001)
 (4.5,-0.90000000000000002)
 (4.5,-0.70000000000000007)
 (4.5,-0.5)
 (4.5,-0.30000000000000004)
 (4.5,-0.10000000000000001)
 (4.5,0.10000000000000001)
 (4.5,0.30000000000000004)
 (4.5,0.5)
 (4.5,0.70000000000000007)
 (4.5,0.90000000000000002)
 (4.5,1.1000000000000001)
 (4.5,1.3000000000000003)
 (4.5,1.5000000000000002)
 (4.5,1.7000000000000002)
 (4.5,1.9000000000000001)
 (4.5,2.1000000000000001)
 (4.5,2.3000000000000003)
 (4.5,2.5000000000000004)
 (4.5,2.7000000000000002)
 (4.5,2.9000000000000004)
 (4.5,3.1000000000000001)
 (4.5,3.3000000000000003)
 (4.5,3.5000000000000004)
 (4.5,3.7000000000000002)
 (4.5,3.9000000000000004)
 (4.5,4.0999999999999996)
 (4.5,4.2999999999999998)
 (4.5,4.5)
 (4.5,4.7000000000000002)
 (4.5,4.9000000000000004)
 (4.5,5.0999999999999996)
 (4.5,5.2999999999999998)
 (4.7000000000000002,-5.0999999999999996)
 (4.7000000000000002,-4.9000000000000004)
 (4.7000000000000002,-4.7000000000000002)
 (4.7000000000000002,-4.5)
 (4.7000000000000002,-4.2999999999999998)
 (4.7000000000000002,-4.0999999999999996)
 (4.7000000000000002,-3.9000000000000004)
 (4.7000000000000002,-3.7000000000000002)
 (4.7000000000000002,-3.5000000000000004)
 (4.7000000000000002,-3.3000000000000003)
 (4.7000000000000002,-3.1000000000000001)
 (4.7000000000000002,-2.9000000000000004)
 (4.7000000000000002,-2.7000000000000002)
 (4.7000000000000002,-2.5000000000000004)
 (4.7000000000000002,-2.3000000000000003)
 (4.7000000000000002,-2.1000000000000001)
 (4.7000000000000002,-1.9000000000000001)
 (4.7000000000000002,-1.7000000000000002)
 (4.7000000000000002,-1.5000000000000002)
 (4.7000000000000002,-1.3000000000000003)
 (4.7000000000000002,-1.1000000000000001)
 (4.7000000000000002,-0.90000000000000002)
 (4.7000000000000002,-0.70000000000000007)
 (4.7000000000000002,-0.5)
 (4.7000000000000002,-0.30000000000000004)
 (4.7000000000000002,-0.10000000000000001)
 (4.7000000000000002,0.10000000000000001)
 (4.7000000000000002,0.30000000000000004)
 (4.7000000000000002,0.5)
 (4.7000000000000002,0.70000000000000007)
 (4.7000000000000002,0.90000000000000002)
 (4.7000000000000002,1.1000000000000001)
 (4.7000000000000002,1.3000000000000003)
 (4.7000000000000002,1.5000000000000002)
 (4.7000000000000002,1.7000000000000002)
 (4.7000000000000002,1.9000000000000001)
 (4.7000000000000002,2.1000000000000001)
 (4.7000000000000002,2.3000000000000003)
 (4.7000000000000002,2.5000000000000004)
 (4.7000000000000002,2.7000000000000002)
 (4.7000000000000002,2.9000000000000004)
 (4.7000000000000002,3.1000000000000001)
 (4.7000000000000002,3.3000000000000003)
 (4.7000000000000002,3.5000000000000004)
 (4.7000000000000002,3.7000000000000002)
 (4.7000000000000002,3.9000000000000004)
 (4.7000000000000002,4.0999999999999996)
 (4.7000000000000002,4.2999999999999998)
 (4.7000000000000002,4.5)
 (4.7000000000000002,4.7000000000000002)
 (4.7000000000000002,4.9000000000000004)
 (4.7000000000000002,5.0999999999999996)
 (4.9000000000000004,-4.9000000000000004)
 (4.9000000000000004,-4.7000000000000002)
 (4.9000000000000004,-4.5)
 (4.9000000000000004,-4.2999999999999998)
 (4.9000000000000004,-4.0999999999999996)
 (4.9000000000000004,-3.9000000000000004)
 (4.9000000000000004,-3.7000000000000002)
 (4.9000000000000004,-3.5000000000000004)
 (4.9000000000000004,-3.3000000000000003)
 (4.9000000000000004,-3.1000000000000001)
 (4.9000000000000004,-2.9000000000000004)
 (4.9000000000000004,-2.7000000000000002)
 (4.9000000000000004,-2.5000000000000004)
 (4.9000000000000004,-2.3000000000000003)
 (4.9000000000000004,-2.1000000000000001)
 (4.9000000000000004,-1.9000000000000001)
 (4.9000000000000004,-1.7000000000000002)
 (4.9000000000000004,-1.5000000000000002)
 (4.9000000000000004,-1.3000000000000003)
 (4.9000000000000004,-1.1000000000000001)
 (4.9000000000000004,-0.90000000000000002)
 (4.9000000000000004,-0.70000000000000007)
 (4.9000000000000004,-0.5)
 (4.9000000000000004,-0.30000000000000004)
 (4.9000000000000004,-0.10000000000000001)
 (4.9000000000000004,0.10000000000000001)
 (4.9000000000000004,0.30000000000000004)
 (4.9000000000000004,0.5)
 (4.9000000000000004,0.70000000000000007)
 (4.9000000000000004,0.90000000000000002)
 (4.9000000000000004,1.1000000000000001)
 (4.9000000000000004,1.3000000000000003)
 (4.9000000000000004,1.5000000000000002)
 (4.9000000000000004,1.7000000000000002)
 (4.9000000000000004,1.9000000000000001)
 (4.9000000000000004,2.1000000000000001)
 (4.9000000000000004,2.3000000000000003)
 (4.9000000000000004,2.5000000000000004)
 (4.9000000000000004,2.7000000000000002)
 (4.9000000000000004,2.9000000000000004)
 (4.9000000000000004,3.1000000000000001)
 (4.9000000000000004,3.3000000000000003)
 (4.9000000000000004,3.5000000000000004)
 (4.9000000000000004,3.7000000000000002)
 (4.9000000000000004,3.9000000000000004)
 (4.9000000000000004,4.0999999999999996)
 (4.9000000000000004,4.2999999999999998)
 (4.9000000000000004,4.5)
 (4.9000000000000004,4.7000000000000002)
 (4.9000000000000004,4.9000000000000004)
 (5.0999999999999996,-4.7000000000000002)
 (5.0999999999999996,-4.5)
 (5.0999999999999996,-4.2999999999999998)
 (5.0999999999999996,-4.0999999999999996)
 (5.0999999999999996,-3.9000000000000004)
 (5.0999999999999996,-3.7000000000000002)
 (5.0999999999999996,-3.5000000000000004)
 (5.0999999999999996,-3.3000000000000003)
 (5.0999999999999996,-3.1000000000000001)
 (5.0999999999999996,-2.9000000000000004)
 (5.0999999999999996,-2.7000000000000002)
 (5.0999999999999996,-2.5000000000000004)
 (5.0999999999999996,-2.3000000000000003)
 (5.0999999999999996,-2.1000000000000001)
 (5.0999999999999996,-1.9000000000000001)
 (5.0999999999999996,-1.7000000000000002)
 (5.0999999999999996,-1.5000000000000002)
 (5.0999999999999996,-1.3000000000000003)
 (5.0999999999999996,-1.1000000000000001)
 (5.0999999999999996,-0.90000000000000002)
 (5.0999999999999996,-0.70000000000000007)
 (5.0999999999999996,-0.5)
 (5.0999999999999996,-0.30000000000000004)
 (5.0999999999999996,-0.10000000000000001)
 (5.0999999999999996,0.10000000000000001)
 (5.0999999999999996,0.30000000000000004)
 (5.0999999999999996,0.5)
 (5.0999999999999996,0.70000000000000007)
 (5.0999999999999996,0.90000000000000002)
 (5.0999999999999996,1.1000000000000001)
 (5.0999999999999996,1.3000000000000003)
 (5.0999999999999996,1.5000000000000002)
 (5.0999999999999996,1.7000000000000002)
 (5.0999999999999996,1.9000000000000001)
 (5.0999999999999996,2.1000000000000001)
 (5.0999999999999996,2.3000000000000003)
 (5.0999999999999996,2.5000000000000004)
 (5.0999999999999996,2.7000000000000002)
 (5.0999999999999996,2.9000000000000004)
 (5.0999999999999996,3.1000000000000001)
 (5.0999999999999996,3.3000000000000003)
 (5.0999999999999996,3.5000000000000004)
 (5.0999999999999996,3.7000000000000002)
 (5.0999999999999996,3.9000000000000004)
 (5.0999999999999996,4.0999999999999996)
 (5.0999999999999996,4.2999999999999998)
 (5.0999999999999996,4.5)
 (5.0999999999999996,4.7000000000000002)
 (5.2999999999999998,-4.5)
 (5.2999999999999998,-4.2999999999999998)
 (5.2999999999999998,-4.0999999999999996)
 (5.2999999999999998,-3.9000000000000004)
 (5.2999999999999998,-3.7000000000000002)
 (5.2999999999999998,-3.5000000000000004)
 (5.2999999999999998,-3.3000000000000003)
 (5.2999999999999998,-3.1000000000000001)
 (5.2999999999999998,-2.9000000000000004)
 (5.2999999999999998,-2.7000000000000002)
 (5.2999999999999998,-2.5000000000000004)
 (5.2999999999999998,-2.3000000000000003)
 (5.2999999999999998,-2.1000000000000001)
 (5.2999999999999998,-1.9000000000000001)
 (5.2999999999999998,-1.7000000000000002)
 (5.2999999999999998,-1.5000000000000002)
 (5.2999999999999998,-1.3000000000000003)
 (5.2999999999999998,-1.1000000000000001)
 (5.2999999999999998,-0.90000000000000002)
 (5.2999999999999998,-0.70000000000000007)
 (5.2999999999999998,-0.5)
 (5.2999999999999998,-0.30000000000000004)
 (5.2999999999999998,-0.10000000000000001)
 (5.2999999999999998,0.10000000000000001)
 (5.2999999999999998,0.30000000000000004)
 (5.2999999999999998,0.5)
 (5.2999999999999998,0.70000000000000007)
 (5.2999999999999998,0.90000000000000002)
 (5.2999999999999998,1.1000000000000001)
 (5.2999999999999998,1.3000000000000003)
 (5.2999999999999998,1.5000000000000002)
 (5.2999999999999998,1.7000000000000002)
 (5.2999999999999998,1.9000000000000001)
 (5.2999999999999998,2.1000000000000001)
 (5.2999999999999998,2.3000000000000003)
 (5.2999999999999998,2.5000000000000004)
 (5.2999999999999998,2.7000000000000002)
 (5.2999999999999998,2.9000000000000004)
 (5.2999999999999998,3.1000000000000001)
 (5.2999999999999998,3.3000000000000003)
 (5.2999999999999998,3.5000000000000004)
 (5.2999999999999998,3.7000000000000002)
 (5.2999999999999998,3.9000000000000004)
 (5.2999999999999998,4.0999999999999996)
 (5.2999999999999998,4.2999999999999998)
 (5.2999999999999998,4.5)
 (5.5,-4.2999999999999998)
 (5.5,-4.0999999999999996)
 (5.5,-3.9000000000000004)
 (5.5,-3.7000000000000002)
 (5.5,-3.5000000000000004)
 (5.5,-3.3000000000000003)
 (5.5,-3.1000000000000001)
 (5.5,-2.9000000000000004)
 (5.5,-2.7000000000000002)
 (5.5,-2.5000000000000004)
 (5.5,-2.3000000000000003)
 (5.5,-2.1000000000000001)
 (5.5,-1.9000000000000001)
 (5.5,-1.7000000000000002)
 (5.5,-1.5000000000000002)
 (5.5,-1.3000000000000003)
 (5.5,-1.1000000000000001)
 (5.5,-0.90000000000000002)
 (5.5,-0.70000000000000007)
 (5.5,-0.5)
 (5.5,-0.30000000000000004)
 (5.5,-0.10000000000000001)
 (5.5,0.10000000000000001)
 (5.5,0.30000000000000004)
 (5.5,0.5)
 (5.5,0.70000000000000007)
 (5.5,0.90000000000000002)
 (5.5,1.1000000000000001)
 (5.5,1.3000000000000003)
 (5.5,1.5000000000000002)
 (5.5,1.7000000000000002)
 (5.5,1.9000000000000001)
 (5.5,2.1000000000000001)
 (5.5,2.3000000000000003)
 (5.5,2.5000000000000004)
 (5.5,2.7000000000000002)
 (5.5,2.9000000000000004)
 (5.5,3.1000000000000001)
 (5.5,3.3000000000000003)
 (5.5,3.5000000000000004)
 (5.5,3.7000000000000002)
 (5.5,3.9000000000000004)
 (5.5,4.0999999999999996)
 (5.5,4.2999999999999998)
 (5.7000000000000002,-3.9000000000000004)
 (5.7000000000000002,-3.7000000000000002)
 (5.7000000000000002,-3.5000000000000004)
 (5.7000000000000002,-3.3000000000000003)
 (5.7000000000000002,-3.1000000000000001)
 (5.7000000000000002,-2.9000000000000004)
 (5.7000000000000002,-2.7000000000000002)
 (5.7000000000000002,-2.5000000000000004)
 (5.7000000000000002,-2.3000000000000003)
 (5.7000000000000002,-2.1000000000000001)
 (5.7000000000000002,-1.9000000000000001)
 (5.7000000000000002,-1.7000000000000002)
 (5.7000000000000002,-1.5000000000000002)
 (5.7000000000000002,-1.3000000000000003)
 (5.7000000000000002,-1.1000000000000001)
 (5.7000000000000002,-0.90000000000000002)
 (5.7000000000000002,-0.70000000000000007)
 (5.7000000000000002,-0.5)
 (5.7000000000000002,-0.30000000000000004)
 (5.7000000000000002,-0.10000000000000001)
 (5.7000000000000002,0.10000000000000001)
 (5.7000000000000002,0.30000000000000004)
 (5.7000000000000002,0.5)
 (5.7000000000000002,0.70000000000000007)
 (5.7000000000000002,0.90000000000000002)
 (5.7000000000000002,1.1000000000000001)
 (5.7000000000000002,1.3000000000000003)
 (5.7000000000000002,1.5000000000000002)
 (5.7000000000000002,1.7000000000000002)
 (5.7000000000000002,1.9000000000000001)
 (5.7000000000000002,2.1000000000000001)
 (5.7000000000000002,2.3000000000000003)
 (5.7000000000000002,2.5000000000000004)
 (5.7000000000000002,2.7000000000000002)
 (5.7000000000000002,2.9000000000000004)
 (5.7000000000000002,3.1000000000000001)
 (5.7000000000000002,3.3000000000000003)
 (5.7000000000000002,3.5000000000000004)
 (5.7000000000000002,3.7000000000000002)
 (5.7000000000000002,3.9000000000000004)
 (5.9000000000000004,-3.7000000000000002)
 (5.9000000000000004,-3.5000000000000004)
 (5.9000000000000004,-3.3000000000000003)
 (5.9000000000000004,-3.1000000000000001)
 (5.9000000000000004,-2.9000000000000004)
 (5.9000000000000004,-2.7000000000000002)
 (5.9000000000000004,-2.5000000000000004)
 (5.9000000000000004,-2.3000000000000003)
 (5.9000000000000004,-2.1000000000000001)
 (5.9000000000000004,-1.9000000000000001)
 (5.9000000000000004,-1.7000000000000002)
 (5.9000000000000004,-1.5000000000000002)
 (5.9000000000000004,-1.3000000000000003)
 (5.9000000000000004,-1.1000000000000001)
 (5.9000000000000004,-0.90000000000000002)
 (5.9000000000000004,-0.70000000000000007)
 (5.9000000000000004,-0.5)
 (5.9000000000000004,-0.30000000000000004)
 (5.9000000000000004,-0.10000000000000001)
 (5.9000000000000004,0.10000000000000001)
 (5.9000000000000004,0.30000000000000004)
 (5.9000000000000004,0.5)
 (5.9000000000000004,0.70000000000000007)
 (5.9000000000000004,0.90000000000000002)
 (5.9000000000000004,1.1000000000000001)
 (5.9000000000000004,1.3000000000000003)
 (5.9000000000000004,1.5000000000000002)
 (5.9000000000000004,1.7000000000000002)
 (5.9000000000000004,1.9000000000000001)
 (5.9000000000000004,2.1000000000000001)
 (5.9000000000000004,2.3000000000000003)
 (5.9000000000000004,2.5000000000000004)
 (5.9000000000000004,2.7000000000000002)
 (5.9000000000000004,2.9000000000000004)
 (5.9000000000000004,3.1000000000000001)
 (5.9000000000000004,3.3000000000000003)
 (5.9000000000000004,3.5000000000000004)
 (5.9000000000000004,3.7000000000000002)
 (6.0999999999999996,-3.3000000000000003)
 (6.0999999999999996,-3.1000000000000001)
 (6.0999999999999996,-2.9000000000000004)
 (6.0999999999999996,-2.7000000000000002)
 (6.0999999999999996,-2.5000000000000004)
 (6.0999999999999996,-2.3000000000000003)
 (6.0999999999999996,-2.1000000000000001)
 (6.0999999999999996,-1.9000000000000001)
 (6.0999999999999996,-1.7000000000000002)
 (6.0999999999999996,-1.5000000000000002)
 (6.0999999999999996,-1.3000000000000003)
 (6.0999999999999996,-1.1000000000000001)
 (6.0999999999999996,-0.90000000000000002)
 (6.0999999999999996,-0.70000000000000007)
 (6.0999999999999996,-0.5)
 (6.0999999999999996,-0.30000000000000004)
 (6.0999999999999996,-0.10000000000000001)
 (6.0999999999999996,0.10000000000000001)
 (6.0999999999999996,0.30000000000000004)
 (6.0999999999999996,0.5)
 (6.0999999999999996,0.70000000000000007)
 (6.0999999999999996,0.90000000000000002)
 (6.0999999999999996,1.1000000000000001)
 (6.0999999999999996,1.3000000000000003)
 (6.0999999999999996,1.5000000000000002)
 (6.0999999999999996,1.7000000000000002)
 (6.0999999999999996,1.9000000000000001)
 (6.0999999999999996,2.1000000000000001)
 (6.0999999999999996,2.3000000000000003)
 (6.0999999999999996,2.5000000000000004)
 (6.0999999999999996,2.7000000000000002)
 (6.0999999999999996,2.9000000000000004)
 (6.0999999999999996,3.1000000000000001)
 (6.0999999999999996,3.3000000000000003)
 (6.2999999999999998,-2.9000000000000004)
 (6.2999999999999998,-2.7000000000000002)
 (6.2999999999999998,-2.5000000000000004)
 (6.2999999999999998,-2.3000000000000003)
 (6.2999999999999998,-2.1000000000000001)
 (6.2999999999999998,-1.9000000000000001)
 (6.2999999999999998,-1.7000000000000002)
 (6.2999999999999998,-1.5000000000000002)
 (6.2999999999999998,-1.3000000000000003)
 (6.2999999999999998,-1.1000000000000001)
 (6.2999999999999998,-0.90000000000000002)
 (6.2999999999999998,-0.70000000000000007)
 (6.2999999999999998,-0.5)
 (6.2999999999999998,-0.30000000000000004)
 (6.2999999999999998,-0.10000000000000001)
 (6.2999999999999998,0.10000000000000001)
 (6.2999999999999998,0.30000000000000004)
 (6.2999999999999998,0.5)
 (6.2999999999999998,0.70000000000000007)
 (6.2999999999999998,0.90000000000000002)
 (6.2999999999999998,1.1000000000000001)
 (6.2999999999999998,1.3000000000000003)
 (6.2999999999999998,1.5000000000000002)
 (6.2999999999999998,1.7000000000000002)
 (6.2999999999999998,1.9000000000000001)
 (6.2999999999999998,2.1000000000000001)
 (6.2999999999999998,2.3000000000000003)
 (6.2999999999999998,2.5000000000000004)
 (6.2999999999999998,2.7000000000000002)
 (6.2999999999999998,2.9000000000000004)
 (6.5,-2.5000000000000004)
 (6.5,-2.3000000000000003)
 (6.5,-2.1000000000000001)
 (6.5,-1.9000000000000001)
 (6.5,-1.7000000000000002)
 (6.5,-1.5000000000000002)
 (6.5,-1.3000000000000003)
 (6.5,-1.1000000000000001)
 (6.5,-0.90000000000000002)
 (6.5,-0.70000000000000007)
 (6.5,-0.5)
 (6.5,-0.30000000000000004)
 (6.5,-0.10000000000000001)
 (6.5,0.10000000000000001)
 (6.5,0.30000000000000004)
 (6.5,0.5)
 (6.5,0.70000000000000007)
 (6.5,0.90000000000000002)
 (6.5,1.1000000000000001)
 (6.5,1.3000000000000003)
 (6.5,1.5000000000000002)
 (6.5,1.7000000000000002)
 (6.5,1.9000000000000001)
 (6.5,2.1000000000000001)
 (6.5,2.3000000000000003)
 (6.5,2.5000000000000004)
 (6.7000000000000002,-1.9000000000000001)
 (6.7000000000000002,-1.7000000000000002)
 (6.7000000000000002,-1.5000000000000002)
 (6.7000000000000002,-1.3000000000000003)
 (6.7000000000000002,-1.1000000000000001)
 (6.7000000000000002,-0.90000000000000002)
 (6.7000000000000002,-0.70000000000000007)
 (6.7000000000000002,-0.5)
 (6.7000000000000002,-0.30000000000000004)
 (6.7000000000000002,-0.10000000000000001)
 (6.7000000000000002,0.10000000000000001)
 (6.7000000000000002,0.30000000000000004)
 (6.7000000000000002,0.5)
 (6.7000000000000002,0.70000000000000007)
 (6.7000000000000002,0.90000000000000002)
 (6.7000000000000002,1.1000000000000001)
 (6.7000000000000002,1.3000000000000003)
 (6.7000000000000002,1.5000000000000002)
 (6.7000000000000002,1.7000000000000002)
 (6.7000000000000002,1.9000000000000001)
 (6.9000000000000004,-1.1000000000000001)
 (6.9000000000000004,-0.90000000000000002)
 (6.9000000000000004,-0.70000000000000007)
 (6.9000000000000004,-0.5)
 (6.9000000000000004,-0.30000000000000004)
 (6.9000000000000004,-0.10000000000000001)
 (6.9000000000000004,0.10000000000000001)
 (6.9000000000000004,0.30000000000000004)
 (6.9000000000000004,0.5)
 (6.9000000000000004,0.70000000000000007)
 (6.9000000000000004,0.90000000000000002)
 (6.9000000000000004,1.1000000000000001)


# name: tt
# type: matrix
# rows: 1
# columns: 72
 -7.0999999999999996 -6.9000000000000004 -6.7000000000000002 -6.5 -6.2999999999999998 -6.0999999999999996 -5.9000000000000004 -5.7000000000000002 -5.5 -5.2999999999999998 -5.0999999999999996 -4.9000000000000004 -4.7000000000000002 -4.5 -4.2999999999999998 -4.0999999999999996 -3.9000000000000004 -3.7000000000000002 -3.5000000000000004 -3.3000000000000003 -3.1000000000000001 -2.9000000000000004 -2.7000000000000002 -2.5000000000000004 -2.3000000000000003 -2.1000000000000001 -1.9000000000000001 -1.7000000000000002 -1.5000000000000002 -1.3000000000000003 -1.1000000000000001 -0.90000000000000002 -0.70000000000000007 -0.5 -0.30000000000000004 -0.10000000000000001 0.10000000000000001 0.30000000000000004 0.5 0.70000000000000007 0.90000000000000002 1.1000000000000001 1.3000000000000003 1.5000000000000002 1.7000000000000002 1.9000000000000001 2.1000000000000001 2.3000000000000003 2.5000000000000004 2.7000000000000002 2.9000000000000004 3.1000000000000001 3.3000000000000003 3.5000000000000004 3.7000000000000002 3.9000000000000004 4.0999999999999996 4.2999999999999998 4.5 4.7000000000000002 4.9000000000000004 5.0999999999999996 5.2999999999999998 5.5 5.7000000000000002 5.9000000000000004 6.0999999999999996 6.2999999999999998 6.5 6.7000000000000002 6.9000000000000004 7.0999999999999996


# name: tMAX
# type: scalar
7


